conversion_id,lead_id,converted_at,revenue
1,33554,2024-02-06,1487.74
2,9428,2024-01-21,519.2
3,200,2024-03-07,1187.7
4,12448,2024-02-22,1490.28
5,39490,2024-02-19,1456.16
6,42725,2024-01-10,980.11
7,10823,2024-03-20,844.9
8,49499,2024-01-21,519.17
9,4145,2024-03-09,1303.34
10,36959,2024-04-03,559.95
11,43107,2024-01-25,231.55
12,38696,2024-03-04,497.62
13,6189,2024-01-15,527.44
14,1415,2024-03-31,1100.25
15,18472,2024-03-21,320.75
16,29283,2024-02-08,529.95
17,15178,2024-01-20,188.75
18,34305,2024-03-05,1284.73
19,12610,2024-02-11,1109.18
20,12145,2024-02-16,701.23
21,6114,2024-02-20,690.62
22,15909,2024-01-19,316.25
23,822,2024-04-06,625.95
24,15119,2024-02-18,1367.69
25,13467,2024-01-22,276.89
26,26498,2024-03-17,1166.34
27,42112,2024-02-05,146.99
28,30189,2024-01-30,522.58
29,37238,2024-03-04,1282.65
30,33110,2024-03-24,711.88
31,36481,2024-03-24,1077.83
32,24149,2024-01-26,227.03
33,5504,2024-02-09,1050.46
34,3919,2024-02-02,1243.01
35,38479,2024-01-22,1223.45
36,21124,2024-02-21,703.2
37,49718,2024-03-05,1363.88
38,42295,2024-03-07,896.46
39,47610,2024-02-28,1241.38
40,11077,2024-01-27,383.11
41,41515,2024-03-19,378.54
42,22063,2024-03-25,1151.19
43,9414,2024-02-24,998.22
44,38341,2024-03-07,1040.36
45,30264,2024-03-14,415.93
46,41253,2024-02-07,647.46
47,14645,2024-03-13,446.9
48,26336,2024-01-13,176.74
49,28103,2024-02-25,369.6
50,17524,2024-02-24,1493.13
51,24713,2024-03-02,412.34
52,40486,2024-03-24,306.2
53,3851,2024-03-23,1069.57
54,40041,2024-02-09,935.05
55,15268,2024-03-31,1139.34
56,49147,2024-01-17,1008.22
57,30002,2024-01-18,396.65
58,45927,2024-04-05,791.29
59,43825,2024-02-17,330.83
60,17241,2024-03-25,440.02
61,4893,2024-03-13,1481.42
62,726,2024-01-31,1114.73
63,22950,2024-03-10,1191.65
64,34658,2024-04-11,122.68
65,37214,2024-03-10,622.63
66,20305,2024-03-05,868.45
67,15270,2024-01-18,292.54
68,22368,2024-03-05,1284.94
69,42685,2024-01-19,278.23
70,46735,2024-03-15,983.84
71,11733,2024-02-22,865.53
72,18620,2024-03-15,1286.02
73,48493,2024-02-03,522.77
74,26804,2024-02-20,483.4
75,44306,2024-02-11,1281.91
76,47523,2024-02-01,394.4
77,32208,2024-02-01,1139.38
78,2531,2024-02-26,351.43
79,17747,2024-02-08,1323.49
80,8271,2024-03-28,1271.47
81,15080,2024-03-15,1198.2
82,13625,2024-01-13,777.89
83,30639,2024-02-03,128.05
84,30441,2024-03-04,268.1
85,36057,2024-01-09,728.38
86,42652,2024-01-21,141.98
87,36804,2024-02-05,170.13
88,48225,2024-03-28,258.22
89,29227,2024-02-04,450.4
90,5634,2024-04-03,1144.04
91,5988,2024-03-23,148.14
92,48064,2024-02-09,1476.77
93,1813,2024-03-29,468.84
94,27579,2024-04-05,534.68
95,16824,2024-01-22,432.0
96,3929,2024-03-13,935.39
97,37287,2024-04-09,107.59
98,25046,2024-03-07,212.87
99,15728,2024-03-29,220.26
100,29601,2024-02-10,1023.64
101,10431,2024-02-04,547.92
102,25769,2024-03-02,701.24
103,29104,2024-02-15,1428.96
104,36538,2024-01-12,364.06
105,39329,2024-03-17,179.68
106,35540,2024-03-24,706.82
107,28076,2024-01-15,312.98
108,17841,2024-01-29,285.41
109,27803,2024-01-30,662.39
110,7683,2024-01-20,1030.9
111,24280,2024-01-14,424.85
112,33071,2024-03-10,1323.87
113,35558,2024-03-08,594.68
114,37190,2024-03-02,1406.35
115,47150,2024-01-14,779.2
116,46916,2024-01-05,1111.97
117,9802,2024-03-07,1285.6
118,38801,2024-02-21,832.2
119,24670,2024-03-05,1287.46
120,44234,2024-02-24,616.73
121,31920,2024-02-07,596.03
122,7135,2024-01-31,1207.57
123,33705,2024-01-31,422.6
124,29661,2024-02-20,1098.19
125,17894,2024-01-25,189.46
126,22019,2024-02-07,982.59
127,13539,2024-03-03,1417.51
128,43119,2024-01-16,728.18
129,36421,2024-02-11,670.67
130,9406,2024-03-29,847.57
131,13414,2024-03-29,1101.78
132,6721,2024-03-20,589.55
133,15602,2024-03-05,80.18
134,44744,2024-02-18,792.96
135,31139,2024-03-31,675.37
136,2730,2024-04-03,836.44
137,38243,2024-02-20,1095.74
138,29626,2024-03-08,482.42
139,47895,2024-02-17,797.47
140,42091,2024-03-23,439.81
141,36400,2024-02-03,732.27
142,6245,2024-02-24,569.25
143,5546,2024-02-19,604.04
144,4065,2024-03-01,902.69
145,12852,2024-03-29,1059.25
146,21803,2024-04-01,97.98
147,41164,2024-01-31,1324.83
148,6233,2024-02-08,597.36
149,3863,2024-02-08,993.93
150,35095,2024-02-22,253.8
151,40196,2024-02-12,891.47
152,39251,2024-03-26,1043.41
153,6218,2024-01-20,303.56
154,36776,2024-03-01,1375.26
155,42977,2024-02-13,1155.6
156,48468,2024-04-10,838.17
157,14832,2024-02-26,315.81
158,30093,2024-03-22,1309.08
159,8894,2024-02-10,177.45
160,6021,2024-03-19,243.54
161,46089,2024-03-11,1071.41
162,15243,2024-01-18,440.48
163,45308,2024-01-12,732.23
164,26551,2024-02-24,845.25
165,6035,2024-03-01,730.69
166,7906,2024-03-16,199.13
167,32226,2024-04-03,1127.21
168,6018,2024-02-02,420.79
169,21880,2024-02-28,1128.71
170,2792,2024-02-19,1308.71
171,42606,2024-02-27,841.65
172,5824,2024-02-14,1083.05
173,15388,2024-03-18,132.45
174,29562,2024-01-22,132.18
175,39476,2024-01-08,359.97
176,293,2024-02-29,588.9
177,16958,2024-03-03,339.55
178,30861,2024-02-10,981.64
179,14074,2024-03-08,473.18
180,21857,2024-02-25,1280.97
181,22080,2024-03-05,876.06
182,17024,2024-01-18,616.87
183,8740,2024-02-15,1348.17
184,15826,2024-03-27,1256.28
185,2742,2024-02-27,1244.45
186,18049,2024-02-12,1114.26
187,49937,2024-03-03,952.18
188,17373,2024-03-10,600.89
189,22022,2024-03-25,680.09
190,46365,2024-03-21,998.92
191,23538,2024-03-18,325.48
192,45500,2024-02-16,1255.5
193,40186,2024-01-07,1412.91
194,9614,2024-02-15,219.14
195,43282,2024-04-04,111.89
196,37892,2024-01-13,282.63
197,26179,2024-01-24,1159.06
198,45893,2024-01-10,233.11
199,20934,2024-02-26,608.59
200,40972,2024-02-10,169.64
201,22225,2024-03-21,694.23
202,24382,2024-02-16,937.48
203,34856,2024-01-21,972.48
204,48578,2024-01-07,816.86
205,38537,2024-02-12,1412.11
206,31756,2024-03-31,834.21
207,7754,2024-01-15,1300.12
208,46639,2024-01-18,1490.1
209,43835,2024-04-01,406.24
210,26236,2024-03-03,457.06
211,44230,2024-03-26,821.05
212,49597,2024-03-16,338.98
213,18553,2024-01-25,881.06
214,43137,2024-01-10,1051.83
215,36673,2024-03-14,165.76
216,43650,2024-04-08,1047.58
217,3941,2024-03-11,306.44
218,31497,2024-01-27,505.03
219,26594,2024-03-20,1129.11
220,23922,2024-02-03,312.3
221,26403,2024-02-20,834.99
222,45943,2024-02-25,916.63
223,48526,2024-02-03,313.39
224,18316,2024-01-30,470.19
225,36894,2024-03-07,941.18
226,26696,2024-01-04,734.9
227,42128,2024-02-13,1017.17
228,14171,2024-03-24,1293.7
229,3733,2024-03-18,271.75
230,7882,2024-03-20,180.3
231,6017,2024-02-01,1026.75
232,23030,2024-01-27,1174.31
233,35474,2024-03-06,718.02
234,49686,2024-03-20,639.35
235,4818,2024-03-17,927.42
236,41694,2024-02-29,863.06
237,12008,2024-02-26,776.04
238,41328,2024-03-09,1242.56
239,9507,2024-01-24,326.37
240,44799,2024-01-15,1047.32
241,34063,2024-03-09,1132.7
242,27475,2024-01-27,1359.85
243,31144,2024-04-04,1422.04
244,21236,2024-03-02,801.17
245,1391,2024-03-25,695.77
246,38250,2024-02-11,795.55
247,37625,2024-03-04,1120.26
248,42029,2024-01-21,104.38
249,20835,2024-02-22,327.28
250,14758,2024-01-16,1368.89
251,26397,2024-04-02,357.52
252,6809,2024-01-02,404.45
253,9226,2024-03-17,1414.04
254,48395,2024-01-19,497.88
255,5396,2024-01-19,492.43
256,6944,2024-03-25,1391.67
257,23871,2024-01-16,612.62
258,32493,2024-02-18,781.4
259,36346,2024-01-17,875.78
260,10756,2024-02-28,1312.96
261,12302,2024-02-01,190.15
262,48387,2024-01-17,450.42
263,42746,2024-01-22,913.55
264,29090,2024-01-20,697.15
265,44713,2024-02-04,475.16
266,14344,2024-01-28,661.69
267,38173,2024-01-11,1452.06
268,5072,2024-01-07,109.87
269,24122,2024-03-25,288.7
270,48810,2024-03-22,106.49
271,17821,2024-02-03,922.62
272,1123,2024-04-03,98.37
273,11265,2024-01-31,724.7
274,30580,2024-01-12,1300.06
275,45465,2024-03-26,218.03
276,48217,2024-02-13,598.55
277,43045,2024-04-01,616.76
278,15657,2024-02-21,594.4
279,1901,2024-01-25,1113.0
280,148,2024-04-07,86.26
281,29643,2024-02-11,1187.55
282,3212,2024-02-14,1271.44
283,43851,2024-03-07,692.68
284,2355,2024-01-31,1339.76
285,31521,2024-02-07,621.08
286,42584,2024-01-16,1066.51
287,43338,2024-02-20,632.13
288,45285,2024-02-10,133.74
289,46957,2024-04-07,198.47
290,48791,2024-03-04,707.71
291,36586,2024-03-19,1485.94
292,10466,2024-02-18,332.13
293,7822,2024-02-14,1351.73
294,7206,2024-01-31,1385.54
295,6414,2024-01-14,661.7
296,34047,2024-01-04,735.79
297,12729,2024-03-19,794.01
298,6926,2024-02-29,1173.98
299,27996,2024-02-19,255.69
300,37613,2024-02-04,546.66
301,39484,2024-03-19,322.4
302,3017,2024-03-20,1327.35
303,1641,2024-02-06,180.14
304,8884,2024-01-26,1141.74
305,37602,2024-01-20,704.43
306,12970,2024-01-11,1094.74
307,23464,2024-01-07,1343.65
308,15758,2024-01-11,562.32
309,44077,2024-02-01,402.34
310,4087,2024-03-02,1003.31
311,509,2024-02-02,1496.49
312,6355,2024-02-19,1115.9
313,29645,2024-01-25,1209.78
314,20816,2024-02-08,974.4
315,6235,2024-02-02,602.82
316,31990,2024-03-22,1009.59
317,12996,2024-01-19,262.54
318,42502,2024-02-29,774.12
319,38921,2024-02-11,893.74
320,263,2024-03-02,1367.58
321,7892,2024-01-16,1386.0
322,10528,2024-03-08,165.38
323,18601,2024-03-16,977.27
324,24115,2024-03-12,1210.87
325,33499,2024-01-13,841.76
326,13472,2024-03-29,215.85
327,31726,2024-02-26,410.48
328,23691,2024-02-26,525.37
329,10558,2024-01-21,1021.18
330,6557,2024-01-15,173.12
331,45578,2024-02-02,860.46
332,41504,2024-02-20,234.69
333,27873,2024-03-18,641.07
334,10811,2024-03-01,684.29
335,38215,2024-02-26,721.61
336,11731,2024-02-09,1089.43
337,27439,2024-02-19,195.3
338,21780,2024-04-04,460.9
339,34080,2024-03-31,990.4
340,22916,2024-02-07,1419.86
341,8086,2024-04-02,961.53
342,43468,2024-04-01,1334.38
343,14710,2024-04-06,1455.14
344,15467,2024-01-14,1335.14
345,37173,2024-03-04,1460.53
346,28749,2024-01-24,1183.4
347,3105,2024-01-24,1339.76
348,709,2024-02-28,777.86
349,38386,2024-02-03,570.52
350,23445,2024-03-31,1499.59
351,26511,2024-02-09,218.82
352,8467,2024-02-28,1440.64
353,6231,2024-04-09,691.84
354,46359,2024-03-04,111.78
355,39358,2024-03-08,1220.28
356,16387,2024-02-22,710.79
357,34166,2024-02-22,1214.13
358,4169,2024-02-21,143.64
359,5804,2024-03-27,1463.29
360,12754,2024-02-13,1032.87
361,2190,2024-01-22,148.15
362,12188,2024-01-15,86.6
363,31728,2024-04-05,923.48
364,19246,2024-04-05,1466.63
365,37867,2024-03-15,824.08
366,43515,2024-03-10,582.53
367,8719,2024-03-02,1413.27
368,28825,2024-01-30,1477.21
369,24469,2024-02-09,1193.97
370,48253,2024-02-24,1099.44
371,7202,2024-02-10,82.93
372,9283,2024-01-09,525.43
373,26821,2024-02-08,1393.75
374,27374,2024-02-02,602.75
375,22493,2024-03-22,555.1
376,45638,2024-03-16,842.8
377,45880,2024-02-23,715.86
378,29340,2024-02-16,1299.49
379,46548,2024-01-17,196.01
380,10804,2024-03-09,1015.42
381,20965,2024-02-13,1070.01
382,30033,2024-03-20,1329.76
383,5223,2024-03-12,670.41
384,660,2024-01-31,498.91
385,33246,2024-01-29,969.72
386,5866,2024-02-08,1109.39
387,48872,2024-03-18,322.79
388,22986,2024-04-03,304.59
389,28881,2024-01-20,454.32
390,47088,2024-04-08,432.04
391,26528,2024-02-17,1145.93
392,9648,2024-02-29,833.6
393,49546,2024-01-23,857.86
394,32375,2024-03-02,100.88
395,26159,2024-03-15,1491.85
396,11712,2024-02-15,1258.3
397,27239,2024-01-18,710.0
398,18354,2024-03-04,174.97
399,49515,2024-03-01,1065.89
400,21725,2024-01-21,839.77
401,25925,2024-03-03,1042.11
402,41390,2024-03-20,1042.16
403,4773,2024-03-04,299.72
404,35205,2024-03-24,546.91
405,27879,2024-03-24,105.22
406,5875,2024-02-09,1474.81
407,17805,2024-04-08,1225.18
408,34224,2024-02-19,1398.91
409,7842,2024-03-22,142.67
410,15923,2024-03-08,790.49
411,28367,2024-03-07,1141.36
412,12084,2024-03-30,227.26
413,20034,2024-02-25,1183.46
414,14488,2024-03-28,999.45
415,20819,2024-01-03,1478.64
416,37518,2024-03-17,280.03
417,44236,2024-02-26,973.57
418,48651,2024-02-09,1424.93
419,36236,2024-02-17,1136.01
420,21070,2024-01-23,557.33
421,9524,2024-03-10,249.34
422,32756,2024-01-19,1448.55
423,12054,2024-03-05,182.1
424,23594,2024-02-22,1464.74
425,8038,2024-04-01,510.99
426,46977,2024-01-25,1301.64
427,16400,2024-01-09,867.12
428,45786,2024-02-27,1375.88
429,34616,2024-03-27,685.8
430,7625,2024-02-05,1286.72
431,13662,2024-01-31,418.51
432,37737,2024-02-17,742.77
433,26542,2024-03-10,1281.75
434,13268,2024-01-20,248.07
435,18083,2024-04-04,1114.66
436,48086,2024-03-20,700.36
437,42768,2024-01-13,808.77
438,4071,2024-03-27,902.23
439,16287,2024-01-09,471.44
440,1119,2024-01-05,216.85
441,10075,2024-01-12,106.5
442,11374,2024-01-15,691.91
443,32685,2024-02-14,461.8
444,46434,2024-02-12,978.76
445,25350,2024-03-23,1096.63
446,6716,2024-02-01,795.32
447,34568,2024-01-23,958.93
448,1031,2024-03-28,876.26
449,22754,2024-03-03,86.5
450,11762,2024-02-09,1275.22
451,35897,2024-02-16,164.58
452,14493,2024-02-15,662.68
453,25086,2024-03-20,237.65
454,20396,2024-03-18,1020.49
455,4814,2024-02-04,542.33
456,8995,2024-02-01,181.04
457,49692,2024-03-17,144.4
458,21375,2024-02-10,416.74
459,30243,2024-02-15,1027.52
460,47579,2024-01-28,1099.87
461,1165,2024-03-11,262.37
462,24811,2024-01-17,277.54
463,21110,2024-01-19,922.38
464,3698,2024-02-08,1439.32
465,11439,2024-03-20,865.13
466,4470,2024-04-09,1090.67
467,9808,2024-02-02,897.09
468,47768,2024-03-21,228.87
469,6749,2024-01-30,1423.98
470,49185,2024-03-16,182.22
471,17379,2024-04-11,1159.02
472,36885,2024-03-17,1470.68
473,13357,2024-01-20,532.98
474,32405,2024-01-17,323.71
475,42455,2024-03-26,883.97
476,46066,2024-03-11,1208.99
477,11539,2024-01-11,1428.25
478,2009,2024-02-06,1065.02
479,3222,2024-03-19,556.94
480,44997,2024-01-09,781.97
481,18763,2024-03-10,1160.9
482,14166,2024-02-23,1198.86
483,40684,2024-02-09,185.7
484,25081,2024-02-19,951.51
485,1823,2024-01-27,1453.67
486,44662,2024-02-01,1195.06
487,6849,2024-01-25,90.4
488,12636,2024-03-11,399.42
489,37669,2024-03-14,711.91
490,6096,2024-01-18,1082.9
491,39249,2024-03-12,868.45
492,10578,2024-02-26,189.81
493,31075,2024-02-02,1128.34
494,29113,2024-04-09,1270.97
495,10193,2024-01-27,372.18
496,315,2024-04-02,175.74
497,11450,2024-03-05,1203.16
498,30746,2024-03-14,989.43
499,29703,2024-03-16,1220.98
500,27659,2024-02-14,884.57
501,23686,2024-03-18,688.52
502,28376,2024-02-15,1447.57
503,3086,2024-01-26,1187.54
504,49372,2024-03-14,664.92
505,3752,2024-03-02,1368.68
506,5049,2024-03-15,1490.77
507,29187,2024-02-03,517.7
508,30709,2024-02-22,1347.32
509,20147,2024-03-19,144.46
510,32250,2024-03-11,384.38
511,4970,2024-02-21,308.5
512,30526,2024-03-15,586.36
513,18495,2024-02-15,878.92
514,38065,2024-04-08,1102.37
515,41837,2024-03-31,1361.98
516,32753,2024-03-27,305.14
517,20074,2024-02-19,901.16
518,26274,2024-01-11,867.66
519,13650,2024-02-03,731.03
520,25534,2024-03-21,1066.31
521,17522,2024-01-11,808.97
522,25481,2024-04-04,861.27
523,48235,2024-02-23,1362.73
524,48788,2024-04-06,1301.59
525,32390,2024-03-10,899.81
526,5087,2024-03-14,301.82
527,17253,2024-02-25,1441.36
528,4040,2024-03-11,964.23
529,18387,2024-03-01,1226.61
530,4247,2024-04-07,158.13
531,18628,2024-03-09,1353.49
532,880,2024-03-08,1064.76
533,23299,2024-03-04,1053.3
534,29753,2024-02-22,236.36
535,30173,2024-02-15,1092.27
536,28560,2024-02-29,188.82
537,18864,2024-02-03,159.27
538,43344,2024-03-07,541.99
539,34211,2024-01-16,112.9
540,26084,2024-01-07,306.67
541,1942,2024-02-26,1111.1
542,22226,2024-04-12,1265.59
543,44692,2024-04-06,334.92
544,43240,2024-02-20,1249.08
545,23860,2024-03-06,762.35
546,14159,2024-02-17,1440.21
547,33876,2024-01-08,277.82
548,48105,2024-01-27,156.06
549,23450,2024-03-17,1280.01
550,6624,2024-01-15,594.02
551,38265,2024-02-17,729.18
552,26242,2024-01-14,806.75
553,47592,2024-02-21,1251.74
554,24156,2024-03-17,187.92
555,32059,2024-03-10,862.6
556,9332,2024-02-28,691.41
557,43565,2024-01-19,563.2
558,3494,2024-02-04,574.35
559,4879,2024-03-30,1401.08
560,47063,2024-04-06,460.72
561,999,2024-02-03,725.56
562,37087,2024-03-12,779.78
563,36438,2024-02-05,1102.21
564,34750,2024-03-08,816.96
565,28617,2024-02-13,962.15
566,37096,2024-03-02,646.34
567,22811,2024-01-16,1100.44
568,7143,2024-03-08,741.51
569,21559,2024-02-17,396.25
570,9936,2024-03-30,1240.04
571,4789,2024-02-23,1166.94
572,30511,2024-03-18,971.04
573,31190,2024-03-28,821.17
574,20084,2024-02-21,376.06
575,10824,2024-01-31,1313.06
576,673,2024-02-04,218.01
577,15595,2024-01-25,624.12
578,43049,2024-01-21,1290.64
579,21912,2024-02-27,925.7
580,11869,2024-02-10,702.84
581,34691,2024-03-17,1203.73
582,11322,2024-03-03,1485.11
583,44212,2024-02-22,348.12
584,24615,2024-02-28,152.04
585,12006,2024-03-08,737.44
586,3940,2024-02-21,488.1
587,4614,2024-02-07,1026.79
588,36760,2024-03-24,781.85
589,31459,2024-03-10,788.58
590,44953,2024-03-19,584.07
591,4348,2024-02-04,379.16
592,39328,2024-03-28,383.11
593,49923,2024-03-04,629.5
594,22394,2024-02-17,1048.21
595,3157,2024-03-09,558.75
596,29918,2024-03-24,542.94
597,37224,2024-01-25,683.5
598,13479,2024-03-11,1487.02
599,13872,2024-04-05,209.55
600,38556,2024-04-09,498.41
601,25330,2024-03-19,494.64
602,44685,2024-04-03,1463.79
603,986,2024-03-18,658.19
604,37140,2024-04-08,885.1
605,35034,2024-01-24,361.35
606,23731,2024-03-26,98.05
607,7531,2024-01-23,561.76
608,44395,2024-04-10,987.43
609,32949,2024-03-02,1061.99
610,30878,2024-01-25,1150.5
611,29931,2024-02-04,1302.14
612,23416,2024-02-14,244.18
613,6060,2024-01-19,197.57
614,23680,2024-01-21,1198.51
615,15941,2024-04-06,698.77
616,6949,2024-02-26,1424.91
617,30096,2024-02-01,1419.75
618,41340,2024-03-06,281.15
619,49599,2024-02-21,1061.54
620,33184,2024-02-15,175.29
621,16581,2024-04-09,652.84
622,1389,2024-03-28,1275.23
623,21351,2024-02-15,734.56
624,49751,2024-03-26,127.73
625,34432,2024-03-16,421.27
626,24455,2024-03-19,202.65
627,40360,2024-04-02,659.69
628,18578,2024-03-08,1069.31
629,33452,2024-04-07,1017.71
630,47853,2024-02-05,1100.89
631,5,2024-02-13,625.02
632,29183,2024-02-06,456.7
633,8231,2024-02-05,160.84
634,5947,2024-03-28,1417.04
635,7823,2024-01-20,247.96
636,19487,2024-03-05,333.11
637,15385,2024-01-08,115.5
638,41100,2024-03-16,530.38
639,18184,2024-04-03,1242.76
640,27162,2024-03-29,551.79
641,11646,2024-02-21,1025.7
642,24391,2024-03-14,1451.07
643,4851,2024-01-06,1347.39
644,47436,2024-04-05,335.56
645,42207,2024-02-15,590.07
646,45341,2024-02-01,1146.62
647,28170,2024-04-12,1468.28
648,3420,2024-04-03,1096.63
649,42591,2024-03-28,438.14
650,38735,2024-04-12,268.61
651,36720,2024-03-27,783.13
652,29498,2024-03-11,353.99
653,4363,2024-02-04,403.21
654,4029,2024-01-19,980.89
655,3427,2024-04-03,811.07
656,20269,2024-03-17,251.38
657,20058,2024-01-17,298.22
658,11479,2024-01-25,107.6
659,47945,2024-03-13,391.92
660,29393,2024-03-28,1339.98
661,29047,2024-02-27,1206.11
662,8565,2024-02-28,668.99
663,39507,2024-01-09,1133.55
664,49805,2024-03-18,657.9
665,25450,2024-02-26,1204.79
666,34922,2024-02-20,338.36
667,30478,2024-01-20,296.57
668,13520,2024-01-26,190.68
669,34008,2024-03-11,423.37
670,21316,2024-03-07,287.77
671,42425,2024-01-09,1214.07
672,48901,2024-01-30,420.76
673,47633,2024-02-03,813.01
674,49789,2024-02-03,1153.8
675,44232,2024-01-30,1041.45
676,10724,2024-03-18,370.52
677,13155,2024-02-27,189.44
678,13763,2024-02-07,1374.7
679,42812,2024-04-07,963.23
680,30804,2024-02-04,1083.32
681,36261,2024-02-09,628.14
682,21437,2024-01-10,423.08
683,25971,2024-02-13,833.48
684,32204,2024-03-02,190.59
685,7181,2024-03-31,1215.97
686,41281,2024-01-13,1009.4
687,28087,2024-01-30,1161.52
688,13702,2024-01-30,888.35
689,1004,2024-03-30,900.63
690,9059,2024-02-27,932.53
691,44235,2024-02-04,1193.51
692,25675,2024-02-11,400.05
693,45056,2024-04-13,1047.78
694,35144,2024-03-26,864.84
695,38163,2024-02-01,783.05
696,22477,2024-01-11,848.09
697,23007,2024-02-04,466.52
698,45344,2024-03-03,132.65
699,36128,2024-02-06,1158.01
700,49710,2024-01-14,1380.97
701,13099,2024-01-11,762.68
702,37196,2024-02-23,1269.82
703,4108,2024-01-15,868.46
704,41336,2024-03-14,1401.03
705,25223,2024-02-02,801.95
706,35840,2024-01-10,370.89
707,29719,2024-03-02,1315.56
708,46953,2024-03-03,1216.39
709,29828,2024-02-23,645.18
710,17543,2024-03-02,1275.51
711,24916,2024-03-27,92.85
712,4514,2024-02-18,1215.64
713,19937,2024-02-01,1057.02
714,46525,2024-04-05,619.14
715,24511,2024-02-27,1204.05
716,27442,2024-02-03,259.86
717,12002,2024-01-24,368.71
718,23354,2024-02-20,837.68
719,27293,2024-03-20,1331.06
720,34204,2024-01-24,264.75
721,12148,2024-04-01,881.26
722,15292,2024-02-16,1149.45
723,46880,2024-03-23,1135.56
724,8691,2024-03-10,971.7
725,12654,2024-02-18,1416.11
726,31470,2024-03-28,764.63
727,2955,2024-02-29,1329.95
728,3004,2024-02-16,959.81
729,15814,2024-02-09,1127.2
730,6657,2024-02-09,740.06
731,12774,2024-03-05,318.02
732,39531,2024-04-12,234.92
733,34408,2024-02-15,1048.91
734,8837,2024-03-26,614.6
735,14618,2024-01-13,885.83
736,22836,2024-01-15,1139.39
737,15981,2024-02-01,1196.8
738,37916,2024-03-29,803.72
739,1571,2024-01-30,526.59
740,35908,2024-03-03,1181.75
741,26090,2024-01-22,669.79
742,20914,2024-03-21,1410.16
743,9958,2024-02-25,1250.89
744,18276,2024-02-06,1140.62
745,15432,2024-02-11,422.57
746,23494,2024-02-27,595.12
747,15790,2024-02-08,1285.55
748,35780,2024-02-05,112.86
749,11981,2024-02-21,1189.69
750,44906,2024-03-08,653.9
751,35763,2024-02-25,1215.08
752,27093,2024-01-20,864.4
753,46835,2024-02-09,828.07
754,33438,2024-02-20,1076.26
755,47381,2024-02-28,1224.99
756,1591,2024-01-09,1064.71
757,26756,2024-01-19,720.01
758,21759,2024-02-24,535.59
759,3002,2024-04-01,1280.79
760,44112,2024-02-22,819.5
761,43520,2024-03-03,1192.51
762,629,2024-01-31,1493.92
763,20737,2024-04-06,994.32
764,11903,2024-03-31,475.25
765,6367,2024-03-08,1309.09
766,17133,2024-02-03,468.62
767,9479,2024-01-28,449.77
768,41871,2024-02-26,184.99
769,12933,2024-04-06,191.56
770,13642,2024-02-23,1304.5
771,19627,2024-03-30,407.64
772,9952,2024-02-29,234.34
773,28963,2024-02-16,580.67
774,28446,2024-03-02,1093.23
775,19699,2024-01-28,562.28
776,44224,2024-01-14,519.18
777,2997,2024-02-24,773.05
778,13638,2024-01-25,110.1
779,22471,2024-01-09,777.32
780,36087,2024-04-05,1485.83
781,28918,2024-01-23,1215.08
782,17650,2024-03-19,180.1
783,27956,2024-02-19,1009.85
784,2855,2024-01-24,734.78
785,13390,2024-03-29,1253.27
786,13049,2024-02-16,219.91
787,22333,2024-02-20,410.47
788,30578,2024-02-06,1203.42
789,34735,2024-02-20,1285.86
790,19539,2024-02-09,831.63
791,39587,2024-01-28,107.97
792,5573,2024-02-17,1349.08
793,47751,2024-03-05,623.53
794,30964,2024-03-21,136.35
795,35496,2024-01-28,1242.71
796,20263,2024-01-30,673.66
797,44660,2024-03-05,349.79
798,21746,2024-03-20,1218.24
799,47249,2024-01-02,729.96
800,36228,2024-03-27,943.09
801,28787,2024-01-21,1248.83
802,35620,2024-03-29,821.84
803,46000,2024-02-10,236.88
804,49513,2024-03-08,1448.54
805,44515,2024-03-13,486.89
806,28684,2024-03-23,1491.83
807,31549,2024-04-02,88.55
808,31965,2024-02-06,766.98
809,9434,2024-01-30,1081.01
810,22374,2024-01-11,1366.95
811,21623,2024-03-24,1188.08
812,12452,2024-04-06,442.99
813,11800,2024-02-17,425.49
814,31389,2024-02-24,586.35
815,20769,2024-02-08,236.97
816,4829,2024-04-01,1030.79
817,14590,2024-03-25,1416.59
818,1508,2024-01-04,991.79
819,18613,2024-03-12,837.39
820,19303,2024-01-10,794.76
821,38310,2024-02-24,921.51
822,1739,2024-02-25,1089.07
823,35876,2024-02-15,1208.9
824,47068,2024-01-26,1071.62
825,5115,2024-02-21,1081.15
826,24907,2024-02-18,1431.46
827,7636,2024-01-03,1357.07
828,14399,2024-02-24,1249.97
829,36171,2024-02-28,141.57
830,9184,2024-03-10,1029.79
831,36797,2024-01-20,726.07
832,37623,2024-04-10,956.99
833,1656,2024-01-13,1054.52
834,4327,2024-03-23,1094.81
835,27378,2024-03-17,1314.59
836,19045,2024-02-21,1372.19
837,44329,2024-02-19,941.7
838,9662,2024-01-17,1349.71
839,15915,2024-03-30,1165.76
840,25467,2024-04-03,367.87
841,13611,2024-02-04,130.14
842,11671,2024-02-02,94.04
843,1220,2024-03-18,913.0
844,38864,2024-03-03,820.66
845,12558,2024-02-24,1068.84
846,39144,2024-01-27,1276.82
847,35509,2024-02-21,313.51
848,11853,2024-02-01,1296.13
849,13239,2024-02-21,219.28
850,29951,2024-01-24,1334.21
851,27985,2024-01-26,1287.69
852,22091,2024-02-20,1069.68
853,48990,2024-02-16,506.04
854,40640,2024-03-21,212.65
855,28912,2024-01-14,1184.88
856,8571,2024-01-23,389.39
857,38432,2024-03-19,706.13
858,40526,2024-04-05,833.82
859,35550,2024-01-29,1053.33
860,29488,2024-03-06,772.16
861,26038,2024-02-17,1066.24
862,19371,2024-02-10,1235.93
863,44735,2024-02-06,1092.55
864,6916,2024-02-21,505.29
865,14999,2024-02-06,1349.89
866,16751,2024-01-14,861.81
867,29960,2024-03-21,740.83
868,28857,2024-01-15,896.57
869,38912,2024-04-03,766.17
870,5844,2024-03-25,1152.26
871,15770,2024-02-21,677.34
872,27099,2024-02-14,1182.95
873,34727,2024-02-26,1159.42
874,20931,2024-01-24,473.16
875,12314,2024-03-25,216.24
876,8294,2024-02-09,1288.36
877,49409,2024-02-11,319.87
878,22320,2024-03-27,124.28
879,20487,2024-01-10,651.3
880,22611,2024-02-08,440.89
881,12466,2024-03-25,392.91
882,41513,2024-01-28,324.69
883,48610,2024-02-27,1143.86
884,17673,2024-03-31,1192.46
885,8566,2024-03-28,145.87
886,42906,2024-02-29,856.47
887,33295,2024-02-28,271.91
888,12929,2024-01-21,789.37
889,8384,2024-01-22,574.06
890,26547,2024-03-07,366.58
891,21161,2024-03-12,1426.24
892,25332,2024-01-15,1438.58
893,417,2024-02-25,880.84
894,38314,2024-02-03,347.03
895,40759,2024-04-02,908.24
896,1407,2024-02-01,1398.47
897,27989,2024-02-09,616.42
898,20658,2024-03-31,275.59
899,46982,2024-02-20,1065.04
900,29902,2024-01-23,1011.9
901,32870,2024-02-05,81.97
902,21614,2024-01-16,1292.12
903,18693,2024-02-29,1018.26
904,14463,2024-03-22,357.89
905,13530,2024-03-12,84.6
906,29805,2024-02-25,1460.67
907,1445,2024-02-05,1151.65
908,18219,2024-02-12,598.37
909,45064,2024-03-26,694.56
910,30647,2024-01-19,845.18
911,49168,2024-02-20,1100.45
912,39990,2024-03-14,325.56
913,44756,2024-02-26,357.94
914,48346,2024-01-31,148.54
915,42970,2024-04-06,1479.83
916,20420,2024-01-22,1323.31
917,10897,2024-02-01,865.2
918,45621,2024-03-12,690.99
919,36350,2024-04-04,417.16
920,19313,2024-01-30,924.88
921,5583,2024-03-11,1060.52
922,6683,2024-01-23,1058.64
923,30680,2024-01-12,89.14
924,28389,2024-04-01,1076.9
925,6848,2024-01-31,1310.25
926,15982,2024-02-16,243.18
927,33676,2024-01-16,1152.64
928,47504,2024-01-10,1249.0
929,7566,2024-03-05,472.16
930,20729,2024-04-03,1091.19
931,7412,2024-02-02,217.39
932,25355,2024-02-25,1001.88
933,47739,2024-02-04,804.67
934,9759,2024-03-11,1286.79
935,9768,2024-03-09,721.79
936,7134,2024-03-23,687.9
937,28594,2024-02-02,1405.97
938,41210,2024-03-13,1406.66
939,23112,2024-02-11,130.71
940,44347,2024-03-11,769.5
941,22810,2024-03-02,308.56
942,20508,2024-03-16,468.66
943,45706,2024-02-03,1025.92
944,21762,2024-01-20,263.59
945,21496,2024-01-18,96.0
946,11505,2024-02-13,1112.52
947,32457,2024-02-18,990.71
948,44210,2024-03-22,1361.78
949,43813,2024-03-21,850.08
950,18265,2024-02-05,1422.37
951,41115,2024-03-26,945.22
952,20035,2024-02-20,629.75
953,10076,2024-02-26,944.02
954,37297,2024-01-28,1143.84
955,14277,2024-02-09,573.51
956,35781,2024-03-08,608.99
957,16871,2024-01-22,974.51
958,4230,2024-03-12,726.94
959,49030,2024-03-01,828.3
960,168,2024-04-01,1474.56
961,14447,2024-02-29,142.16
962,36717,2024-01-09,1000.02
963,36165,2024-03-31,1390.5
964,14474,2024-02-25,415.42
965,44427,2024-03-13,381.08
966,46117,2024-04-08,595.46
967,30626,2024-01-15,185.19
968,9961,2024-02-23,875.6
969,38723,2024-01-20,996.55
970,28345,2024-01-08,1244.24
971,16438,2024-04-03,173.97
972,8854,2024-03-25,699.38
973,17364,2024-03-25,1193.57
974,4581,2024-01-21,1170.99
975,47304,2024-02-28,184.57
976,44680,2024-03-12,96.18
977,15193,2024-02-14,1192.33
978,31448,2024-02-05,275.93
979,5526,2024-03-03,900.46
980,39228,2024-02-20,213.83
981,3468,2024-01-31,499.63
982,15074,2024-01-08,304.41
983,48706,2024-02-16,1125.68
984,13610,2024-02-18,1035.27
985,18786,2024-02-15,272.13
986,39758,2024-03-09,164.25
987,24217,2024-03-25,742.2
988,33986,2024-03-06,357.68
989,11626,2024-01-14,91.56
990,12137,2024-03-29,455.27
991,12629,2024-01-10,385.65
992,28348,2024-03-22,1052.64
993,43512,2024-02-01,1302.43
994,5873,2024-02-06,417.45
995,48244,2024-04-09,396.73
996,33982,2024-03-11,630.63
997,31261,2024-02-11,325.03
998,12293,2024-03-07,1424.48
999,42287,2024-04-11,425.81
1000,13665,2024-01-25,212.53
1001,12951,2024-02-06,870.78
1002,31757,2024-04-03,843.42
1003,14514,2024-03-09,977.32
1004,20458,2024-03-09,1452.72
1005,41547,2024-02-01,539.35
1006,851,2024-03-14,590.59
1007,34768,2024-01-13,558.6
1008,24913,2024-03-31,972.65
1009,17970,2024-03-10,937.78
1010,28377,2024-03-14,830.91
1011,9890,2024-01-19,597.34
1012,46456,2024-04-07,687.26
1013,38500,2024-01-18,1205.36
1014,16248,2024-02-09,945.13
1015,8787,2024-02-27,1097.16
1016,35430,2024-03-26,472.96
1017,19104,2024-04-04,1374.32
1018,44143,2024-03-12,129.93
1019,14787,2024-02-24,925.89
1020,18217,2024-02-29,1233.54
1021,29737,2024-03-06,1310.13
1022,18195,2024-01-05,533.76
1023,42356,2024-01-28,732.85
1024,20186,2024-02-19,129.54
1025,38611,2024-02-26,1201.47
1026,22656,2024-03-12,256.89
1027,31786,2024-03-23,687.88
1028,36667,2024-02-26,1486.95
1029,44905,2024-02-24,1383.19
1030,6080,2024-03-11,548.63
1031,15556,2024-03-20,397.91
1032,48062,2024-04-07,437.4
1033,24408,2024-02-10,1052.4
1034,44889,2024-02-10,1110.63
1035,6425,2024-01-24,387.42
1036,46203,2024-04-08,420.79
1037,42285,2024-03-17,539.21
1038,45699,2024-02-12,695.11
1039,41461,2024-04-02,1382.81
1040,28418,2024-03-26,117.64
1041,18151,2024-02-21,986.24
1042,30624,2024-02-24,1303.61
1043,3151,2024-02-06,1107.18
1044,18185,2024-02-18,387.77
1045,26731,2024-03-06,756.98
1046,12515,2024-02-04,1372.6
1047,36056,2024-02-15,244.32
1048,40833,2024-01-24,1482.27
1049,34374,2024-03-19,283.95
1050,45453,2024-02-01,282.23
1051,34308,2024-02-07,1234.26
1052,46162,2024-02-10,1256.25
1053,37976,2024-03-11,133.84
1054,21233,2024-03-11,318.99
1055,20327,2024-02-19,1426.91
1056,27005,2024-03-29,476.67
1057,45594,2024-04-13,97.38
1058,25848,2024-01-08,440.74
1059,7440,2024-03-21,1124.31
1060,37341,2024-02-27,1381.36
1061,10027,2024-02-19,300.32
1062,20966,2024-01-22,398.67
1063,7285,2024-03-31,706.97
1064,30275,2024-03-22,1142.59
1065,49968,2024-03-08,1015.35
1066,31159,2024-03-20,545.1
1067,15618,2024-03-07,174.22
1068,9619,2024-04-05,439.2
1069,28873,2024-02-03,391.78
1070,37268,2024-01-16,109.9
1071,18811,2024-01-16,1464.56
1072,32954,2024-02-28,442.63
1073,29894,2024-02-01,1267.88
1074,32505,2024-03-04,768.5
1075,27732,2024-03-06,1460.65
1076,31314,2024-03-27,292.37
1077,31845,2024-03-30,237.16
1078,4274,2024-02-28,83.5
1079,47404,2024-02-27,1100.19
1080,23362,2024-02-12,515.05
1081,2323,2024-02-09,1315.9
1082,14973,2024-03-22,980.0
1083,16452,2024-01-26,899.95
1084,14546,2024-01-23,771.39
1085,19314,2024-01-22,446.61
1086,23671,2024-02-12,171.86
1087,37050,2024-02-03,709.87
1088,45913,2024-02-03,220.75
1089,26320,2024-03-16,1366.14
1090,33922,2024-03-03,1257.65
1091,6323,2024-02-13,960.06
1092,466,2024-03-12,722.46
1093,3254,2024-01-15,724.96
1094,10987,2024-04-01,739.61
1095,14751,2024-03-27,1138.56
1096,14785,2024-01-19,259.21
1097,565,2024-01-30,834.44
1098,43127,2024-04-02,1233.99
1099,12725,2024-02-24,804.38
1100,33808,2024-03-14,99.51
1101,7299,2024-02-12,427.46
1102,25389,2024-02-09,1029.39
1103,19686,2024-04-09,1406.56
1104,34489,2024-03-14,1349.12
1105,37828,2024-01-30,1248.24
1106,3594,2024-03-31,1429.23
1107,12401,2024-01-03,477.48
1108,29940,2024-03-25,97.6
1109,24855,2024-03-17,583.21
1110,21776,2024-02-12,899.36
1111,38919,2024-01-16,529.38
1112,7526,2024-03-03,142.77
1113,8902,2024-03-03,800.21
1114,24779,2024-02-03,363.57
1115,40304,2024-03-23,1113.15
1116,39666,2024-02-06,206.67
1117,31513,2024-03-12,1440.54
1118,26723,2024-03-30,1324.89
1119,11905,2024-01-17,1320.87
1120,32150,2024-02-10,1201.64
1121,48832,2024-02-25,979.7
1122,21258,2024-03-17,155.87
1123,43773,2024-02-12,1020.64
1124,42847,2024-01-08,1140.64
1125,32749,2024-03-02,265.76
1126,34536,2024-02-12,954.37
1127,31921,2024-02-15,759.99
1128,34537,2024-03-29,750.87
1129,9074,2024-02-28,363.24
1130,2339,2024-03-08,1130.0
1131,17027,2024-02-22,1393.68
1132,20215,2024-01-07,1198.68
1133,10993,2024-02-08,604.03
1134,16340,2024-03-15,1477.53
1135,49127,2024-01-10,597.12
1136,42628,2024-03-27,412.88
1137,43377,2024-01-22,1454.68
1138,7271,2024-03-13,1201.54
1139,26458,2024-01-30,1160.97
1140,16282,2024-03-25,189.95
1141,8727,2024-02-19,352.67
1142,24193,2024-03-17,106.3
1143,29728,2024-02-22,1182.84
1144,1567,2024-03-01,475.11
1145,43977,2024-02-03,267.76
1146,11754,2024-02-28,338.29
1147,37023,2024-03-03,990.41
1148,34921,2024-03-31,694.93
1149,13366,2024-01-12,1416.78
1150,37399,2024-01-16,599.57
1151,36169,2024-01-30,1264.1
1152,12426,2024-01-15,855.98
1153,645,2024-01-13,1081.59
1154,1040,2024-01-31,319.5
1155,28077,2024-02-09,1143.56
1156,11215,2024-02-23,201.63
1157,333,2024-03-12,1061.39
1158,6484,2024-01-10,741.03
1159,45639,2024-02-03,404.51
1160,32733,2024-02-01,762.15
1161,8179,2024-01-19,1295.06
1162,16759,2024-02-23,299.7
1163,47722,2024-02-03,320.87
1164,33288,2024-02-27,838.28
1165,45683,2024-01-21,967.86
1166,47934,2024-02-19,676.68
1167,35573,2024-01-08,458.28
1168,28810,2024-01-18,175.41
1169,20362,2024-01-21,150.71
1170,4450,2024-02-17,137.96
1171,47535,2024-03-19,1359.82
1172,18204,2024-03-14,266.53
1173,18727,2024-01-21,499.08
1174,28132,2024-02-25,1479.97
1175,12916,2024-03-02,1397.01
1176,46304,2024-03-06,140.86
1177,39062,2024-03-22,862.79
1178,15510,2024-03-08,979.57
1179,16422,2024-02-15,156.84
1180,2575,2024-02-20,1113.94
1181,38351,2024-03-09,1482.78
1182,34003,2024-01-16,689.72
1183,10601,2024-03-01,718.17
1184,6937,2024-03-07,1016.27
1185,34097,2024-04-12,1125.89
1186,38823,2024-04-03,1201.48
1187,30889,2024-04-04,190.16
1188,1499,2024-01-18,1216.98
1189,29446,2024-03-05,1306.99
1190,29518,2024-01-25,144.22
1191,32132,2024-02-13,135.57
1192,31915,2024-02-09,862.26
1193,20538,2024-03-26,785.47
1194,31680,2024-03-07,1471.74
1195,28407,2024-02-28,498.05
1196,49271,2024-01-19,918.08
1197,47069,2024-01-17,799.48
1198,28692,2024-02-07,840.74
1199,48330,2024-03-03,1016.73
1200,41821,2024-01-21,843.38
1201,13535,2024-03-23,89.86
1202,35459,2024-01-12,1278.07
1203,4860,2024-01-22,365.64
1204,30932,2024-02-16,408.24
1205,14075,2024-02-10,1000.12
1206,39012,2024-04-03,758.41
1207,15445,2024-01-15,895.76
1208,42645,2024-01-12,786.45
1209,42825,2024-03-26,673.36
1210,485,2024-03-08,766.29
1211,40140,2024-01-08,280.34
1212,35249,2024-02-13,1456.41
1213,47553,2024-01-31,896.15
1214,35752,2024-01-13,487.28
1215,31135,2024-01-13,1092.23
1216,19233,2024-01-20,1329.75
1217,14476,2024-01-26,500.98
1218,29801,2024-01-14,540.81
1219,31802,2024-04-05,702.74
1220,24676,2024-01-17,388.55
1221,5237,2024-03-11,1229.9
1222,28202,2024-01-21,909.53
1223,8043,2024-02-03,161.0
1224,3768,2024-01-11,1495.32
1225,31210,2024-01-17,896.46
1226,22330,2024-01-19,1343.71
1227,37278,2024-04-13,792.3
1228,29833,2024-04-04,907.08
1229,7525,2024-02-05,725.35
1230,6808,2024-03-15,680.32
1231,11099,2024-03-08,389.99
1232,4730,2024-02-05,1446.22
1233,6770,2024-03-01,338.12
1234,23258,2024-03-05,827.49
1235,9554,2024-02-02,203.68
1236,11911,2024-03-17,1490.6
1237,25134,2024-02-01,869.06
1238,19367,2024-01-23,1236.71
1239,16003,2024-03-04,879.36
1240,1645,2024-02-17,1223.08
1241,45781,2024-01-31,838.86
1242,20135,2024-02-11,711.86
1243,28822,2024-04-01,727.39
1244,27637,2024-01-17,83.33
1245,40658,2024-01-13,606.33
1246,3280,2024-01-19,1431.76
1247,43954,2024-03-07,1039.32
1248,39538,2024-03-23,1385.43
1249,44981,2024-02-19,364.37
1250,22666,2024-02-09,777.45
1251,8249,2024-02-21,128.96
1252,16167,2024-01-22,1041.41
1253,31709,2024-02-12,1193.3
1254,37418,2024-01-11,1141.88
1255,38543,2024-01-17,203.21
1256,38706,2024-01-28,431.49
1257,40565,2024-03-05,1011.27
1258,26085,2024-01-31,1157.77
1259,17005,2024-02-18,469.38
1260,42437,2024-02-05,656.86
1261,6706,2024-03-09,578.8
1262,10173,2024-03-29,86.48
1263,22086,2024-03-29,898.65
1264,48744,2024-02-03,1030.14
1265,5153,2024-02-08,472.54
1266,13060,2024-04-10,1056.65
1267,17722,2024-02-18,424.7
1268,42214,2024-01-06,1096.05
1269,24802,2024-03-04,729.21
1270,20156,2024-02-28,1318.15
1271,5147,2024-03-21,853.52
1272,32730,2024-03-09,342.21
1273,49253,2024-02-22,1247.26
1274,49477,2024-03-11,1184.3
1275,39443,2024-03-08,199.6
1276,43121,2024-04-06,148.22
1277,18577,2024-01-11,273.53
1278,41585,2024-02-21,1280.35
1279,35109,2024-02-29,534.94
1280,36718,2024-03-14,796.75
1281,20617,2024-03-24,936.21
1282,17769,2024-02-23,1135.74
1283,16398,2024-02-27,1258.54
1284,1233,2024-01-14,812.53
1285,40280,2024-03-21,670.38
1286,11070,2024-03-22,358.24
1287,32394,2024-04-04,942.68
1288,9431,2024-01-26,860.83
1289,17864,2024-02-16,493.45
1290,34418,2024-03-30,713.61
1291,44845,2024-02-18,1130.3
1292,27617,2024-03-23,970.45
1293,13035,2024-01-21,764.07
1294,1604,2024-02-20,466.69
1295,25037,2024-02-25,1028.57
1296,43369,2024-02-12,971.27
1297,8538,2024-03-26,730.69
1298,28602,2024-03-05,418.7
1299,30645,2024-01-12,328.32
1300,37322,2024-02-10,561.95
1301,17285,2024-03-15,1370.38
1302,8376,2024-03-12,1150.52
1303,32583,2024-02-27,1345.32
1304,49233,2024-01-19,1276.49
1305,15351,2024-02-10,731.61
1306,42886,2024-02-28,833.23
1307,33627,2024-03-01,320.81
1308,1537,2024-02-16,1103.64
1309,42912,2024-03-04,679.17
1310,21191,2024-02-25,309.0
1311,1182,2024-04-02,215.4
1312,6584,2024-02-07,1068.51
1313,11500,2024-01-11,764.73
1314,30781,2024-03-25,92.77
1315,10127,2024-03-30,1250.81
1316,13023,2024-03-08,959.64
1317,34213,2024-02-21,134.49
1318,48908,2024-04-01,512.65
1319,21229,2024-03-08,1105.82
1320,4456,2024-02-11,163.82
1321,8441,2024-04-01,1125.48
1322,5713,2024-03-30,796.95
1323,27663,2024-03-22,1191.66
1324,19825,2024-02-28,1294.44
1325,31176,2024-04-04,1170.22
1326,11710,2024-02-09,190.87
1327,15720,2024-03-25,733.73
1328,20476,2024-01-28,532.6
1329,18425,2024-04-03,802.06
1330,9550,2024-01-22,1451.44
1331,43966,2024-03-29,256.64
1332,31207,2024-01-24,1309.15
1333,12968,2024-01-21,1487.01
1334,41471,2024-01-31,1485.83
1335,46711,2024-02-24,1211.3
1336,9294,2024-01-24,741.12
1337,38336,2024-03-06,332.76
1338,18615,2024-04-05,943.66
1339,38275,2024-02-12,946.73
1340,4520,2024-03-03,529.34
1341,22110,2024-02-20,955.89
1342,42243,2024-01-20,245.5
1343,18223,2024-03-22,980.29
1344,45396,2024-03-04,1353.35
1345,4885,2024-02-14,750.33
1346,4507,2024-03-01,1165.68
1347,42664,2024-01-12,982.61
1348,25812,2024-02-12,84.35
1349,11125,2024-04-01,253.24
1350,665,2024-02-12,1180.27
1351,19131,2024-02-02,137.44
1352,40411,2024-03-23,1437.87
1353,18300,2024-01-22,1349.59
1354,6685,2024-02-26,594.57
1355,502,2024-01-30,520.75
1356,28099,2024-01-09,950.36
1357,44872,2024-01-04,948.75
1358,32651,2024-04-07,206.43
1359,41289,2024-02-24,385.85
1360,33571,2024-03-24,983.78
1361,31893,2024-03-27,1217.09
1362,49651,2024-01-23,352.64
1363,48952,2024-02-09,1076.74
1364,18088,2024-02-28,1316.07
1365,11179,2024-02-28,247.28
1366,19603,2024-04-05,703.53
1367,13252,2024-01-17,1287.79
1368,16417,2024-01-08,606.29
1369,23207,2024-01-24,462.63
1370,39881,2024-01-03,1138.77
1371,39376,2024-01-23,649.1
1372,11437,2024-03-31,1082.96
1373,45270,2024-02-25,259.48
1374,29464,2024-01-29,865.99
1375,6737,2024-02-07,618.83
1376,20687,2024-01-08,1496.17
1377,17050,2024-03-21,919.78
1378,45512,2024-02-09,1048.67
1379,4845,2024-03-01,266.07
1380,3273,2024-03-19,1488.6
1381,32714,2024-03-31,152.99
1382,33178,2024-01-24,180.59
1383,49771,2024-02-11,187.54
1384,31808,2024-02-26,1316.25
1385,33270,2024-01-18,1114.6
1386,16096,2024-03-02,1461.74
1387,8905,2024-02-05,174.52
1388,8407,2024-03-15,1062.18
1389,5013,2024-04-03,837.24
1390,4244,2024-03-06,987.57
1391,15419,2024-01-31,808.34
1392,41124,2024-03-07,1038.99
1393,29756,2024-03-21,1368.02
1394,32164,2024-02-02,914.21
1395,31980,2024-01-31,1352.91
1396,36444,2024-03-09,1190.67
1397,16482,2024-03-08,1308.19
1398,1115,2024-01-25,1016.14
1399,14876,2024-01-29,816.42
1400,6267,2024-02-11,178.77
1401,39209,2024-01-16,1265.56
1402,32427,2024-03-07,423.66
1403,11918,2024-02-26,132.06
1404,23181,2024-03-02,817.08
1405,41354,2024-02-22,978.17
1406,35149,2024-02-01,1019.8
1407,30573,2024-03-09,1031.0
1408,47807,2024-02-09,1008.29
1409,45286,2024-04-05,1227.63
1410,42791,2024-03-08,1172.49
1411,20997,2024-04-05,1234.22
1412,34299,2024-02-26,733.57
1413,22049,2024-03-17,169.2
1414,2529,2024-03-18,988.2
1415,30519,2024-02-28,378.5
1416,29541,2024-03-11,1300.52
1417,27441,2024-03-28,1104.77
1418,43855,2024-03-22,1167.54
1419,26939,2024-02-02,486.72
1420,2985,2024-01-10,978.94
1421,14774,2024-03-18,829.88
1422,27928,2024-03-18,461.2
1423,22426,2024-02-25,1233.36
1424,26390,2024-01-05,860.94
1425,42169,2024-01-26,350.92
1426,45903,2024-03-04,513.45
1427,19186,2024-02-29,402.49
1428,18987,2024-02-17,523.61
1429,29621,2024-02-06,347.2
1430,20561,2024-02-22,607.02
1431,35150,2024-04-05,1065.46
1432,24235,2024-03-31,1442.21
1433,15434,2024-01-10,378.96
1434,2864,2024-01-06,505.76
1435,23220,2024-02-10,83.06
1436,16663,2024-03-12,399.93
1437,15768,2024-01-29,674.2
1438,14479,2024-02-25,735.67
1439,9956,2024-03-11,458.19
1440,31403,2024-04-01,293.46
1441,21050,2024-02-29,879.56
1442,34970,2024-01-07,661.05
1443,24269,2024-03-03,685.3
1444,23205,2024-03-31,1350.87
1445,3378,2024-01-18,877.25
1446,1600,2024-02-23,631.44
1447,477,2024-02-25,440.38
1448,10799,2024-02-21,688.61
1449,8640,2024-03-19,1303.85
1450,22143,2024-01-17,1450.44
1451,22183,2024-03-30,615.67
1452,9933,2024-03-06,376.75
1453,21047,2024-01-29,1378.62
1454,45443,2024-03-05,285.1
1455,36232,2024-02-16,502.29
1456,43953,2024-02-25,369.89
1457,38327,2024-03-04,883.48
1458,38593,2024-01-15,660.27
1459,17782,2024-03-10,487.78
1460,29876,2024-02-02,1170.46
1461,31071,2024-01-28,1023.05
1462,22257,2024-01-15,1493.63
1463,9460,2024-03-29,523.02
1464,10666,2024-04-03,1280.3
1465,8332,2024-01-31,509.56
1466,25866,2024-04-09,92.83
1467,48002,2024-01-15,294.27
1468,17555,2024-03-26,802.03
1469,38887,2024-01-13,1230.21
1470,28591,2024-03-04,161.53
1471,15303,2024-02-19,1261.46
1472,27981,2024-01-11,1096.83
1473,19594,2024-02-10,129.02
1474,11840,2024-03-11,230.94
1475,19063,2024-03-15,187.39
1476,26701,2024-03-17,1044.17
1477,39869,2024-01-06,876.66
1478,18827,2024-03-05,589.58
1479,44783,2024-01-11,205.4
1480,13474,2024-03-31,638.03
1481,1812,2024-03-14,1048.69
1482,5577,2024-02-27,212.64
1483,13605,2024-02-08,1296.35
1484,45815,2024-03-20,169.33
1485,19288,2024-01-30,943.64
1486,45445,2024-02-04,348.59
1487,2214,2024-02-08,210.13
1488,27631,2024-01-14,584.06
1489,43905,2024-02-11,1027.04
1490,30732,2024-02-23,251.9
1491,21256,2024-01-30,755.49
1492,22983,2024-02-24,656.67
1493,16040,2024-03-16,686.99
1494,2673,2024-01-13,1419.65
1495,29364,2024-02-14,575.62
1496,2609,2024-03-08,1488.11
1497,20497,2024-02-03,844.52
1498,47609,2024-03-01,1276.32
1499,5160,2024-01-11,575.39
1500,39382,2024-03-09,200.38
1501,35577,2024-02-26,199.85
1502,34235,2024-02-08,895.29
1503,32778,2024-02-22,1400.48
1504,11402,2024-02-04,181.13
1505,10505,2024-01-17,1058.55
1506,33527,2024-03-28,879.82
1507,41590,2024-01-11,1006.2
1508,5755,2024-03-19,386.07
1509,44771,2024-02-09,180.12
1510,22012,2024-02-06,186.11
1511,45389,2024-03-13,430.35
1512,20938,2024-02-15,383.37
1513,21935,2024-03-11,259.43
1514,8035,2024-01-13,455.85
1515,7127,2024-02-16,838.24
1516,47616,2024-03-21,1428.31
1517,47791,2024-01-16,1389.62
1518,46123,2024-03-03,465.83
1519,35847,2024-01-21,174.02
1520,34583,2024-02-25,1493.8
1521,13083,2024-01-21,756.5
1522,40647,2024-01-24,1469.19
1523,21906,2024-02-01,843.45
1524,25239,2024-02-09,1338.63
1525,35976,2024-01-20,715.05
1526,6497,2024-01-14,963.27
1527,43694,2024-03-06,840.75
1528,33525,2024-02-04,392.23
1529,20702,2024-02-02,1164.59
1530,13313,2024-04-09,157.82
1531,10037,2024-03-23,594.62
1532,14165,2024-03-06,1315.26
1533,31155,2024-03-13,793.81
1534,24949,2024-02-15,190.26
1535,35309,2024-01-25,374.69
1536,47764,2024-02-04,235.69
1537,32908,2024-03-12,474.24
1538,45610,2024-01-08,314.74
1539,5254,2024-03-29,1090.97
1540,19105,2024-03-25,1016.39
1541,32806,2024-04-01,271.81
1542,40517,2024-03-26,711.89
1543,3883,2024-01-26,500.1
1544,22989,2024-03-29,558.85
1545,31225,2024-02-13,897.89
1546,3419,2024-03-24,1356.14
1547,38930,2024-01-18,1354.2
1548,23542,2024-03-08,666.49
1549,26355,2024-03-11,638.34
1550,19772,2024-02-05,815.53
1551,10190,2024-03-28,753.24
1552,44563,2024-04-13,167.73
1553,44561,2024-03-02,901.82
1554,44945,2024-01-24,910.32
1555,5196,2024-02-29,719.48
1556,37256,2024-04-08,667.83
1557,31611,2024-01-15,1413.3
1558,2192,2024-03-22,933.17
1559,31040,2024-01-27,1239.12
1560,46777,2024-02-10,1434.45
1561,7786,2024-02-11,1230.34
1562,46173,2024-02-13,1419.03
1563,42979,2024-03-22,1158.2
1564,48127,2024-02-09,321.57
1565,3155,2024-01-28,402.24
1566,22796,2024-03-21,355.33
1567,29896,2024-01-22,537.42
1568,16913,2024-03-16,584.09
1569,41043,2024-02-23,1231.88
1570,42716,2024-01-25,592.41
1571,7442,2024-02-01,1112.65
1572,12849,2024-03-02,1363.42
1573,12620,2024-03-30,242.67
1574,19747,2024-01-07,80.37
1575,1423,2024-03-18,1341.9
1576,26895,2024-03-17,418.32
1577,6066,2024-02-19,297.88
1578,37617,2024-01-17,499.2
1579,37029,2024-03-05,344.16
1580,43198,2024-01-15,1206.99
1581,29229,2024-02-10,981.0
1582,29836,2024-03-04,317.57
1583,22686,2024-02-16,908.66
1584,22342,2024-02-16,375.49
1585,45714,2024-03-29,360.53
1586,34760,2024-03-18,925.53
1587,5216,2024-02-02,1023.86
1588,48813,2024-02-23,571.61
1589,44918,2024-02-11,1164.04
1590,39365,2024-03-22,1268.84
1591,47379,2024-02-08,1381.21
1592,2900,2024-02-16,969.01
1593,13308,2024-01-16,392.44
1594,18862,2024-03-25,1142.82
1595,14161,2024-03-10,233.14
1596,15154,2024-02-07,337.33
1597,2562,2024-02-15,1262.56
1598,7309,2024-04-03,1373.38
1599,19224,2024-04-05,174.74
1600,39544,2024-01-28,523.21
1601,33681,2024-03-31,973.43
1602,39098,2024-03-08,1412.88
1603,44841,2024-01-15,890.43
1604,44615,2024-01-21,1245.81
1605,27192,2024-01-22,1390.31
1606,17477,2024-03-04,817.04
1607,14804,2024-03-21,1131.44
1608,26838,2024-02-11,1020.63
1609,10263,2024-02-09,1033.33
1610,44191,2024-01-29,814.23
1611,43279,2024-02-19,964.93
1612,30949,2024-03-10,867.21
1613,42990,2024-02-29,985.6
1614,19710,2024-02-13,797.38
1615,28469,2024-01-21,395.95
1616,544,2024-03-04,1064.94
1617,23823,2024-01-31,625.32
1618,28067,2024-02-26,261.39
1619,34416,2024-01-02,1288.88
1620,39628,2024-01-13,337.51
1621,1164,2024-02-27,847.81
1622,29747,2024-01-22,1103.99
1623,2211,2024-03-12,999.74
1624,23002,2024-03-10,308.42
1625,32301,2024-01-10,355.68
1626,46321,2024-01-18,291.36
1627,28828,2024-03-09,183.02
1628,44405,2024-01-13,482.25
1629,18199,2024-02-01,824.28
1630,1902,2024-02-03,325.59
1631,37461,2024-02-26,1458.62
1632,17693,2024-01-31,1072.34
1633,28201,2024-03-24,908.48
1634,24783,2024-03-15,1047.61
1635,28969,2024-03-16,699.05
1636,38889,2024-03-21,747.27
1637,35969,2024-02-12,1341.9
1638,30876,2024-02-06,1105.15
1639,38949,2024-02-09,915.23
1640,15360,2024-03-04,1429.3
1641,42752,2024-01-19,1020.95
1642,44470,2024-03-06,646.14
1643,19715,2024-01-12,147.39
1644,11608,2024-03-23,634.76
1645,36168,2024-03-27,1393.22
1646,35572,2024-02-26,143.4
1647,30442,2024-01-16,342.08
1648,39647,2024-01-24,1228.42
1649,45247,2024-01-20,598.24
1650,10435,2024-02-21,343.98
1651,45592,2024-03-22,1238.24
1652,33541,2024-02-10,872.98
1653,4163,2024-01-23,858.82
1654,24262,2024-03-24,497.17
1655,27619,2024-02-16,1038.69
1656,17467,2024-04-05,1303.79
1657,2442,2024-02-24,1145.29
1658,6212,2024-01-20,949.65
1659,16369,2024-01-08,577.74
1660,6897,2024-02-14,1293.82
1661,27591,2024-04-07,883.87
1662,27722,2024-03-02,1343.21
1663,6401,2024-02-24,440.93
1664,46283,2024-04-11,1009.1
1665,30128,2024-02-03,1407.97
1666,19028,2024-02-03,611.2
1667,33822,2024-03-16,1430.8
1668,32757,2024-02-05,637.3
1669,47478,2024-04-03,701.52
1670,31633,2024-03-03,1225.16
1671,18559,2024-03-26,450.3
1672,16626,2024-01-13,1082.34
1673,17532,2024-02-04,503.71
1674,37648,2024-03-28,923.15
1675,33396,2024-02-28,1181.86
1676,17828,2024-01-22,117.12
1677,14428,2024-02-11,205.64
1678,1006,2024-04-12,1406.81
1679,5489,2024-03-03,1238.48
1680,45616,2024-03-25,1325.35
1681,17407,2024-02-02,703.3
1682,455,2024-01-25,1097.22
1683,4245,2024-02-10,1497.55
1684,39506,2024-03-02,694.19
1685,43384,2024-03-02,1282.43
1686,34293,2024-02-17,192.58
1687,41414,2024-01-23,852.29
1688,44592,2024-02-28,553.2
1689,31954,2024-02-26,822.79
1690,29981,2024-03-24,241.99
1691,9392,2024-03-04,602.11
1692,22339,2024-03-04,188.67
1693,11709,2024-04-04,723.39
1694,12967,2024-04-08,707.35
1695,45665,2024-02-17,548.19
1696,12825,2024-01-28,1426.6
1697,29862,2024-03-04,197.77
1698,36408,2024-03-14,1251.33
1699,19205,2024-03-20,584.0
1700,7777,2024-03-03,363.03
1701,35973,2024-04-07,467.03
1702,46216,2024-03-22,1360.69
1703,26543,2024-03-14,1251.36
1704,26717,2024-02-19,102.38
1705,41854,2024-02-18,289.21
1706,15470,2024-02-01,1038.54
1707,27056,2024-02-07,530.73
1708,11063,2024-03-17,1385.18
1709,12111,2024-01-28,1196.83
1710,14519,2024-02-27,1322.56
1711,37533,2024-03-13,353.88
1712,33613,2024-03-28,294.0
1713,13434,2024-02-29,1403.34
1714,3054,2024-02-17,653.96
1715,17453,2024-01-11,670.32
1716,27506,2024-02-27,1052.09
1717,48931,2024-01-22,644.38
1718,20001,2024-01-15,1322.77
1719,39080,2024-04-10,1441.89
1720,9274,2024-03-15,552.18
1721,10135,2024-03-03,375.44
1722,2983,2024-02-14,186.93
1723,31600,2024-02-08,384.4
1724,47438,2024-01-28,278.01
1725,40224,2024-01-08,121.35
1726,5771,2024-01-17,146.25
1727,34871,2024-02-18,803.3
1728,29000,2024-02-20,1085.07
1729,16321,2024-03-04,1476.23
1730,38545,2024-04-05,301.07
1731,14816,2024-04-07,1071.49
1732,17963,2024-03-21,866.68
1733,23648,2024-03-29,758.94
1734,8480,2024-02-02,1105.01
1735,22896,2024-01-19,418.89
1736,18854,2024-04-10,522.03
1737,39475,2024-01-17,626.15
1738,9354,2024-01-27,339.0
1739,25043,2024-02-13,759.64
1740,46016,2024-02-13,267.25
1741,2758,2024-02-09,531.76
1742,12215,2024-02-20,240.69
1743,23492,2024-01-31,130.95
1744,28028,2024-04-02,584.4
1745,4129,2024-04-01,956.92
1746,30612,2024-02-12,295.68
1747,7916,2024-01-15,1490.71
1748,27688,2024-03-06,469.57
1749,25573,2024-02-24,112.23
1750,2183,2024-02-27,119.81
1751,29966,2024-01-24,1026.53
1752,26217,2024-01-14,1031.22
1753,4823,2024-02-09,1361.84
1754,2111,2024-02-09,208.99
1755,20932,2024-01-17,614.44
1756,25271,2024-01-16,1342.77
1757,177,2024-01-20,1212.7
1758,5684,2024-01-11,411.5
1759,47938,2024-02-26,1343.75
1760,32859,2024-01-05,1046.76
1761,28222,2024-01-28,455.33
1762,28531,2024-03-03,143.65
1763,15850,2024-03-20,786.37
1764,23745,2024-02-23,1092.57
1765,43284,2024-03-15,461.47
1766,20614,2024-02-24,319.61
1767,27820,2024-01-22,186.9
1768,38873,2024-02-20,1275.68
1769,27588,2024-01-25,157.72
1770,41890,2024-01-21,945.35
1771,23873,2024-02-08,1163.81
1772,10916,2024-01-28,1188.28
1773,22990,2024-02-15,1008.25
1774,47402,2024-02-17,1006.97
1775,20375,2024-03-16,753.21
1776,24684,2024-02-20,671.72
1777,8054,2024-02-27,275.04
1778,1742,2024-02-20,840.2
1779,25117,2024-03-08,180.86
1780,24185,2024-02-18,744.84
1781,13632,2024-02-07,1117.88
1782,4304,2024-03-05,708.87
1783,21988,2024-01-21,801.76
1784,35720,2024-02-25,1275.93
1785,23461,2024-01-11,998.15
1786,10445,2024-01-19,261.19
1787,42407,2024-03-23,850.97
1788,15710,2024-01-20,597.7
1789,33010,2024-02-23,373.7
1790,10280,2024-02-22,1000.12
1791,20946,2024-03-26,628.83
1792,5654,2024-02-23,1169.58
1793,4817,2024-03-06,912.83
1794,36891,2024-03-09,228.04
1795,39174,2024-02-10,577.5
1796,15057,2024-03-19,463.18
1797,13944,2024-02-28,292.96
1798,21682,2024-02-07,1216.31
1799,35500,2024-03-26,617.51
1800,11029,2024-01-16,950.83
1801,4449,2024-02-15,1332.46
1802,39839,2024-02-13,851.07
1803,42197,2024-02-21,446.47
1804,32526,2024-03-31,1202.77
1805,30353,2024-01-28,698.77
1806,27615,2024-04-07,880.65
1807,20950,2024-03-07,1360.96
1808,45485,2024-02-23,774.77
1809,38588,2024-02-27,555.27
1810,17250,2024-01-29,1112.9
1811,3432,2024-03-29,269.57
1812,46131,2024-03-26,1377.49
1813,1793,2024-02-12,1380.08
1814,4866,2024-04-02,902.76
1815,27416,2024-02-07,299.1
1816,17915,2024-02-02,721.97
1817,37333,2024-02-02,681.09
1818,7593,2024-02-05,503.61
1819,47135,2024-01-26,328.64
1820,44991,2024-01-10,454.45
1821,40269,2024-03-19,868.85
1822,5170,2024-02-05,1053.7
1823,35152,2024-02-26,1471.03
1824,46636,2024-01-30,386.38
1825,32958,2024-01-20,369.7
1826,40262,2024-02-06,246.19
1827,11808,2024-03-08,1413.37
1828,42049,2024-02-20,622.23
1829,2711,2024-03-15,1392.05
1830,12884,2024-01-27,1343.0
1831,46276,2024-03-04,142.45
1832,44109,2024-02-24,477.28
1833,5228,2024-02-07,509.58
1834,34402,2024-02-12,473.83
1835,46087,2024-01-28,683.98
1836,5187,2024-02-05,789.02
1837,13710,2024-01-08,1156.64
1838,18173,2024-02-04,460.14
1839,39230,2024-02-13,504.22
1840,2580,2024-02-08,930.02
1841,35601,2024-01-21,334.56
1842,38533,2024-02-09,751.93
1843,29485,2024-02-13,436.4
1844,25443,2024-02-26,361.15
1845,46698,2024-02-20,1209.83
1846,1585,2024-03-26,1084.11
1847,47460,2024-02-13,434.73
1848,18330,2024-03-29,669.55
1849,8189,2024-02-08,299.0
1850,8932,2024-03-23,155.5
1851,33141,2024-02-10,911.01
1852,21589,2024-03-13,596.26
1853,30814,2024-03-16,374.3
1854,45261,2024-03-23,242.74
1855,4868,2024-04-06,1045.64
1856,9101,2024-02-29,465.47
1857,21007,2024-02-28,1368.49
1858,42996,2024-01-04,353.78
1859,28564,2024-01-31,426.16
1860,41966,2024-01-21,1289.46
1861,21029,2024-01-15,892.85
1862,21398,2024-03-09,233.9
1863,30759,2024-01-22,860.23
1864,26870,2024-03-09,517.54
1865,1705,2024-01-11,1126.46
1866,41474,2024-02-29,190.46
1867,49579,2024-02-16,1383.4
1868,47743,2024-01-19,759.05
1869,11569,2024-01-25,1122.68
1870,31449,2024-01-16,1080.62
1871,30879,2024-03-20,333.12
1872,34155,2024-02-05,1329.73
1873,8408,2024-02-01,410.44
1874,45877,2024-03-25,350.61
1875,10017,2024-04-06,819.31
1876,11045,2024-02-15,1478.06
1877,28438,2024-03-24,525.02
1878,27225,2024-02-27,1449.52
1879,25454,2024-03-23,697.83
1880,4422,2024-01-20,1265.24
1881,1277,2024-01-16,832.58
1882,27244,2024-02-27,371.47
1883,331,2024-04-01,1329.59
1884,20295,2024-01-14,182.19
1885,2433,2024-04-11,1049.51
1886,6348,2024-03-29,1259.68
1887,31810,2024-02-08,1261.48
1888,23469,2024-02-04,1010.52
1889,17392,2024-01-31,436.42
1890,36045,2024-01-22,834.97
1891,39581,2024-02-13,973.94
1892,20256,2024-01-30,1343.37
1893,26720,2024-03-01,306.73
1894,9726,2024-02-26,740.19
1895,42726,2024-04-04,553.05
1896,14846,2024-03-06,687.35
1897,4884,2024-01-19,339.93
1898,40466,2024-01-30,388.75
1899,41337,2024-02-03,1173.19
1900,9799,2024-04-03,759.29
1901,16430,2024-04-05,810.09
1902,4265,2024-03-15,1354.42
1903,28502,2024-02-17,420.77
1904,48837,2024-01-28,547.57
1905,19786,2024-03-18,518.24
1906,15632,2024-01-14,1016.12
1907,11902,2024-01-18,878.68
1908,16113,2024-04-03,749.59
1909,3716,2024-01-07,1028.54
1910,43726,2024-04-01,767.16
1911,1181,2024-03-20,1238.66
1912,6068,2024-01-26,662.55
1913,36254,2024-01-19,1344.66
1914,41884,2024-02-12,249.87
1915,950,2024-02-12,213.41
1916,36503,2024-03-25,1011.1
1917,8201,2024-03-25,633.38
1918,49181,2024-01-30,727.11
1919,48905,2024-02-12,1068.35
1920,48862,2024-01-17,384.65
1921,42700,2024-01-23,142.38
1922,44391,2024-03-31,703.22
1923,12147,2024-01-16,1350.51
1924,29209,2024-02-29,720.05
1925,37982,2024-02-13,892.19
1926,20970,2024-01-29,375.88
1927,7991,2024-01-06,738.98
1928,4673,2024-01-15,762.53
1929,4460,2024-01-17,413.9
1930,25594,2024-02-18,312.59
1931,11114,2024-02-29,577.37
1932,34681,2024-04-02,135.19
1933,15869,2024-02-15,316.36
1934,31414,2024-02-03,1118.52
1935,13621,2024-02-21,1001.77
1936,4156,2024-03-15,524.15
1937,27885,2024-03-19,862.65
1938,16930,2024-03-14,1257.73
1939,26670,2024-02-25,1271.59
1940,46227,2024-03-24,1009.22
1941,29243,2024-01-24,256.16
1942,27540,2024-02-17,311.32
1943,25150,2024-02-24,494.18
1944,20795,2024-03-23,1032.41
1945,18685,2024-01-16,446.37
1946,44362,2024-04-01,739.49
1947,13327,2024-03-07,1252.25
1948,34830,2024-01-11,1346.32
1949,29953,2024-01-29,1270.73
1950,22772,2024-04-03,245.34
1951,16948,2024-02-15,1373.27
1952,7709,2024-03-11,1051.48
1953,21156,2024-02-14,958.68
1954,2361,2024-04-10,431.51
1955,49376,2024-01-22,1398.08
1956,33642,2024-02-08,104.65
1957,34695,2024-03-07,196.7
1958,49724,2024-02-20,298.22
1959,36526,2024-02-25,1065.69
1960,12007,2024-01-20,964.46
1961,31490,2024-02-28,1421.44
1962,39708,2024-02-22,575.55
1963,17009,2024-04-11,573.62
1964,26176,2024-02-06,1030.74
1965,30834,2024-02-22,327.3
1966,21445,2024-02-02,738.94
1967,43180,2024-02-17,101.92
1968,29988,2024-02-07,920.7
1969,30722,2024-03-23,1193.27
1970,24788,2024-02-19,369.33
1971,44492,2024-03-25,516.18
1972,44779,2024-03-07,267.21
1973,32430,2024-01-20,954.26
1974,10990,2024-03-29,880.91
1975,22848,2024-02-04,1253.48
1976,6677,2024-01-09,1457.89
1977,14529,2024-03-06,1476.77
1978,15810,2024-02-18,232.18
1979,3503,2024-01-15,865.45
1980,11949,2024-03-17,1201.31
1981,11210,2024-01-18,1015.76
1982,4109,2024-01-20,1353.72
1983,5036,2024-03-23,707.24
1984,43563,2024-02-08,686.48
1985,18273,2024-02-25,117.08
1986,47263,2024-03-15,102.22
1987,2523,2024-02-25,1063.56
1988,23167,2024-03-04,749.48
1989,24677,2024-03-06,1017.53
1990,38154,2024-03-27,418.28
1991,7169,2024-01-09,1305.59
1992,12366,2024-03-05,1362.07
1993,21083,2024-02-14,1020.46
1994,43742,2024-02-12,474.48
1995,39136,2024-04-02,386.94
1996,33583,2024-03-27,968.21
1997,31703,2024-04-08,1415.9
1998,38238,2024-03-22,900.92
1999,22359,2024-01-30,1271.81
2000,48247,2024-04-08,882.88
2001,5930,2024-01-17,1037.93
2002,38283,2024-03-07,886.24
2003,40524,2024-04-01,897.02
2004,14750,2024-03-29,1129.74
2005,11035,2024-03-06,642.67
2006,25201,2024-02-07,1363.68
2007,29459,2024-02-21,1306.16
2008,1176,2024-01-19,1109.95
2009,38938,2024-03-31,1135.67
2010,48126,2024-04-06,666.8
2011,47643,2024-01-27,1262.19
2012,6050,2024-01-10,1404.31
2013,35665,2024-03-10,1209.11
2014,38145,2024-03-05,268.89
2015,33826,2024-01-18,1197.0
2016,25387,2024-03-30,739.69
2017,41042,2024-03-24,944.35
2018,24933,2024-01-15,1487.45
2019,9764,2024-03-08,590.28
2020,36882,2024-01-30,574.91
2021,3777,2024-01-26,453.65
2022,10004,2024-02-11,260.51
2023,13034,2024-03-19,318.81
2024,19664,2024-03-09,810.26
2025,3038,2024-01-29,1371.92
2026,46902,2024-02-06,1230.06
2027,7064,2024-01-18,339.14
2028,4234,2024-03-26,877.6
2029,27605,2024-03-15,1282.63
2030,19647,2024-02-14,846.08
2031,4983,2024-03-02,1374.23
2032,21177,2024-03-25,1369.2
2033,48272,2024-01-15,574.51
2034,470,2024-03-09,1320.98
2035,12860,2024-02-01,910.86
2036,33450,2024-01-17,761.38
2037,18379,2024-03-13,1179.46
2038,25310,2024-01-28,1201.26
2039,24709,2024-02-26,1039.1
2040,29071,2024-02-06,1231.47
2041,4776,2024-02-07,1431.02
2042,25025,2024-02-25,1319.78
2043,33433,2024-03-05,185.44
2044,17076,2024-03-31,1287.04
2045,18055,2024-02-08,1189.77
2046,11669,2024-02-28,1395.97
2047,1098,2024-03-22,1130.19
2048,5371,2024-04-04,1326.55
2049,39073,2024-02-29,94.51
2050,30514,2024-03-02,1468.48
2051,1283,2024-01-31,351.09
2052,37581,2024-01-30,1307.21
2053,41092,2024-01-22,1400.05
2054,12582,2024-02-24,83.16
2055,39516,2024-01-08,1377.42
2056,48075,2024-03-26,1257.48
2057,15478,2024-02-10,1389.83
2058,5523,2024-01-20,331.17
2059,23812,2024-01-16,1183.97
2060,48467,2024-02-23,772.23
2061,33047,2024-04-01,445.92
2062,38196,2024-02-23,1153.76
2063,21194,2024-01-11,752.02
2064,45272,2024-01-27,1357.84
2065,10742,2024-02-08,1089.24
2066,48560,2024-01-10,277.59
2067,25842,2024-03-21,436.08
2068,43817,2024-03-07,455.64
2069,843,2024-01-22,568.55
2070,10055,2024-03-21,1026.36
2071,2060,2024-02-18,1349.95
2072,6205,2024-03-18,923.05
2073,6176,2024-03-30,1147.56
2074,7366,2024-03-28,529.76
2075,38302,2024-04-05,821.9
2076,3920,2024-01-29,795.86
2077,32634,2024-02-12,1075.5
2078,12552,2024-02-22,815.5
2079,40577,2024-03-21,554.64
2080,33749,2024-01-30,426.35
2081,9532,2024-02-23,441.68
2082,7221,2024-02-14,1472.86
2083,21672,2024-03-25,587.62
2084,16782,2024-02-11,1225.38
2085,41582,2024-03-25,181.34
2086,49613,2024-02-06,207.31
2087,10390,2024-02-27,1054.33
2088,29213,2024-01-11,729.24
2089,17177,2024-03-01,1330.3
2090,46989,2024-02-16,1304.35
2091,47499,2024-03-14,1153.03
2092,1711,2024-02-16,1237.75
2093,47542,2024-02-04,1316.12
2094,46408,2024-02-28,1192.68
2095,26942,2024-02-03,828.19
2096,33612,2024-01-25,455.94
2097,28108,2024-02-05,1198.08
2098,31399,2024-02-22,531.15
2099,46193,2024-02-09,427.64
2100,3169,2024-01-15,323.77
2101,48316,2024-02-12,970.61
2102,25985,2024-02-23,424.32
2103,5047,2024-01-21,612.26
2104,15713,2024-02-27,1086.87
2105,3211,2024-03-26,1207.24
2106,45043,2024-01-23,526.97
2107,14086,2024-03-13,1276.78
2108,14765,2024-02-26,162.3
2109,44103,2024-02-01,1479.94
2110,19414,2024-04-08,671.96
2111,4349,2024-03-14,541.34
2112,12726,2024-01-28,1391.62
2113,34025,2024-02-16,267.99
2114,41114,2024-03-03,588.07
2115,37932,2024-01-22,589.64
2116,16254,2024-04-01,682.59
2117,42985,2024-01-06,1284.64
2118,27292,2024-02-04,1286.12
2119,13913,2024-01-23,920.12
2120,26575,2024-02-16,1488.3
2121,43741,2024-03-03,1278.71
2122,15674,2024-04-07,1047.12
2123,3397,2024-02-13,363.23
2124,11071,2024-02-29,860.62
2125,45456,2024-03-20,383.75
2126,9888,2024-03-24,508.35
2127,22904,2024-01-31,1053.93
2128,16829,2024-02-01,341.88
2129,20252,2024-02-09,208.99
2130,43250,2024-03-23,834.79
2131,33084,2024-01-14,81.35
2132,48499,2024-01-23,944.66
2133,13248,2024-02-06,1359.91
2134,18098,2024-03-30,350.14
2135,20566,2024-04-08,623.53
2136,35975,2024-02-10,1381.24
2137,32460,2024-01-11,1079.5
2138,7273,2024-02-04,272.15
2139,18875,2024-01-23,622.43
2140,17625,2024-03-12,1153.51
2141,37774,2024-02-23,1023.98
2142,4830,2024-04-06,301.04
2143,4856,2024-01-27,168.72
2144,33174,2024-02-02,1047.96
2145,21213,2024-02-09,944.81
2146,16755,2024-03-28,164.27
2147,32892,2024-01-16,1464.23
2148,27948,2024-03-28,438.46
2149,15336,2024-01-20,628.15
2150,46684,2024-03-09,332.19
2151,16163,2024-03-19,1256.5
2152,24450,2024-01-21,1446.85
2153,3571,2024-04-01,382.89
2154,29638,2024-01-15,482.1
2155,42040,2024-03-20,1083.25
2156,16126,2024-02-13,829.6
2157,7950,2024-04-09,229.2
2158,44805,2024-03-23,1398.64
2159,34331,2024-01-13,947.83
2160,2494,2024-01-18,507.79
2161,47487,2024-02-15,775.52
2162,13151,2024-01-10,790.35
2163,33199,2024-02-04,826.09
2164,17032,2024-03-17,786.17
2165,39394,2024-02-22,877.75
2166,47115,2024-02-09,638.56
2167,14596,2024-03-15,287.55
2168,33943,2024-03-13,1023.71
2169,15501,2024-03-07,1205.33
2170,11166,2024-03-03,1274.25
2171,48147,2024-02-28,111.17
2172,29646,2024-03-30,654.57
2173,36289,2024-02-07,1469.38
2174,33600,2024-02-03,168.84
2175,18443,2024-01-14,1195.49
2176,6924,2024-02-15,259.08
2177,36512,2024-02-19,1250.99
2178,46482,2024-01-24,1034.55
2179,8493,2024-03-26,1109.55
2180,29051,2024-03-20,1467.8
2181,19648,2024-02-26,1414.07
2182,11475,2024-03-25,512.21
2183,25788,2024-02-29,612.81
2184,10272,2024-02-29,658.2
2185,19305,2024-02-12,336.42
2186,28154,2024-01-21,621.21
2187,27706,2024-03-13,1470.22
2188,47009,2024-02-04,775.18
2189,37285,2024-02-23,1432.69
2190,40352,2024-03-15,181.47
2191,23679,2024-01-20,135.79
2192,1864,2024-03-25,896.97
2193,39935,2024-02-17,1125.48
2194,2594,2024-03-24,388.79
2195,11038,2024-04-01,794.77
2196,33900,2024-04-02,1319.58
2197,4977,2024-01-17,1161.65
2198,13633,2024-03-24,409.18
2199,20639,2024-02-16,554.95
2200,33648,2024-03-07,514.22
2201,36558,2024-02-16,1101.7
2202,22310,2024-02-25,1454.82
2203,26377,2024-03-11,477.71
2204,41377,2024-02-26,915.39
2205,28504,2024-01-05,1483.75
2206,34233,2024-02-05,303.76
2207,3699,2024-02-21,1015.9
2208,26140,2024-03-06,551.42
2209,42603,2024-01-04,1488.17
2210,29491,2024-02-29,234.46
2211,45840,2024-04-02,720.78
2212,14737,2024-02-19,442.06
2213,35956,2024-03-14,124.99
2214,3520,2024-03-05,1448.31
2215,29414,2024-01-28,886.8
2216,43375,2024-01-11,1075.12
2217,4963,2024-02-04,960.79
2218,47216,2024-02-01,290.83
2219,17771,2024-03-22,322.2
2220,16072,2024-02-10,969.55
2221,45843,2024-02-23,1187.33
2222,3886,2024-01-24,947.72
2223,21825,2024-03-01,889.93
2224,15725,2024-02-09,1139.27
2225,2005,2024-02-08,425.92
2226,6057,2024-03-06,1118.94
2227,22293,2024-01-13,663.93
2228,3137,2024-03-29,1037.15
2229,21729,2024-01-31,470.1
2230,13098,2024-02-11,275.2
2231,34428,2024-02-25,121.41
2232,44344,2024-04-13,1220.93
2233,49722,2024-03-12,359.7
2234,44727,2024-03-28,596.12
2235,4316,2024-03-06,1171.77
2236,11434,2024-03-07,719.26
2237,33239,2024-03-01,388.92
2238,47413,2024-01-18,356.56
2239,29367,2024-03-15,659.27
2240,31024,2024-02-04,882.55
2241,17622,2024-01-26,637.14
2242,13353,2024-04-10,1364.49
2243,25261,2024-02-24,85.44
2244,4806,2024-01-22,650.86
2245,45637,2024-02-14,1134.83
2246,29469,2024-03-11,1345.07
2247,30897,2024-01-28,588.93
2248,22884,2024-03-08,1036.5
2249,42329,2024-01-25,904.1
2250,28815,2024-02-19,366.18
2251,34797,2024-03-15,1046.94
2252,48681,2024-02-03,434.38
2253,16523,2024-01-28,1193.15
2254,34411,2024-02-13,1309.58
2255,30294,2024-03-11,759.36
2256,16862,2024-02-15,156.86
2257,37200,2024-01-22,1127.04
2258,37715,2024-02-16,743.45
2259,26362,2024-01-28,214.22
2260,23393,2024-02-04,550.21
2261,40907,2024-02-23,492.71
2262,36274,2024-03-24,1111.43
2263,34976,2024-01-29,682.17
2264,48572,2024-03-30,913.61
2265,22637,2024-01-20,791.56
2266,38161,2024-02-24,1108.44
2267,32791,2024-03-24,1099.63
2268,34516,2024-01-28,717.28
2269,342,2024-02-05,271.75
2270,28852,2024-03-25,659.18
2271,15640,2024-03-24,307.39
2272,7482,2024-01-12,1442.0
2273,22173,2024-02-25,1429.2
2274,16236,2024-02-09,728.49
2275,34440,2024-03-20,119.23
2276,9304,2024-03-01,611.99
2277,31764,2024-03-03,1351.03
2278,4409,2024-02-01,488.99
2279,15128,2024-02-21,963.21
2280,20466,2024-03-04,341.19
2281,15179,2024-01-29,1251.73
2282,16049,2024-03-28,1346.49
2283,22270,2024-02-03,953.47
2284,48939,2024-04-06,965.74
2285,19682,2024-03-30,617.56
2286,18684,2024-03-06,1084.07
2287,35536,2024-02-11,759.42
2288,16108,2024-02-05,1138.59
2289,13760,2024-04-02,1455.29
2290,24494,2024-01-09,1247.77
2291,33815,2024-02-16,814.61
2292,38797,2024-02-16,1470.02
2293,9829,2024-02-10,942.06
2294,37811,2024-02-21,172.12
2295,45298,2024-03-13,1117.12
2296,36297,2024-02-15,1244.49
2297,19139,2024-03-14,271.47
2298,28890,2024-01-15,1044.59
2299,11430,2024-01-27,1387.7
2300,8474,2024-01-22,437.02
2301,31429,2024-02-24,910.71
2302,25230,2024-02-05,469.92
2303,48134,2024-03-30,1179.66
2304,5344,2024-03-20,904.54
2305,6430,2024-01-22,687.87
2306,10099,2024-01-23,121.16
2307,32320,2024-03-26,1421.61
2308,19892,2024-02-09,786.79
2309,7469,2024-03-20,1221.84
2310,34030,2024-03-21,636.49
2311,38248,2024-02-03,1285.73
2312,9621,2024-01-23,307.26
2313,24561,2024-02-27,408.72
2314,5298,2024-02-16,553.42
2315,10440,2024-02-28,205.81
2316,18111,2024-04-08,710.25
2317,9562,2024-03-06,770.01
2318,48361,2024-03-12,243.02
2319,7457,2024-02-14,686.48
2320,8664,2024-01-25,360.16
2321,43406,2024-03-01,1322.8
2322,13507,2024-01-27,803.2
2323,6891,2024-02-28,1431.79
2324,46831,2024-01-11,564.83
2325,46704,2024-04-11,564.78
2326,39127,2024-01-22,560.97
2327,38473,2024-01-11,460.96
2328,6194,2024-01-19,1193.62
2329,33181,2024-03-16,481.49
2330,4253,2024-01-07,488.98
2331,15954,2024-02-08,146.59
2332,30521,2024-02-13,1450.81
2333,22808,2024-01-16,1338.54
2334,21584,2024-03-03,495.36
2335,2419,2024-02-10,819.49
2336,43474,2024-01-29,765.5
2337,24110,2024-01-29,204.54
2338,36561,2024-04-02,834.3
2339,31406,2024-01-26,240.92
2340,29906,2024-03-17,696.41
2341,1955,2024-03-07,204.68
2342,35072,2024-01-29,916.26
2343,45791,2024-01-30,149.59
2344,10658,2024-03-31,972.37
2345,3026,2024-03-31,1084.25
2346,27392,2024-02-01,890.63
2347,13971,2024-02-29,746.68
2348,2117,2024-03-24,166.33
2349,44219,2024-03-22,96.12
2350,18634,2024-01-25,566.25
2351,7921,2024-02-14,1175.18
2352,31123,2024-01-20,999.13
2353,7343,2024-03-25,257.9
2354,22168,2024-02-11,1056.87
2355,14132,2024-03-24,896.38
2356,2869,2024-01-10,316.75
2357,3654,2024-04-03,1152.53
2358,21995,2024-03-17,1259.03
2359,22372,2024-02-14,410.23
2360,26474,2024-04-09,982.96
2361,9737,2024-03-21,616.95
2362,49794,2024-03-04,163.01
2363,26601,2024-01-28,1303.12
2364,25542,2024-03-07,1245.46
2365,38906,2024-02-10,531.48
2366,15086,2024-01-21,834.74
2367,40413,2024-03-27,807.56
2368,18279,2024-01-29,331.99
2369,18290,2024-01-24,286.86
2370,2970,2024-02-10,1278.86
2371,28557,2024-01-18,1311.65
2372,6836,2024-04-03,1109.76
2373,45468,2024-01-14,183.33
2374,13580,2024-03-07,1370.98
2375,32129,2024-02-25,1472.67
2376,23444,2024-02-13,1181.37
2377,145,2024-01-29,581.85
2378,29707,2024-03-28,656.2
2379,9878,2024-02-09,1314.88
2380,17582,2024-03-27,477.86
2381,33252,2024-03-28,281.44
2382,16345,2024-02-21,1248.38
2383,24104,2024-01-31,354.53
2384,47235,2024-03-31,1368.37
2385,4623,2024-03-03,925.87
2386,40553,2024-01-31,868.63
2387,1254,2024-02-13,1181.56
2388,13076,2024-02-18,103.38
2389,28365,2024-01-27,1093.23
2390,7144,2024-04-01,929.86
2391,17839,2024-01-26,823.77
2392,31493,2024-03-18,388.6
2393,30169,2024-03-10,1257.8
2394,41841,2024-02-22,435.92
2395,40085,2024-01-24,775.48
2396,12801,2024-01-07,304.47
2397,6195,2024-02-22,1462.67
2398,13686,2024-02-09,356.24
2399,23380,2024-01-12,1220.57
2400,27064,2024-01-26,453.57
2401,34163,2024-02-19,443.58
2402,45521,2024-03-29,678.83
2403,16543,2024-01-15,1281.1
2404,14564,2024-02-13,1056.33
2405,26766,2024-03-21,1317.72
2406,49616,2024-01-20,147.04
2407,10854,2024-03-17,1437.08
2408,29181,2024-03-25,189.53
2409,39363,2024-02-02,1103.91
2410,38960,2024-01-17,374.19
2411,12372,2024-03-16,1274.0
2412,44510,2024-01-23,1304.55
2413,28233,2024-02-14,862.77
2414,12124,2024-02-15,652.08
2415,17312,2024-02-04,1206.59
2416,33818,2024-03-14,1321.12
2417,3618,2024-03-30,1128.33
2418,1122,2024-02-12,1367.82
2419,48746,2024-02-24,969.67
2420,26186,2024-03-27,1032.07
2421,31589,2024-03-21,892.04
2422,43814,2024-01-19,773.19
2423,24804,2024-03-07,1009.9
2424,28453,2024-03-19,876.84
2425,35352,2024-02-20,1118.36
2426,32606,2024-02-29,1406.61
2427,31578,2024-03-11,609.73
2428,32898,2024-03-16,663.86
2429,21749,2024-03-17,101.35
2430,10211,2024-04-03,828.39
2431,30479,2024-03-15,266.59
2432,24527,2024-02-13,1096.72
2433,39454,2024-01-29,1187.01
2434,48003,2024-02-29,1106.29
2435,21366,2024-01-17,856.23
2436,22816,2024-02-09,838.59
2437,33754,2024-03-29,998.11
2438,41620,2024-02-04,867.68
2439,20331,2024-03-17,1145.41
2440,27652,2024-02-18,1350.23
2441,16034,2024-03-26,841.3
2442,45694,2024-04-02,236.69
2443,43868,2024-03-13,266.07
2444,7880,2024-02-23,613.8
2445,2085,2024-01-23,784.74
2446,36921,2024-02-22,399.57
2447,12688,2024-02-15,722.91
2448,13322,2024-03-25,272.74
2449,17833,2024-03-23,421.98
2450,32611,2024-01-31,1122.22
2451,46169,2024-02-06,1479.51
2452,45418,2024-03-25,344.41
2453,4036,2024-02-07,561.52
2454,23657,2024-03-14,577.98
2455,19013,2024-03-07,397.12
2456,44034,2024-01-10,369.76
2457,400,2024-01-13,267.01
2458,28161,2024-03-20,1368.67
2459,17437,2024-01-07,1002.11
2460,41096,2024-02-12,492.46
2461,22495,2024-01-19,446.49
2462,30823,2024-01-25,917.41
2463,20051,2024-02-05,1070.06
2464,40023,2024-03-18,439.27
2465,12760,2024-02-25,572.97
2466,31167,2024-02-28,492.67
2467,6468,2024-01-31,204.55
2468,32238,2024-01-20,628.87
2469,1373,2024-02-09,837.73
2470,38359,2024-04-02,1010.62
2471,927,2024-02-01,671.77
2472,35818,2024-04-03,1476.39
2473,10116,2024-02-14,968.69
2474,8319,2024-03-10,1338.95
2475,26073,2024-04-09,1380.7
2476,29730,2024-04-04,1246.39
2477,9626,2024-01-12,463.38
2478,3786,2024-01-09,692.41
2479,20886,2024-03-28,80.55
2480,6905,2024-02-05,721.0
2481,6479,2024-01-23,497.13
2482,27149,2024-01-24,238.89
2483,33658,2024-04-07,1270.79
2484,38900,2024-02-21,1036.29
2485,26817,2024-02-14,1498.73
2486,35547,2024-04-01,787.71
2487,41572,2024-03-19,549.6
2488,24448,2024-01-21,454.61
2489,30246,2024-01-16,698.21
2490,22558,2024-03-28,520.02
2491,45579,2024-03-09,1486.88
2492,17736,2024-03-24,339.57
2493,25981,2024-01-11,107.16
2494,5865,2024-03-19,264.6
2495,6530,2024-03-22,1345.98
2496,10537,2024-01-26,1065.37
2497,28213,2024-03-26,1193.24
2498,7361,2024-03-09,535.07
2499,38903,2024-03-11,964.24
2500,12511,2024-02-05,1085.22
2501,10454,2024-01-14,543.51
2502,18378,2024-01-23,1108.83
2503,20738,2024-02-26,974.12
2504,43336,2024-01-14,500.65
2505,8394,2024-03-19,155.06
2506,21103,2024-02-09,417.77
2507,1163,2024-03-05,959.74
2508,2532,2024-03-02,930.62
2509,7845,2024-03-22,800.86
2510,26048,2024-02-21,437.09
2511,39017,2024-02-01,711.24
2512,41843,2024-04-03,284.54
2513,12703,2024-01-23,1020.58
2514,33513,2024-01-07,1314.21
2515,19803,2024-04-03,738.43
2516,5752,2024-02-07,382.46
2517,34356,2024-02-09,1255.6
2518,30770,2024-01-18,524.57
2519,36493,2024-01-09,923.43
2520,25058,2024-03-17,187.1
2521,15822,2024-01-10,1099.47
2522,28284,2024-02-04,734.15
2523,13651,2024-03-10,681.16
2524,40571,2024-03-24,1407.47
2525,17173,2024-01-26,777.92
2526,12284,2024-03-07,103.79
2527,35461,2024-02-15,1442.95
2528,34060,2024-02-22,97.34
2529,35236,2024-04-07,840.93
2530,26634,2024-03-20,979.71
2531,24471,2024-01-03,1350.17
2532,18416,2024-03-19,1044.48
2533,18955,2024-04-06,1231.81
2534,37194,2024-01-07,1173.29
2535,20719,2024-02-29,383.22
2536,37401,2024-01-26,1074.66
2537,3264,2024-01-28,985.37
2538,46180,2024-02-07,426.44
2539,31126,2024-01-16,262.23
2540,42233,2024-03-10,1147.33
2541,43714,2024-01-28,1459.0
2542,7025,2024-02-11,1128.59
2543,17499,2024-02-01,1144.22
2544,29713,2024-02-20,316.72
2545,32788,2024-02-16,430.82
2546,15108,2024-01-10,911.78
2547,2477,2024-02-21,124.63
2548,48078,2024-02-20,1028.45
2549,11349,2024-02-29,285.63
2550,29035,2024-03-22,667.02
2551,1912,2024-03-02,534.67
2552,27728,2024-01-23,231.17
2553,36500,2024-01-15,901.86
2554,42094,2024-03-19,592.97
2555,49531,2024-04-03,142.46
2556,27312,2024-02-10,711.08
2557,14599,2024-02-21,918.17
2558,12075,2024-03-15,265.19
2559,41321,2024-01-17,910.69
2560,28988,2024-03-17,508.87
2561,2099,2024-01-16,448.7
2562,19534,2024-03-12,1209.59
2563,34940,2024-03-02,744.19
2564,8024,2024-01-26,616.65
2565,13254,2024-02-27,1234.49
2566,1986,2024-03-09,1372.69
2567,26012,2024-03-28,527.42
2568,3336,2024-01-14,151.57
2569,26621,2024-02-01,847.82
2570,11745,2024-03-11,1095.52
2571,18477,2024-02-06,914.66
2572,47612,2024-03-30,1057.04
2573,25537,2024-03-28,998.35
2574,20865,2024-03-06,1437.51
2575,43447,2024-02-08,1309.6
2576,8007,2024-02-13,267.22
2577,29077,2024-04-01,722.7
2578,43721,2024-01-08,725.77
2579,23001,2024-03-24,727.99
2580,28194,2024-01-23,1401.6
2581,21513,2024-01-27,544.61
2582,21025,2024-03-14,952.27
2583,15295,2024-02-07,1352.77
2584,11662,2024-03-10,151.76
2585,31719,2024-03-25,1327.55
2586,42116,2024-04-10,1166.24
2587,28242,2024-02-22,375.18
2588,43152,2024-01-31,542.23
2589,9695,2024-04-13,521.03
2590,25566,2024-03-28,394.26
2591,34445,2024-01-29,986.7
2592,14110,2024-03-25,1475.62
2593,12959,2024-04-13,316.59
2594,23315,2024-02-12,409.71
2595,17927,2024-01-26,492.33
2596,20414,2024-01-25,1411.35
2597,22459,2024-03-22,968.67
2598,44363,2024-03-11,381.99
2599,5677,2024-01-28,1221.66
2600,43367,2024-01-10,1390.48
2601,33872,2024-02-12,652.89
2602,610,2024-01-13,325.4
2603,30921,2024-01-24,520.08
2604,25260,2024-03-14,388.3
2605,30394,2024-02-23,366.03
2606,38326,2024-02-03,322.52
2607,44289,2024-02-21,1323.99
2608,48465,2024-02-07,201.96
2609,9290,2024-01-13,666.96
2610,26407,2024-04-05,100.92
2611,28059,2024-01-31,496.62
2612,22296,2024-01-12,1083.85
2613,22052,2024-03-15,368.03
2614,44452,2024-03-09,1498.2
2615,12513,2024-02-15,148.58
2616,48576,2024-01-15,273.81
2617,18776,2024-01-24,1197.37
2618,15715,2024-03-02,1465.92
2619,7977,2024-04-04,1434.7
2620,33176,2024-01-19,1213.5
2621,47635,2024-03-07,1461.64
2622,8345,2024-02-27,1273.93
2623,30590,2024-02-09,162.4
2624,11898,2024-01-14,1280.8
2625,25496,2024-01-15,766.97
2626,22322,2024-04-04,728.59
2627,17680,2024-03-20,83.59
2628,12470,2024-01-14,960.77
2629,4658,2024-01-25,1033.68
2630,48394,2024-03-06,1202.82
2631,1688,2024-01-27,542.85
2632,22182,2024-01-28,261.95
2633,12792,2024-02-03,704.59
2634,8041,2024-01-15,594.45
2635,31062,2024-01-16,1149.45
2636,35027,2024-04-06,405.8
2637,14830,2024-01-03,276.2
2638,38849,2024-03-21,705.06
2639,20063,2024-01-07,971.75
2640,28278,2024-02-28,479.02
2641,34548,2024-03-19,242.5
2642,10905,2024-02-27,703.55
2643,19221,2024-02-09,1445.87
2644,24430,2024-03-20,1453.59
2645,47350,2024-03-17,1086.33
2646,18112,2024-03-27,1183.56
2647,3542,2024-01-13,368.98
2648,25563,2024-03-10,612.01
2649,6760,2024-02-09,938.75
2650,33830,2024-03-11,1145.59
2651,21276,2024-03-24,316.61
2652,38233,2024-01-24,729.83
2653,14351,2024-02-16,311.11
2654,1227,2024-01-14,979.37
2655,9160,2024-02-17,1176.47
2656,25666,2024-03-29,1263.3
2657,20545,2024-03-23,1119.96
2658,4120,2024-03-23,305.99
2659,278,2024-02-20,1256.34
2660,19037,2024-03-30,554.87
2661,20047,2024-02-18,1266.79
2662,38649,2024-02-17,436.28
2663,37313,2024-03-12,755.5
2664,854,2024-02-24,898.73
2665,43087,2024-02-18,129.3
2666,46494,2024-03-26,1363.25
2667,19536,2024-04-01,806.39
2668,16464,2024-01-20,352.7
2669,36747,2024-01-26,308.35
2670,29861,2024-01-29,1054.9
2671,885,2024-02-02,196.06
2672,47843,2024-03-05,704.55
2673,21462,2024-03-11,847.19
2674,9404,2024-02-08,411.05
2675,33416,2024-01-13,263.46
2676,40744,2024-02-08,776.8
2677,23977,2024-01-21,563.27
2678,28140,2024-03-03,279.14
2679,46079,2024-02-06,378.73
2680,20718,2024-01-11,748.73
2681,27648,2024-03-08,268.93
2682,29971,2024-04-09,1409.29
2683,24243,2024-03-20,1181.15
2684,3036,2024-01-19,542.29
2685,6977,2024-04-05,446.87
2686,31766,2024-02-05,1321.5
2687,23702,2024-02-23,686.24
2688,22078,2024-01-19,1305.06
2689,19236,2024-03-09,1134.29
2690,19893,2024-03-19,210.81
2691,36415,2024-02-18,1235.32
2692,43916,2024-01-20,846.63
2693,14698,2024-04-04,1042.19
2694,28276,2024-02-10,390.99
2695,49862,2024-03-24,80.38
2696,49925,2024-03-27,553.84
2697,49960,2024-02-07,350.69
2698,10093,2024-01-22,698.01
2699,47577,2024-03-06,209.07
2700,34859,2024-01-22,1350.97
2701,12806,2024-02-28,248.59
2702,12423,2024-03-16,1165.14
2703,28729,2024-02-20,1413.84
2704,41924,2024-01-29,290.48
2705,28237,2024-02-11,572.0
2706,23311,2024-02-27,1118.11
2707,27812,2024-03-08,1094.54
2708,14712,2024-01-19,133.1
2709,18795,2024-04-11,180.39
2710,6889,2024-02-05,250.6
2711,772,2024-01-13,886.59
2712,2768,2024-03-19,158.16
2713,33763,2024-02-11,915.54
2714,43247,2024-01-24,566.3
2715,32833,2024-03-03,1030.56
2716,13063,2024-01-17,1190.5
2717,44157,2024-04-09,1203.79
2718,34737,2024-01-24,133.44
2719,24514,2024-02-16,1425.02
2720,46126,2024-02-14,913.04
2721,38235,2024-01-22,1351.89
2722,25210,2024-02-27,953.51
2723,26935,2024-03-10,767.45
2724,21363,2024-02-05,1116.21
2725,32641,2024-04-01,391.58
2726,46346,2024-01-09,226.58
2727,22573,2024-01-27,208.51
2728,31855,2024-01-24,1285.77
2729,5224,2024-03-06,1375.67
2730,13180,2024-03-26,1236.47
2731,17124,2024-03-06,1364.3
2732,20090,2024-04-04,1478.38
2733,5967,2024-03-20,827.0
2734,36448,2024-01-04,298.51
2735,647,2024-02-14,943.26
2736,3781,2024-02-02,582.53
2737,20232,2024-01-10,571.96
2738,19264,2024-03-21,1113.49
2739,24762,2024-02-10,208.72
2740,17161,2024-01-13,133.29
2741,30810,2024-03-12,1067.29
2742,19736,2024-01-31,450.24
2743,47429,2024-03-16,627.41
2744,38060,2024-01-18,516.84
2745,430,2024-02-18,953.07
2746,9912,2024-02-22,299.41
2747,4017,2024-04-02,1103.24
2748,2976,2024-02-10,1393.4
2749,22228,2024-01-26,1267.27
2750,46023,2024-03-14,1367.99
2751,31428,2024-01-29,1410.64
2752,38534,2024-03-15,608.71
2753,32234,2024-02-20,1209.95
2754,37011,2024-03-31,782.65
2755,18751,2024-01-12,463.08
2756,46249,2024-03-27,1140.57
2757,8410,2024-04-03,426.66
2758,10407,2024-02-18,235.66
2759,23956,2024-01-23,1080.56
2760,23042,2024-03-15,488.33
2761,19834,2024-03-21,514.4
2762,48428,2024-03-23,1331.19
2763,7269,2024-03-11,272.47
2764,44594,2024-02-12,1166.08
2765,1139,2024-01-19,628.42
2766,4986,2024-02-23,1348.07
2767,2886,2024-02-25,705.29
2768,48414,2024-04-03,660.81
2769,14978,2024-03-08,690.41
2770,38404,2024-02-06,1269.52
2771,23792,2024-04-12,94.92
2772,10994,2024-03-05,1080.91
2773,44422,2024-02-04,371.44
2774,26582,2024-04-05,1332.62
2775,3121,2024-03-30,613.82
2776,39203,2024-02-02,561.32
2777,37448,2024-02-04,1091.93
2778,4058,2024-01-23,1105.88
2779,31986,2024-02-14,979.87
2780,49292,2024-04-04,548.33
2781,18870,2024-02-20,946.7
2782,27740,2024-02-10,157.06
2783,7071,2024-03-21,1436.36
2784,33875,2024-02-15,722.85
2785,29559,2024-01-09,512.36
2786,17584,2024-03-22,1302.31
2787,43157,2024-04-07,540.32
2788,18584,2024-03-28,1495.99
2789,13459,2024-03-02,1060.65
2790,17725,2024-02-18,1002.4
2791,4570,2024-02-17,295.64
2792,31514,2024-03-28,946.01
2793,21497,2024-02-03,300.28
2794,18176,2024-03-05,1192.72
2795,6330,2024-02-13,276.53
2796,14875,2024-03-25,589.54
2797,40463,2024-02-12,756.96
2798,47442,2024-03-25,1223.37
2799,39231,2024-03-31,978.52
2800,30147,2024-01-27,1142.11
2801,49347,2024-03-23,426.44
2802,199,2024-02-04,416.91
2803,1449,2024-03-19,620.48
2804,17758,2024-03-21,106.53
2805,44012,2024-03-15,1259.6
2806,10269,2024-01-18,605.36
2807,32009,2024-03-05,175.93
2808,20834,2024-04-02,1318.55
2809,34627,2024-03-06,1454.31
2810,8660,2024-01-28,998.15
2811,10046,2024-02-17,586.36
2812,16380,2024-03-17,667.53
2813,17245,2024-03-12,443.74
2814,31571,2024-02-26,1090.01
2815,19724,2024-02-29,585.62
2816,40337,2024-01-18,126.13
2817,12619,2024-02-08,145.55
2818,5747,2024-01-25,952.94
2819,44071,2024-02-28,492.35
2820,43135,2024-02-06,319.4
2821,23576,2024-01-11,864.36
2822,47224,2024-03-30,475.38
2823,25327,2024-02-23,184.14
2824,44217,2024-01-12,354.89
2825,19820,2024-03-01,1184.63
2826,47714,2024-01-28,1289.86
2827,45674,2024-03-03,1318.45
2828,41828,2024-01-11,839.46
2829,3841,2024-02-25,1430.35
2830,34966,2024-03-12,295.37
2831,5646,2024-04-05,1043.27
2832,33932,2024-03-20,1080.05
2833,25316,2024-02-01,155.52
2834,23047,2024-02-18,481.08
2835,9673,2024-02-27,1427.65
2836,45834,2024-01-21,1157.82
2837,9243,2024-02-21,157.67
2838,35275,2024-03-04,847.93
2839,32447,2024-02-16,1001.04
2840,682,2024-02-25,1461.78
2841,45180,2024-03-07,1097.34
2842,46940,2024-02-27,986.89
2843,41769,2024-02-09,1370.11
2844,8813,2024-01-14,1018.53
2845,40265,2024-01-31,1403.61
2846,25267,2024-03-05,779.74
2847,49380,2024-03-19,1100.36
2848,28592,2024-03-24,977.09
2849,12759,2024-02-24,864.59
2850,8475,2024-02-06,540.21
2851,24803,2024-02-12,1363.37
2852,13506,2024-01-25,463.46
2853,18216,2024-02-27,306.33
2854,44985,2024-04-04,1091.11
2855,6225,2024-02-06,856.11
2856,33323,2024-01-29,453.26
2857,32157,2024-01-25,1315.84
2858,45144,2024-04-06,486.41
2859,10461,2024-03-13,170.57
2860,34111,2024-04-08,101.82
2861,36901,2024-03-01,1390.45
2862,36463,2024-03-06,651.09
2863,586,2024-02-06,383.15
2864,26502,2024-01-17,885.28
2865,39110,2024-03-09,772.8
2866,29317,2024-03-01,1499.78
2867,23209,2024-03-12,1341.68
2868,43786,2024-04-04,464.97
2869,23585,2024-01-21,1070.75
2870,47911,2024-02-06,629.79
2871,40065,2024-03-06,597.5
2872,7651,2024-03-31,601.29
2873,7585,2024-03-21,987.74
2874,40552,2024-02-19,843.94
2875,36928,2024-03-24,1152.17
2876,13374,2024-03-23,297.24
2877,13485,2024-02-16,684.11
2878,24493,2024-04-02,1301.66
2879,2464,2024-03-19,84.49
2880,9830,2024-03-13,965.36
2881,31685,2024-01-19,1195.75
2882,37429,2024-01-26,625.07
2883,20340,2024-03-16,1334.73
2884,48860,2024-03-20,1124.68
2885,44241,2024-02-05,940.59
2886,47408,2024-01-17,361.62
2887,27507,2024-02-01,1031.55
2888,17553,2024-01-06,1263.95
2889,23515,2024-03-03,1116.47
2890,26007,2024-03-08,896.3
2891,46860,2024-01-22,1094.7
2892,29597,2024-01-06,1467.18
2893,18047,2024-03-31,95.34
2894,44419,2024-01-31,1022.78
2895,31563,2024-01-07,1206.05
2896,34963,2024-03-05,987.23
2897,7056,2024-02-12,467.79
2898,7647,2024-03-11,1248.32
2899,25771,2024-03-01,1376.88
2900,43936,2024-03-02,1050.58
2901,27720,2024-01-30,805.65
2902,28449,2024-01-17,600.18
2903,48431,2024-01-07,548.68
2904,24385,2024-02-03,1106.98
2905,38940,2024-03-30,942.12
2906,36466,2024-03-07,302.73
2907,10928,2024-03-21,280.36
2908,42424,2024-01-09,180.96
2909,12895,2024-02-15,1050.59
2910,41068,2024-03-02,526.4
2911,26107,2024-03-21,108.74
2912,45575,2024-01-26,559.52
2913,3291,2024-03-20,1261.61
2914,34118,2024-03-03,431.68
2915,11428,2024-01-16,979.64
2916,15055,2024-02-16,704.33
2917,19475,2024-03-18,859.43
2918,3495,2024-01-28,926.0
2919,5265,2024-03-22,725.83
2920,12378,2024-01-21,162.16
2921,20367,2024-02-07,886.13
2922,45678,2024-01-27,644.49
2923,40830,2024-01-21,363.83
2924,6917,2024-02-28,1353.04
2925,18028,2024-01-12,1125.22
2926,37746,2024-03-05,483.38
2927,21329,2024-03-28,845.32
2928,20280,2024-04-09,1447.62
2929,41886,2024-02-27,428.56
2930,16546,2024-04-12,1425.29
2931,14068,2024-01-17,1050.37
2932,20631,2024-03-05,847.99
2933,21240,2024-02-07,1476.15
2934,27153,2024-02-29,553.87
2935,26635,2024-03-11,475.09
2936,10822,2024-02-20,562.22
2937,19016,2024-01-06,1146.22
2938,14760,2024-02-11,558.55
2939,18120,2024-02-06,225.92
2940,42882,2024-03-19,994.92
2941,36208,2024-04-07,396.64
2942,49475,2024-01-28,85.91
2943,1825,2024-01-11,362.8
2944,46195,2024-02-18,1243.19
2945,25435,2024-01-27,1415.15
2946,40079,2024-02-01,1019.97
2947,8910,2024-03-14,520.9
2948,20854,2024-03-29,699.83
2949,27451,2024-04-01,356.26
2950,31938,2024-03-10,1330.7
2951,6947,2024-03-03,1025.13
2952,9686,2024-01-11,199.87
2953,34335,2024-02-06,601.05
2954,46759,2024-02-01,843.99
2955,28475,2024-03-08,1212.21
2956,18669,2024-03-04,1387.12
2957,37157,2024-03-30,268.4
2958,3565,2024-02-14,1265.07
2959,28541,2024-01-07,173.41
2960,18050,2024-03-23,421.5
2961,28080,2024-04-04,109.84
2962,28533,2024-04-03,170.64
2963,21421,2024-01-28,126.04
2964,323,2024-04-04,287.33
2965,47971,2024-02-05,1324.67
2966,19346,2024-03-09,483.03
2967,14805,2024-04-08,761.2
2968,45992,2024-01-29,771.71
2969,45620,2024-03-14,1493.27
2970,49166,2024-03-04,597.84
2971,28280,2024-04-01,456.44
2972,38832,2024-03-18,1447.81
2973,29277,2024-03-11,921.39
2974,27489,2024-02-25,491.06
2975,43006,2024-02-04,488.23
2976,10497,2024-01-27,202.64
2977,42663,2024-03-23,870.75
2978,5529,2024-03-10,1107.64
2979,35388,2024-01-24,754.09
2980,31209,2024-02-08,1335.9
2981,40988,2024-03-05,767.23
2982,21333,2024-02-24,571.83
2983,3403,2024-01-23,436.11
2984,7781,2024-01-17,425.48
2985,27136,2024-03-31,529.45
2986,45930,2024-01-19,1488.6
2987,25716,2024-01-25,592.37
2988,22230,2024-01-18,824.93
2989,483,2024-01-06,470.04
2990,28662,2024-03-31,283.82
2991,14182,2024-02-02,997.08
2992,39685,2024-01-16,854.21
2993,8791,2024-01-18,176.31
2994,38979,2024-02-10,1333.56
2995,40402,2024-01-31,800.95
2996,2875,2024-03-08,556.15
2997,45436,2024-02-23,1186.69
2998,22604,2024-02-02,239.17
2999,37028,2024-02-13,752.77
3000,44394,2024-03-29,859.26
3001,4216,2024-02-28,1180.68
3002,33068,2024-03-19,605.75
3003,13592,2024-04-02,1294.05
3004,44341,2024-02-16,1070.7
3005,38870,2024-03-30,1174.93
3006,46869,2024-03-31,1456.09
3007,374,2024-02-19,1279.55
3008,48582,2024-03-23,572.44
3009,39617,2024-02-05,997.05
3010,27089,2024-02-17,1313.43
3011,32025,2024-02-25,825.67
3012,21635,2024-02-08,1049.58
3013,4580,2024-03-13,324.61
3014,39393,2024-02-10,1238.6
3015,17783,2024-02-08,1155.59
3016,40303,2024-03-10,1342.23
3017,19517,2024-01-23,1088.41
3018,28310,2024-02-10,1325.2
3019,12618,2024-03-02,310.35
3020,35499,2024-02-18,1235.38
3021,35885,2024-04-12,1433.21
3022,31745,2024-02-19,1238.02
3023,48721,2024-03-17,953.62
3024,13912,2024-02-13,1395.63
3025,7095,2024-01-24,214.17
3026,15401,2024-03-21,103.95
3027,42130,2024-01-31,1450.75
3028,29298,2024-03-23,1049.87
3029,33130,2024-01-20,242.12
3030,29117,2024-02-19,562.82
3031,7688,2024-03-06,1143.3
3032,45115,2024-02-01,1145.55
3033,63,2024-02-16,321.39
3034,25110,2024-01-21,747.61
3035,12025,2024-03-07,1226.38
3036,37596,2024-02-27,1452.85
3037,7893,2024-02-03,964.04
3038,20266,2024-03-26,986.15
3039,49707,2024-01-17,746.48
3040,47293,2024-02-08,845.46
3041,22682,2024-02-02,220.49
3042,29910,2024-03-21,576.42
3043,2386,2024-03-09,800.36
3044,25885,2024-03-12,470.47
3045,3185,2024-03-07,590.96
3046,21753,2024-01-07,1459.1
3047,8359,2024-02-09,87.39
3048,4996,2024-02-28,509.75
3049,19991,2024-02-01,909.21
3050,37219,2024-02-10,476.13
3051,45048,2024-03-05,1040.58
3052,13735,2024-02-27,504.97
3053,6112,2024-02-12,986.25
3054,5374,2024-03-14,1286.8
3055,42275,2024-03-14,1015.27
3056,12432,2024-03-12,150.84
3057,7919,2024-03-21,1209.2
3058,35812,2024-02-05,382.18
3059,37631,2024-03-26,981.4
3060,12141,2024-02-24,998.36
3061,39635,2024-02-01,1221.31
3062,9646,2024-03-27,798.27
3063,43842,2024-04-09,613.87
3064,36449,2024-03-08,815.6
3065,25314,2024-03-17,854.97
3066,46536,2024-01-20,1246.58
3067,5305,2024-04-07,371.2
3068,38770,2024-01-28,1282.5
3069,22446,2024-02-15,599.3
3070,10325,2024-01-09,1136.28
3071,37747,2024-02-17,556.71
3072,41365,2024-01-29,1086.62
3073,3181,2024-03-03,1214.83
3074,29110,2024-04-08,872.45
3075,26630,2024-03-20,959.75
3076,17021,2024-03-17,1085.02
3077,4615,2024-02-21,1057.57
3078,30559,2024-02-13,1112.93
3079,429,2024-03-05,1286.54
3080,45145,2024-03-13,393.13
3081,36166,2024-02-08,384.92
3082,46192,2024-01-07,1458.37
3083,43339,2024-01-21,1288.88
3084,21862,2024-03-12,920.22
3085,24212,2024-03-25,91.61
3086,10366,2024-02-10,1293.76
3087,39273,2024-02-07,1147.27
3088,33413,2024-03-18,1438.05
3089,20850,2024-03-06,98.69
3090,16843,2024-03-22,120.51
3091,9999,2024-01-13,814.78
3092,23187,2024-03-27,1295.59
3093,7498,2024-03-16,1487.67
3094,5460,2024-04-01,534.44
3095,4574,2024-01-27,131.64
3096,8172,2024-01-25,357.62
3097,33840,2024-02-25,1325.35
3098,23589,2024-03-23,742.36
3099,41913,2024-03-10,1291.7
3100,7295,2024-03-09,710.35
3101,25914,2024-03-01,155.81
3102,16358,2024-03-17,956.96
3103,36330,2024-03-10,698.67
3104,46763,2024-01-29,777.72
3105,13264,2024-01-21,1427.54
3106,33511,2024-01-27,729.05
3107,44106,2024-01-21,1211.07
3108,11193,2024-03-12,163.66
3109,27639,2024-01-12,760.24
3110,35306,2024-03-18,913.11
3111,17715,2024-03-25,240.79
3112,32664,2024-02-18,509.17
3113,13168,2024-03-14,1130.22
3114,25291,2024-03-20,341.15
3115,27402,2024-01-29,262.4
3116,12458,2024-02-17,504.97
3117,2186,2024-01-28,1299.73
3118,37088,2024-02-17,1163.38
3119,21359,2024-02-25,1183.06
3120,40554,2024-01-18,537.89
3121,25254,2024-03-08,220.49
3122,2495,2024-03-30,125.37
3123,11033,2024-01-25,912.4
3124,13612,2024-03-13,1077.25
3125,26445,2024-03-05,616.61
3126,41258,2024-03-02,830.98
3127,11763,2024-03-15,476.19
3128,5236,2024-03-26,597.31
3129,5764,2024-02-08,1116.34
3130,19733,2024-03-31,1099.87
3131,39018,2024-02-19,119.89
3132,36079,2024-04-05,1420.81
3133,44768,2024-02-19,462.0
3134,28281,2024-02-16,1368.77
3135,46355,2024-02-10,806.89
3136,42759,2024-03-07,788.84
3137,48921,2024-03-04,719.87
3138,47079,2024-03-14,1389.85
3139,18152,2024-02-18,375.51
3140,41441,2024-04-02,948.54
3141,18347,2024-03-21,531.25
3142,21523,2024-04-05,1379.64
3143,39093,2024-03-16,320.46
3144,29609,2024-03-17,1040.19
3145,19137,2024-03-31,678.9
3146,9385,2024-04-06,1018.94
3147,21113,2024-03-19,303.8
3148,43031,2024-01-19,639.0
3149,16159,2024-03-31,232.31
3150,24593,2024-03-15,1455.66
3151,27462,2024-04-03,383.87
3152,10167,2024-03-22,1490.38
3153,34916,2024-01-10,674.27
3154,34138,2024-03-02,181.6
3155,31231,2024-01-24,104.96
3156,44958,2024-03-03,930.52
3157,3031,2024-03-10,952.92
3158,29207,2024-04-12,825.21
3159,31461,2024-03-24,174.29
3160,40777,2024-03-18,550.74
3161,43706,2024-02-06,589.88
3162,28615,2024-03-09,1080.84
3163,30871,2024-01-06,674.77
3164,9069,2024-01-30,893.61
3165,22922,2024-01-27,486.59
3166,36212,2024-01-28,1110.89
3167,30421,2024-01-04,146.41
3168,3228,2024-03-22,1483.68
3169,44490,2024-03-03,990.92
3170,25420,2024-03-05,291.38
3171,32344,2024-03-24,1098.84
3172,30373,2024-02-09,1196.91
3173,18380,2024-03-16,1199.81
3174,35716,2024-02-22,464.44
3175,43932,2024-01-17,1441.27
3176,5708,2024-03-21,105.19
3177,49578,2024-02-27,619.37
3178,26773,2024-03-30,227.99
3179,37655,2024-03-15,626.5
3180,386,2024-03-13,161.26
3181,39191,2024-03-03,995.87
3182,3376,2024-03-29,168.69
3183,29725,2024-02-07,954.5
3184,18893,2024-02-25,412.4
3185,30062,2024-02-27,334.39
3186,3864,2024-03-25,572.74
3187,43116,2024-03-05,990.16
3188,7210,2024-01-26,901.04
3189,3367,2024-03-22,1046.27
3190,14442,2024-02-24,1384.95
3191,15971,2024-02-02,368.69
3192,45343,2024-02-15,666.97
3193,6076,2024-02-24,457.47
3194,32811,2024-02-26,912.61
3195,47849,2024-02-20,482.43
3196,38202,2024-04-04,872.38
3197,32662,2024-02-22,1248.89
3198,2096,2024-03-03,862.34
3199,28781,2024-01-12,1270.14
3200,42963,2024-03-13,948.12
3201,31466,2024-02-11,1315.83
3202,3759,2024-01-23,1401.19
3203,30137,2024-02-15,801.09
3204,13343,2024-01-29,1202.72
3205,37834,2024-02-25,745.72
3206,16919,2024-02-26,1081.38
3207,26793,2024-02-28,133.26
3208,28792,2024-04-03,1453.02
3209,46386,2024-01-22,1349.95
3210,47795,2024-01-08,1348.47
3211,13675,2024-01-23,479.38
3212,19394,2024-02-06,482.1
3213,16766,2024-02-16,651.69
3214,11314,2024-03-29,1329.87
3215,46457,2024-03-27,1299.27
3216,22609,2024-01-27,491.03
3217,8921,2024-02-11,849.32
3218,1282,2024-01-23,754.74
3219,46450,2024-01-30,1003.96
3220,33864,2024-03-31,383.74
3221,9065,2024-03-02,200.77
3222,39822,2024-03-26,118.7
3223,23078,2024-04-01,621.61
3224,24066,2024-04-11,1424.19
3225,915,2024-03-17,1052.44
3226,22126,2024-02-22,1143.76
3227,23365,2024-03-19,1422.13
3228,31432,2024-03-20,679.31
3229,26750,2024-01-24,753.6
3230,33780,2024-01-29,590.55
3231,41928,2024-02-28,337.55
3232,17472,2024-03-01,1168.28
3233,19316,2024-01-26,1367.49
3234,44429,2024-02-05,1235.7
3235,32657,2024-04-05,147.76
3236,36918,2024-01-17,504.79
3237,899,2024-03-30,920.76
3238,23559,2024-02-14,544.6
3239,46238,2024-02-24,293.17
3240,40171,2024-02-23,844.48
3241,23308,2024-01-14,820.52
3242,17629,2024-04-04,1088.05
3243,17519,2024-03-07,1499.81
3244,972,2024-03-18,1000.5
3245,35853,2024-03-11,529.98
3246,12131,2024-03-25,1438.06
3247,11462,2024-02-14,891.25
3248,18695,2024-02-14,996.95
3249,44136,2024-03-06,587.74
3250,11049,2024-02-20,721.61
3251,18127,2024-02-11,674.46
3252,6527,2024-01-29,1409.43
3253,35963,2024-02-12,1229.62
3254,2133,2024-03-04,208.8
3255,32291,2024-02-01,525.69
3256,11225,2024-01-31,159.08
3257,49691,2024-02-06,813.8
3258,2373,2024-01-22,476.78
3259,19000,2024-02-10,184.23
3260,6485,2024-01-25,1176.25
3261,18254,2024-03-19,209.4
3262,38924,2024-02-13,465.62
3263,8616,2024-03-12,1175.72
3264,28323,2024-03-29,806.43
3265,36524,2024-02-21,1240.3
3266,8579,2024-03-30,668.56
3267,42514,2024-01-22,1237.1
3268,8021,2024-02-08,844.19
3269,47345,2024-03-06,204.89
3270,39101,2024-02-17,749.52
3271,38367,2024-01-26,866.03
3272,1013,2024-03-31,949.18
3273,2248,2024-03-02,1397.59
3274,21318,2024-02-16,340.65
3275,44843,2024-02-17,940.56
3276,33284,2024-02-15,1147.87
3277,37639,2024-01-20,1343.74
3278,41587,2024-04-07,825.93
3279,49129,2024-02-26,383.81
3280,48363,2024-02-12,1241.11
3281,44020,2024-02-15,1365.17
3282,20496,2024-01-31,231.04
3283,5568,2024-03-25,406.2
3284,11833,2024-02-19,1317.48
3285,38331,2024-01-28,767.87
3286,32212,2024-01-21,320.12
3287,25616,2024-03-11,996.32
3288,44932,2024-04-06,730.77
3289,232,2024-03-26,1454.5
3290,38515,2024-02-13,396.25
3291,41664,2024-04-02,594.27
3292,5978,2024-01-19,315.93
3293,6649,2024-03-19,150.62
3294,40880,2024-03-10,468.94
3295,37519,2024-03-08,1244.16
3296,17610,2024-03-31,459.47
3297,28060,2024-03-31,1068.81
3298,12258,2024-02-20,826.95
3299,23746,2024-03-20,817.99
3300,21357,2024-03-31,1189.79
3301,2894,2024-02-12,957.23
3302,24415,2024-01-24,307.0
3303,14230,2024-03-22,393.49
3304,23400,2024-01-23,852.17
3305,2639,2024-03-31,1280.35
3306,47262,2024-01-29,296.29
3307,10152,2024-03-05,231.79
3308,45311,2024-03-28,814.9
3309,14418,2024-03-08,347.88
3310,39357,2024-02-14,1491.81
3311,30251,2024-01-24,86.19
3312,28593,2024-01-15,717.39
3313,48389,2024-01-05,310.81
3314,21211,2024-01-18,1047.13
3315,42733,2024-02-22,974.79
3316,10971,2024-01-20,1226.04
3317,31538,2024-04-11,880.03
3318,26534,2024-03-06,348.9
3319,29312,2024-02-13,155.71
3320,36836,2024-03-07,1105.45
3321,5932,2024-02-02,704.69
3322,3805,2024-03-03,395.54
3323,30203,2024-02-04,437.59
3324,33212,2024-03-12,291.62
3325,48170,2024-02-14,482.68
3326,2981,2024-03-04,1204.67
3327,16786,2024-01-14,961.34
3328,25498,2024-01-21,1482.11
3329,3738,2024-03-20,824.48
3330,31467,2024-03-11,820.52
3331,21681,2024-04-06,351.77
3332,47030,2024-02-26,912.77
3333,20993,2024-02-13,943.88
3334,23410,2024-01-27,373.27
3335,4378,2024-01-30,204.91
3336,24848,2024-03-10,603.66
3337,45656,2024-01-05,324.39
3338,42861,2024-01-19,794.55
3339,43942,2024-03-13,827.08
3340,3096,2024-01-18,943.58
3341,36268,2024-04-05,936.02
3342,14278,2024-02-24,1038.33
3343,11592,2024-03-29,407.25
3344,44476,2024-01-19,1117.8
3345,46566,2024-01-14,825.25
3346,43711,2024-04-02,700.97
3347,38692,2024-02-11,1000.01
3348,27025,2024-01-20,791.79
3349,38845,2024-02-13,826.45
3350,30142,2024-03-03,113.01
3351,8395,2024-01-26,1218.89
3352,4606,2024-02-02,682.33
3353,33052,2024-03-31,815.67
3354,35010,2024-03-10,633.67
3355,16696,2024-01-19,863.17
3356,24588,2024-03-18,156.74
3357,18984,2024-02-10,625.15
3358,5716,2024-02-04,1029.52
3359,34076,2024-01-13,1412.59
3360,41052,2024-02-25,1285.84
3361,22740,2024-02-19,1447.2
3362,32477,2024-04-04,1189.75
3363,42199,2024-02-28,978.32
3364,23866,2024-04-02,681.05
3365,48816,2024-02-23,254.86
3366,42085,2024-02-12,436.14
3367,1877,2024-03-16,465.07
3368,7790,2024-02-06,687.59
3369,4306,2024-02-20,945.97
3370,626,2024-02-05,958.5
3371,39756,2024-02-14,726.87
3372,15001,2024-02-27,469.99
3373,15645,2024-03-08,160.22
3374,30603,2024-03-10,1484.15
3375,29898,2024-01-27,1414.18
3376,34420,2024-03-03,339.75
3377,41101,2024-02-11,939.66
3378,14033,2024-01-14,499.83
3379,19141,2024-01-24,356.09
3380,35631,2024-03-28,1051.86
3381,48655,2024-02-25,1196.39
3382,35023,2024-02-10,657.36
3383,46127,2024-02-15,163.87
3384,5611,2024-03-18,650.12
3385,39232,2024-01-23,835.72
3386,10645,2024-01-29,1348.37
3387,49989,2024-04-09,1012.66
3388,19372,2024-01-06,1088.9
3389,35076,2024-03-17,367.74
3390,45172,2024-02-05,1102.79
3391,4385,2024-03-27,792.59
3392,14459,2024-01-19,1244.98
3393,16477,2024-01-19,387.24
3394,12762,2024-03-31,811.1
3395,24555,2024-03-10,377.46
3396,20454,2024-02-15,486.0
3397,481,2024-02-24,1261.73
3398,37869,2024-03-19,1056.67
3399,42002,2024-03-09,1114.45
3400,42704,2024-04-05,177.32
3401,38466,2024-03-14,1114.83
3402,12981,2024-03-19,777.8
3403,9734,2024-01-08,731.98
3404,26183,2024-03-20,665.93
3405,28681,2024-02-02,1289.55
3406,15190,2024-01-22,332.0
3407,45947,2024-02-14,1236.04
3408,36080,2024-01-09,1398.22
3409,31256,2024-04-06,318.9
3410,47127,2024-02-01,1499.43
3411,26493,2024-02-24,1486.56
3412,47923,2024-01-15,962.27
3413,7328,2024-02-07,461.32
3414,274,2024-02-08,690.07
3415,29651,2024-03-17,321.94
3416,32907,2024-03-21,250.69
3417,15040,2024-03-17,1079.72
3418,23849,2024-04-03,903.38
3419,32854,2024-03-08,880.27
3420,15109,2024-02-05,431.82
3421,16160,2024-01-15,413.57
3422,42475,2024-01-15,1485.42
3423,2175,2024-03-26,972.86
3424,43099,2024-04-10,1243.63
3425,26678,2024-02-27,617.49
3426,20125,2024-03-07,1278.03
3427,46575,2024-02-22,1105.78
3428,38342,2024-01-16,577.18
3429,31064,2024-04-02,1099.13
3430,4352,2024-02-18,1394.38
3431,15299,2024-03-16,383.5
3432,759,2024-01-10,857.64
3433,25813,2024-01-25,1452.64
3434,23973,2024-01-26,1246.39
3435,22141,2024-04-02,960.81
3436,7515,2024-04-04,179.07
3437,1819,2024-03-28,656.98
3438,13820,2024-01-17,1004.09
3439,46526,2024-01-21,661.72
3440,42048,2024-02-11,1495.86
3441,27012,2024-02-05,1149.82
3442,47048,2024-02-29,345.66
3443,14364,2024-03-17,776.35
3444,13905,2024-03-14,625.24
3445,36896,2024-03-22,923.26
3446,38798,2024-02-11,714.12
3447,44982,2024-03-27,417.82
3448,32837,2024-02-08,1108.61
3449,44959,2024-04-02,231.46
3450,29503,2024-03-31,835.63
3451,34119,2024-03-09,520.43
3452,25431,2024-04-06,1452.47
3453,25377,2024-01-10,511.06
3454,48787,2024-01-13,564.14
3455,40185,2024-02-17,1084.06
3456,17594,2024-03-16,262.43
3457,22679,2024-04-02,540.97
3458,15240,2024-02-12,1068.2
3459,8405,2024-01-13,123.67
3460,11397,2024-03-29,521.62
3461,38655,2024-04-10,91.72
3462,20501,2024-03-24,293.33
3463,17067,2024-03-14,937.96
3464,48546,2024-02-15,728.54
3465,7802,2024-04-05,301.56
3466,44528,2024-01-24,190.8
3467,46622,2024-04-02,159.98
3468,12231,2024-01-20,201.21
3469,26507,2024-01-24,216.43
3470,40433,2024-02-13,202.56
3471,41027,2024-01-28,158.21
3472,5267,2024-02-04,1069.78
3473,35760,2024-02-22,1416.6
3474,43568,2024-03-26,1295.49
3475,352,2024-01-11,457.51
3476,5012,2024-03-28,370.08
3477,6577,2024-03-17,148.04
3478,3223,2024-01-10,301.57
3479,1577,2024-03-20,886.24
3480,3662,2024-01-24,1497.34
3481,15045,2024-01-27,1299.83
3482,16235,2024-03-28,811.19
3483,40297,2024-03-04,681.31
3484,17547,2024-01-13,289.91
3485,22883,2024-03-12,674.4
3486,3540,2024-04-02,924.7
3487,11043,2024-02-19,925.57
3488,21164,2024-03-31,871.72
3489,10825,2024-01-16,1250.11
3490,26492,2024-03-18,804.32
3491,13587,2024-03-30,751.45
3492,31850,2024-01-29,514.2
3493,18125,2024-02-09,335.94
3494,3605,2024-01-24,81.99
3495,44360,2024-02-06,537.38
3496,25609,2024-03-19,978.97
3497,35066,2024-02-20,873.63
3498,38939,2024-01-30,833.33
3499,13487,2024-01-14,1176.78
3500,49621,2024-01-16,410.64
3501,14749,2024-02-22,1043.52
3502,41952,2024-04-07,942.17
3503,37351,2024-01-15,561.37
3504,39609,2024-03-03,390.33
3505,35203,2024-02-03,879.02
3506,40379,2024-02-06,1422.11
3507,46315,2024-01-22,188.42
3508,38374,2024-02-02,1433.24
3509,26979,2024-03-06,739.96
3510,33253,2024-01-31,1088.26
3511,41290,2024-03-20,1220.55
3512,44004,2024-03-20,295.15
3513,35416,2024-02-08,143.84
3514,32841,2024-02-12,262.46
3515,6966,2024-02-08,564.15
3516,39301,2024-04-03,1438.31
3517,30104,2024-02-08,140.74
3518,6789,2024-03-18,1386.11
3519,29667,2024-02-06,877.04
3520,35221,2024-01-19,225.32
3521,18594,2024-02-08,296.9
3522,35449,2024-03-24,1058.85
3523,6996,2024-02-23,944.0
3524,9166,2024-03-23,317.79
3525,9190,2024-01-26,1364.15
3526,36616,2024-02-25,268.72
3527,43159,2024-03-24,806.43
3528,16781,2024-03-24,830.18
3529,13672,2024-02-26,1316.11
3530,49474,2024-02-08,111.45
3531,17420,2024-02-18,273.76
3532,5035,2024-03-25,322.36
3533,2903,2024-03-27,169.29
3534,11477,2024-02-13,976.71
3535,2435,2024-02-14,406.03
3536,36501,2024-03-26,898.87
3537,1854,2024-03-02,1191.31
3538,19474,2024-03-11,660.11
3539,30046,2024-02-20,1171.77
3540,37818,2024-01-26,1184.57
3541,3830,2024-01-14,454.06
3542,27075,2024-01-15,102.36
3543,21052,2024-03-16,226.66
3544,34500,2024-02-21,1249.4
3545,559,2024-03-16,655.54
3546,26896,2024-02-10,1271.52
3547,39390,2024-02-16,857.47
3548,11839,2024-04-04,360.3
3549,46260,2024-01-19,1091.38
3550,23813,2024-01-24,872.62
3551,29540,2024-01-04,579.56
3552,9667,2024-03-06,204.56
3553,21112,2024-02-01,225.26
3554,12815,2024-01-11,347.69
3555,40446,2024-01-14,1035.56
3556,8436,2024-02-08,1113.72
3557,9986,2024-03-10,975.9
3558,12487,2024-02-20,558.92
3559,43562,2024-04-06,705.47
3560,104,2024-04-01,1087.57
3561,48962,2024-01-11,1016.99
3562,36814,2024-04-09,1177.68
3563,26138,2024-01-06,422.42
3564,33089,2024-04-02,86.37
3565,16342,2024-02-23,458.35
3566,40021,2024-03-13,574.01
3567,39722,2024-02-22,1443.93
3568,14598,2024-04-03,389.18
3569,1481,2024-03-28,1253.49
3570,16691,2024-02-07,963.97
3571,19636,2024-02-11,317.9
3572,3793,2024-03-25,652.98
3573,4981,2024-01-08,804.43
3574,19667,2024-03-25,568.69
3575,24641,2024-03-30,401.13
3576,7504,2024-02-18,439.05
3577,12576,2024-02-26,910.99
3578,7123,2024-01-12,1057.11
3579,38790,2024-03-12,745.94
3580,1867,2024-01-13,1417.26
3581,13204,2024-01-12,1114.56
3582,24082,2024-02-20,1346.3
3583,33385,2024-03-22,755.44
3584,849,2024-01-29,101.13
3585,14050,2024-02-20,920.74
3586,47308,2024-03-10,1241.93
3587,45634,2024-01-28,841.88
3588,8659,2024-03-18,886.42
3589,7516,2024-03-12,1464.46
3590,703,2024-02-16,599.92
3591,31987,2024-02-23,1218.66
3592,28488,2024-02-02,797.21
3593,47472,2024-02-18,738.47
3594,42185,2024-02-19,286.72
3595,25605,2024-03-12,1142.72
3596,35675,2024-03-22,1249.08
3597,4670,2024-03-27,691.85
3598,28049,2024-02-25,1164.21
3599,35033,2024-02-10,905.19
3600,18240,2024-02-24,445.73
3601,26404,2024-03-04,1391.68
3602,11209,2024-02-18,1069.42
3603,31334,2024-02-02,1327.24
3604,43186,2024-01-05,479.68
3605,48347,2024-03-04,1381.24
3606,777,2024-01-13,597.83
3607,20772,2024-02-19,93.54
3608,33265,2024-03-23,186.54
3609,19215,2024-01-18,206.86
3610,11798,2024-02-09,374.14
3611,8666,2024-02-11,344.86
3612,15014,2024-03-22,162.21
3613,14225,2024-03-15,1351.46
3614,12869,2024-03-02,1256.2
3615,15046,2024-03-05,1163.21
3616,7837,2024-03-20,760.37
3617,16090,2024-02-19,683.71
3618,48553,2024-01-11,684.02
3619,6101,2024-02-26,451.71
3620,2056,2024-01-31,943.73
3621,746,2024-01-08,163.89
3622,13237,2024-03-11,1015.47
3623,13198,2024-02-28,809.68
3624,49958,2024-02-03,1239.46
3625,20629,2024-01-29,1461.29
3626,2852,2024-04-01,1324.79
3627,39858,2024-01-08,1102.29
3628,20165,2024-03-23,694.55
3629,19151,2024-02-16,384.62
3630,46520,2024-02-12,1024.12
3631,10747,2024-01-10,366.27
3632,28151,2024-02-15,108.77
3633,3037,2024-01-07,893.99
3634,7461,2024-04-04,639.67
3635,24114,2024-01-27,1323.95
3636,22643,2024-03-19,997.01
3637,1683,2024-02-26,999.1
3638,4878,2024-01-19,1198.81
3639,13724,2024-02-02,556.63
3640,10902,2024-03-12,1440.6
3641,49636,2024-03-22,394.28
3642,21740,2024-03-06,1317.79
3643,5429,2024-03-24,1373.39
3644,15889,2024-02-15,135.44
3645,29365,2024-02-15,977.19
3646,36450,2024-02-05,1144.18
3647,41758,2024-01-24,1434.44
3648,7983,2024-03-07,436.96
3649,8181,2024-02-19,877.83
3650,23317,2024-02-19,1177.83
3651,25892,2024-04-02,290.66
3652,20490,2024-02-29,1291.23
3653,9607,2024-02-07,653.17
3654,31688,2024-02-12,988.45
3655,20974,2024-01-12,139.69
3656,14961,2024-04-03,396.57
3657,4832,2024-03-26,759.02
3658,15881,2024-03-03,490.68
3659,14262,2024-01-20,1440.14
3660,34198,2024-02-05,1208.8
3661,1001,2024-03-13,1308.13
3662,13115,2024-03-29,742.17
3663,18873,2024-01-28,752.57
3664,30971,2024-04-09,1223.37
3665,3987,2024-01-07,630.3
3666,12790,2024-03-03,762.81
3667,35643,2024-02-06,830.6
3668,13696,2024-04-03,942.16
3669,13476,2024-03-26,1002.96
3670,11750,2024-03-26,1046.67
3671,10593,2024-03-10,710.49
3672,36536,2024-03-29,499.11
3673,19272,2024-02-03,1386.62
3674,40740,2024-03-31,1253.94
3675,45397,2024-01-17,84.88
3676,11873,2024-03-20,808.35
3677,7479,2024-04-08,469.94
3678,21082,2024-01-13,992.68
3679,13294,2024-03-15,793.75
3680,24024,2024-03-25,110.06
3681,23126,2024-02-01,1113.44
3682,11661,2024-02-01,471.05
3683,38199,2024-01-28,449.54
3684,6751,2024-03-02,125.34
3685,48819,2024-03-07,1256.24
3686,7917,2024-02-07,901.95
3687,16605,2024-04-03,768.48
3688,5368,2024-03-23,1039.65
3689,3445,2024-03-01,570.43
3690,8570,2024-01-25,888.65
3691,8930,2024-01-26,433.97
3692,21908,2024-04-01,169.4
3693,3932,2024-02-10,877.11
3694,5349,2024-04-07,394.09
3695,28245,2024-01-22,1145.06
3696,32605,2024-03-27,721.62
3697,11536,2024-03-26,435.57
3698,17122,2024-02-10,943.85
3699,46474,2024-03-25,245.6
3700,22349,2024-03-30,1161.22
3701,26261,2024-02-01,722.09
3702,16136,2024-02-12,1233.96
3703,10501,2024-03-21,276.1
3704,18234,2024-03-17,623.21
3705,13296,2024-02-26,335.64
3706,28715,2024-03-21,166.9
3707,27661,2024-03-16,1436.59
3708,13269,2024-02-03,1111.84
3709,47920,2024-02-08,542.36
3710,34429,2024-03-08,429.53
3711,3266,2024-01-08,370.14
3712,45851,2024-02-13,141.07
3713,15005,2024-01-14,225.79
3714,22397,2024-01-19,226.13
3715,34430,2024-04-08,1026.1
3716,24213,2024-02-03,924.48
3717,44043,2024-01-13,886.83
3718,6523,2024-02-04,1122.94
3719,28633,2024-01-13,436.66
3720,47704,2024-03-27,566.31
3721,20212,2024-03-13,259.92
3722,31723,2024-04-13,914.55
3723,4895,2024-03-12,1404.73
3724,15192,2024-02-27,1305.66
3725,18210,2024-03-21,868.1
3726,39809,2024-04-06,995.34
3727,30546,2024-03-27,1489.08
3728,7668,2024-02-29,814.64
3729,28074,2024-04-01,1316.24
3730,34015,2024-02-21,790.93
3731,31119,2024-02-01,147.97
3732,461,2024-02-09,1407.22
3733,28187,2024-02-22,238.87
3734,25681,2024-03-13,1079.95
3735,11681,2024-02-04,417.9
3736,12948,2024-02-27,1359.47
3737,14238,2024-01-26,364.69
3738,7687,2024-04-06,278.91
3739,46605,2024-04-03,702.97
3740,23443,2024-01-21,785.29
3741,9932,2024-03-04,1242.88
3742,32939,2024-03-26,1162.61
3743,28217,2024-03-13,546.14
3744,8455,2024-01-18,626.63
3745,5842,2024-04-06,898.87
3746,13376,2024-03-21,863.24
3747,37380,2024-03-24,1304.11
3748,2136,2024-01-14,750.91
3749,7818,2024-02-02,1348.78
3750,1378,2024-03-29,371.2
3751,10176,2024-01-24,1312.03
3752,4690,2024-01-16,512.1
3753,28427,2024-03-06,1200.75
3754,46128,2024-02-16,882.85
3755,20185,2024-02-03,1323.3
3756,49386,2024-01-22,408.38
3757,40578,2024-04-01,1076.13
3758,11814,2024-01-15,1285.52
3759,27521,2024-02-01,1182.9
3760,42505,2024-04-01,883.72
3761,24354,2024-02-29,1039.07
3762,22295,2024-02-01,359.05
3763,47725,2024-04-05,387.38
3764,31462,2024-04-02,459.55
3765,31870,2024-01-30,1255.78
3766,39164,2024-02-12,317.76
3767,47877,2024-02-26,504.47
3768,4257,2024-01-13,1387.02
3769,5188,2024-03-11,1152.43
3770,29761,2024-02-28,1121.04
3771,4741,2024-01-29,726.3
3772,47836,2024-02-10,1077.35
3773,6014,2024-01-16,883.33
3774,16056,2024-03-16,181.48
3775,3701,2024-01-22,898.67
3776,217,2024-03-08,722.19
3777,40469,2024-02-05,241.83
3778,23895,2024-03-28,568.86
3779,30501,2024-03-28,1350.61
3780,27238,2024-01-29,1221.26
3781,13884,2024-01-25,1377.74
3782,21548,2024-03-24,1098.25
3783,22511,2024-03-20,978.23
3784,11036,2024-03-16,277.72
3785,20692,2024-02-16,232.24
3786,35721,2024-02-15,430.39
3787,14505,2024-01-21,526.16
3788,7894,2024-01-23,941.99
3789,27680,2024-04-08,1325.78
3790,5909,2024-01-10,1344.84
3791,4505,2024-02-08,1048.95
3792,9087,2024-03-19,894.96
3793,2329,2024-01-29,427.03
3794,44442,2024-03-17,1411.88
3795,32784,2024-03-05,1032.98
3796,47360,2024-02-05,837.51
3797,46675,2024-03-05,227.62
3798,15855,2024-03-26,1252.75
3799,49480,2024-03-28,575.57
3800,42205,2024-01-15,1358.83
3801,12958,2024-02-09,319.15
3802,35130,2024-02-24,149.0
3803,15147,2024-02-17,697.31
3804,31308,2024-04-11,191.19
3805,7415,2024-02-15,167.76
3806,6309,2024-02-27,1093.5
3807,27368,2024-02-11,445.47
3808,9847,2024-03-08,987.17
3809,13371,2024-01-20,890.58
3810,45334,2024-03-08,279.87
3811,33177,2024-03-20,627.81
3812,32130,2024-02-02,173.81
3813,17213,2024-01-13,678.78
3814,24295,2024-01-16,338.95
3815,13745,2024-02-28,216.76
3816,2437,2024-02-13,530.12
3817,22106,2024-03-13,84.86
3818,47786,2024-03-02,1156.03
3819,34895,2024-01-02,304.62
3820,20411,2024-01-13,968.69
3821,32237,2024-02-28,1262.27
3822,30913,2024-01-21,1382.48
3823,48464,2024-03-16,871.76
3824,32885,2024-03-13,1199.36
3825,42110,2024-02-10,725.78
3826,39510,2024-03-10,776.06
3827,41122,2024-02-29,856.42
3828,29711,2024-03-10,1031.59
3829,33117,2024-02-03,1031.28
3830,9350,2024-03-14,1195.24
3831,20841,2024-04-01,956.06
3832,40354,2024-04-10,1333.34
3833,17240,2024-02-27,1087.12
3834,48606,2024-03-07,1399.11
3835,16177,2024-03-11,1145.62
3836,12832,2024-03-09,1128.96
3837,38589,2024-03-19,1301.76
3838,48801,2024-02-21,1011.25
3839,45872,2024-04-07,335.0
3840,48922,2024-01-20,197.82
3841,7201,2024-04-07,528.47
3842,36990,2024-03-20,1236.44
3843,45963,2024-01-15,110.83
3844,891,2024-02-14,293.06
3845,48015,2024-03-04,230.68
3846,7891,2024-01-25,132.79
3847,20400,2024-02-14,1230.6
3848,16228,2024-01-07,477.01
3849,5688,2024-02-20,1115.07
3850,31163,2024-02-28,281.52
3851,43029,2024-01-15,660.69
3852,48149,2024-02-12,245.38
3853,45402,2024-01-20,83.52
3854,41757,2024-01-28,950.69
3855,8529,2024-02-22,762.99
3856,40909,2024-02-28,671.62
3857,652,2024-03-09,191.7
3858,13907,2024-03-03,915.25
3859,23232,2024-02-08,1187.6
3860,23344,2024-02-28,175.49
3861,27498,2024-03-15,667.11
3862,5011,2024-02-16,522.41
3863,18149,2024-03-15,1346.46
3864,36688,2024-03-08,452.97
3865,28577,2024-01-26,1420.88
3866,34714,2024-03-20,1256.33
3867,33392,2024-04-08,222.23
3868,49768,2024-02-14,762.51
3869,46160,2024-02-28,1001.58
3870,35268,2024-01-12,922.16
3871,2555,2024-01-13,1044.51
3872,3715,2024-01-27,685.36
3873,16564,2024-03-31,1364.73
3874,24881,2024-03-17,463.91
3875,21280,2024-04-05,213.62
3876,38942,2024-03-04,1468.72
3877,12388,2024-03-15,1005.78
3878,33417,2024-03-25,1016.06
3879,11809,2024-02-12,1240.89
3880,25954,2024-02-28,678.45
3881,19322,2024-01-23,628.45
3882,43437,2024-02-01,1427.79
3883,26429,2024-02-04,629.23
3884,34883,2024-02-17,191.44
3885,10010,2024-01-24,517.12
3886,27091,2024-02-19,1320.43
3887,9126,2024-04-01,214.84
3888,37456,2024-01-08,1097.72
3889,48233,2024-02-03,458.29
3890,29214,2024-01-11,1138.99
3891,8518,2024-01-11,810.67
3892,17714,2024-01-26,983.94
3893,22947,2024-02-03,425.34
3894,37539,2024-01-10,318.73
3895,8275,2024-01-12,169.9
3896,34449,2024-02-22,1252.32
3897,48377,2024-04-08,1088.89
3898,49914,2024-03-10,496.56
3899,30339,2024-03-02,1268.42
3900,29619,2024-01-30,1263.85
3901,4827,2024-02-03,275.62
3902,32086,2024-03-13,1093.44
3903,10172,2024-03-19,495.04
3904,10784,2024-01-20,743.41
3905,17691,2024-03-16,690.81
3906,45905,2024-03-25,932.26
3907,39304,2024-02-25,572.93
3908,33544,2024-01-17,184.02
3909,21675,2024-02-10,1035.16
3910,15220,2024-03-27,1444.01
3911,7512,2024-03-09,1028.37
3912,19435,2024-02-02,846.24
3913,22923,2024-01-22,312.34
3914,38110,2024-01-19,967.75
3915,46999,2024-01-22,947.74
3916,40521,2024-02-09,958.63
3917,36347,2024-02-09,1347.08
3918,2515,2024-01-23,1097.17
3919,19719,2024-01-18,1192.43
3920,42954,2024-03-21,524.94
3921,17142,2024-02-26,463.93
3922,35992,2024-02-29,373.63
3923,7678,2024-03-20,1185.29
3924,8443,2024-01-10,1072.0
3925,48274,2024-01-16,565.77
3926,43494,2024-02-20,280.37
3927,48640,2024-04-02,1282.27
3928,43503,2024-03-03,625.67
3929,13792,2024-01-11,349.44
3930,8618,2024-03-23,285.06
3931,4249,2024-03-26,1385.95
3932,21721,2024-02-10,264.83
3933,26309,2024-02-06,590.74
3934,2516,2024-02-23,977.71
3935,2727,2024-02-03,659.47
3936,49877,2024-01-07,757.99
3937,22551,2024-02-17,1219.72
3938,25562,2024-02-19,1498.91
3939,46564,2024-01-21,743.45
3940,6586,2024-03-01,617.93
3941,40733,2024-03-24,657.6
3942,24852,2024-04-03,604.13
3943,29429,2024-01-16,752.76
3944,31804,2024-02-21,553.01
3945,43731,2024-03-20,736.92
3946,25705,2024-02-20,1422.55
3947,30343,2024-04-03,486.42
3948,21074,2024-01-29,1005.66
3949,16813,2024-02-18,771.45
3950,46205,2024-01-22,1120.0
3951,32292,2024-03-11,750.65
3952,35506,2024-04-01,307.97
3953,29984,2024-03-07,1318.83
3954,35084,2024-03-11,1039.59
3955,14286,2024-02-29,826.74
3956,31624,2024-01-17,1260.14
3957,37327,2024-01-14,1466.18
3958,6794,2024-02-28,661.35
3959,2901,2024-03-09,581.35
3960,9744,2024-02-22,1150.1
3961,15838,2024-01-18,725.54
3962,42212,2024-01-18,201.79
3963,4705,2024-02-29,583.27
3964,27326,2024-01-31,1228.26
3965,29520,2024-03-12,1083.51
3966,12525,2024-03-06,1305.24
3967,937,2024-01-20,288.21
3968,38818,2024-03-20,426.37
3969,40299,2024-03-25,384.92
3970,30143,2024-01-07,1459.29
3971,32194,2024-03-24,319.87
3972,40975,2024-02-15,929.06
3973,5749,2024-02-16,978.74
3974,21049,2024-03-24,958.83
3975,21974,2024-01-29,1062.16
3976,14555,2024-03-24,767.17
3977,20563,2024-01-20,198.84
3978,48809,2024-04-08,1075.76
3979,27160,2024-02-10,479.17
3980,31828,2024-03-14,187.74
3981,12623,2024-01-22,321.1
3982,5922,2024-02-18,487.85
3983,1721,2024-02-10,694.06
3984,582,2024-04-01,1303.08
3985,24466,2024-02-01,841.83
3986,6144,2024-03-13,750.19
3987,47121,2024-02-07,351.59
3988,12663,2024-04-07,1442.15
3989,6362,2024-02-17,1370.09
3990,42202,2024-01-08,1238.83
3991,34562,2024-02-25,538.87
3992,29124,2024-01-22,877.51
3993,20306,2024-02-07,632.16
3994,34089,2024-02-14,652.14
3995,10255,2024-01-22,182.43
3996,46736,2024-01-25,278.86
3997,28682,2024-04-04,1444.86
3998,46607,2024-03-21,946.32
3999,7500,2024-03-25,88.96
4000,24976,2024-03-30,1229.04
4001,16001,2024-02-07,203.6
4002,40863,2024-03-30,1085.58
4003,23014,2024-03-12,961.61
4004,771,2024-02-12,169.39
4005,4092,2024-01-08,833.93
4006,47649,2024-02-13,147.36
4007,30054,2024-03-19,171.43
4008,48859,2024-02-27,152.67
4009,19581,2024-01-16,442.73
4010,30108,2024-01-24,1218.51
4011,42971,2024-02-11,594.69
4012,43110,2024-04-05,988.14
4013,35981,2024-02-26,257.29
4014,16314,2024-02-21,1404.67
4015,38043,2024-02-03,796.02
4016,45023,2024-02-08,114.92
4017,14357,2024-03-28,843.12
4018,298,2024-01-24,342.03
4019,33785,2024-01-16,358.06
4020,34174,2024-01-26,932.53
4021,23495,2024-03-04,401.46
4022,43720,2024-03-28,383.85
4023,40397,2024-03-14,848.16
4024,21601,2024-02-16,414.35
4025,12396,2024-01-30,236.93
4026,34846,2024-03-13,659.72
4027,13996,2024-01-09,153.84
4028,45700,2024-03-26,1365.56
4029,1279,2024-03-13,721.18
4030,42636,2024-03-06,98.59
4031,4725,2024-01-13,399.01
4032,32826,2024-03-08,1440.1
4033,26813,2024-03-05,784.88
4034,20223,2024-01-17,589.62
4035,42965,2024-03-05,527.46
4036,27614,2024-01-22,672.1
4037,19362,2024-03-09,380.71
4038,18371,2024-03-26,1143.76
4039,46232,2024-03-26,801.79
4040,45630,2024-01-27,1147.04
4041,37761,2024-02-05,441.22
4042,43167,2024-03-02,82.06
4043,28122,2024-01-28,1452.05
4044,3309,2024-04-07,807.13
4045,17682,2024-03-30,193.23
4046,29103,2024-04-02,227.33
4047,12105,2024-03-12,697.24
4048,17487,2024-01-18,1067.28
4049,38604,2024-02-22,643.23
4050,38486,2024-03-13,1244.62
4051,34692,2024-03-12,547.26
4052,14062,2024-02-26,144.76
4053,31027,2024-02-06,91.77
4054,9926,2024-01-17,1300.41
4055,3402,2024-03-19,1477.94
4056,43024,2024-03-23,268.57
4057,15297,2024-02-06,168.1
4058,18675,2024-04-03,1378.46
4059,47624,2024-03-10,223.07
4060,23615,2024-03-17,404.33
4061,26363,2024-03-27,1218.34
4062,37637,2024-03-14,1497.14
4063,30888,2024-01-06,770.14
4064,46316,2024-02-25,379.29
4065,9382,2024-01-26,1283.76
4066,22703,2024-01-08,639.92
4067,43633,2024-03-20,467.15
4068,27562,2024-02-13,776.39
4069,33625,2024-02-10,1295.23
4070,47597,2024-03-04,410.86
4071,21936,2024-02-06,681.85
4072,18170,2024-03-07,710.83
4073,29420,2024-04-09,1262.53
4074,36617,2024-01-19,1039.93
4075,10594,2024-02-09,1188.29
4076,37424,2024-02-27,1064.61
4077,16675,2024-04-05,921.6
4078,21394,2024-02-23,268.02
4079,44423,2024-03-17,1262.79
4080,6294,2024-03-14,942.34
4081,37182,2024-01-17,1075.66
4082,18588,2024-02-26,1185.82
4083,3426,2024-02-05,522.61
4084,3231,2024-02-17,700.99
4085,41879,2024-02-17,848.63
4086,14464,2024-03-31,566.81
4087,15354,2024-02-13,447.12
4088,42731,2024-02-02,1183.1
4089,17787,2024-01-29,1150.3
4090,46331,2024-02-14,1261.15
4091,16393,2024-03-18,1069.31
4092,16853,2024-02-14,522.65
4093,34835,2024-02-10,544.34
4094,32530,2024-03-03,829.47
4095,43524,2024-01-14,1266.55
4096,41558,2024-03-08,571.74
4097,16582,2024-03-17,1167.63
4098,17556,2024-01-24,514.08
4099,30230,2024-02-19,560.71
4100,4131,2024-02-03,1148.36
4101,38307,2024-02-20,1043.58
4102,26809,2024-01-17,375.68
4103,37062,2024-04-07,1254.37
4104,17363,2024-03-22,1194.15
4105,48398,2024-03-19,1212.33
4106,1078,2024-03-28,747.9
4107,47207,2024-03-16,546.67
4108,41034,2024-01-30,1286.69
4109,5502,2024-04-02,915.26
4110,4414,2024-03-13,1401.99
4111,23803,2024-03-26,440.43
4112,34529,2024-03-01,1465.39
4113,21245,2024-01-31,618.49
4114,3001,2024-02-28,625.95
4115,39704,2024-01-30,419.12
4116,47445,2024-01-06,1450.34
4117,4760,2024-02-01,136.39
4118,49277,2024-03-12,752.17
4119,44283,2024-01-21,598.98
4120,16540,2024-02-14,306.15
4121,43801,2024-02-29,1092.81
4122,25152,2024-03-28,1355.62
4123,8323,2024-02-19,425.87
4124,38151,2024-03-08,786.67
4125,47905,2024-03-01,901.06
4126,14947,2024-03-30,634.49
4127,48621,2024-04-02,1388.58
4128,43423,2024-02-23,735.35
4129,9469,2024-03-10,1475.55
4130,5309,2024-03-02,499.19
4131,24989,2024-03-04,184.01
4132,34483,2024-01-10,896.45
4133,31681,2024-01-15,1249.14
4134,4476,2024-03-23,631.52
4135,23091,2024-02-05,342.84
4136,12262,2024-03-03,1128.3
4137,2418,2024-01-03,464.66
4138,10215,2024-01-30,1173.03
4139,42120,2024-01-18,452.5
4140,6986,2024-03-09,871.35
4141,4121,2024-02-02,1340.5
4142,34897,2024-03-01,370.56
4143,26496,2024-03-29,1245.39
4144,49745,2024-01-26,456.91
4145,5795,2024-03-19,1018.14
4146,32818,2024-03-01,426.07
4147,38895,2024-02-29,242.69
4148,24906,2024-01-15,1022.91
4149,10164,2024-02-29,924.74
4150,2830,2024-03-31,650.11
4151,46557,2024-01-24,132.09
4152,37520,2024-01-31,754.9
4153,13827,2024-03-07,291.16
4154,30761,2024-02-18,590.45
4155,32272,2024-02-10,912.4
4156,23116,2024-02-03,1413.88
4157,22684,2024-01-04,806.06
4158,28908,2024-02-01,356.59
4159,442,2024-01-20,1423.64
4160,35277,2024-02-21,116.79
4161,38709,2024-02-06,992.8
4162,34544,2024-03-17,452.6
4163,15365,2024-03-19,1155.66
4164,33649,2024-02-05,550.34
4165,196,2024-02-15,688.82
4166,2706,2024-03-05,1173.99
4167,16461,2024-04-09,1354.9
4168,42390,2024-02-01,339.23
4169,32668,2024-01-27,500.74
4170,31903,2024-02-23,86.14
4171,24320,2024-01-14,1296.33
4172,27516,2024-01-10,1424.92
4173,39163,2024-02-05,476.81
4174,16915,2024-01-12,626.07
4175,40618,2024-02-22,689.12
4176,44156,2024-01-17,661.85
4177,32385,2024-01-05,637.88
4178,29602,2024-02-20,755.74
4179,34542,2024-01-13,298.37
4180,6654,2024-02-08,161.91
4181,46469,2024-01-13,1107.41
4182,1471,2024-02-10,1282.12
4183,10908,2024-02-20,1230.47
4184,41442,2024-02-12,969.81
4185,43322,2024-03-03,1455.71
4186,6393,2024-02-14,82.19
4187,28954,2024-01-30,533.75
4188,16657,2024-01-09,520.22
4189,17923,2024-03-29,576.54
4190,19589,2024-01-14,1215.99
4191,32632,2024-04-03,579.13
4192,22898,2024-01-14,828.46
4193,6341,2024-03-08,951.79
4194,23906,2024-04-05,1280.44
4195,38423,2024-01-27,954.52
4196,18917,2024-04-07,621.46
4197,25896,2024-02-23,1066.53
4198,12956,2024-02-02,812.06
4199,29066,2024-03-11,830.33
4200,45252,2024-02-15,555.92
4201,35183,2024-03-10,82.28
4202,31471,2024-04-09,585.3
4203,1158,2024-02-01,509.86
4204,18108,2024-01-27,222.48
4205,28859,2024-03-12,362.06
4206,16052,2024-02-04,1472.86
4207,17288,2024-02-16,477.34
4208,29983,2024-03-06,815.78
4209,579,2024-02-24,860.05
4210,5693,2024-02-11,875.24
4211,25473,2024-01-24,147.21
4212,40200,2024-03-05,1175.48
4213,8961,2024-03-02,1117.09
4214,3859,2024-01-13,1467.61
4215,32562,2024-01-15,342.26
4216,38793,2024-04-12,866.38
4217,8446,2024-03-27,1221.44
4218,7773,2024-02-26,256.57
4219,10870,2024-03-12,1201.19
4220,46361,2024-03-30,463.35
4221,48807,2024-03-09,478.8
4222,29175,2024-02-03,1422.75
4223,41829,2024-01-18,525.7
4224,29274,2024-01-23,909.62
4225,16740,2024-03-19,704.93
4226,43133,2024-03-10,190.99
4227,26969,2024-02-27,1429.69
4228,21536,2024-01-08,383.49
4229,30282,2024-03-05,460.13
4230,29014,2024-01-07,615.69
4231,43841,2024-04-02,787.92
4232,48723,2024-02-03,284.89
4233,32478,2024-02-22,974.51
4234,15042,2024-03-04,810.88
4235,2741,2024-03-16,510.27
4236,48418,2024-01-15,1063.57
4237,6129,2024-01-12,809.99
4238,11576,2024-02-21,1273.77
4239,26971,2024-02-17,1294.67
4240,48529,2024-03-02,1471.75
4241,25632,2024-02-25,175.62
4242,4035,2024-01-10,655.35
4243,16730,2024-02-27,792.16
4244,26042,2024-02-11,412.01
4245,42859,2024-02-23,1389.29
4246,41755,2024-03-14,205.14
4247,29996,2024-02-09,688.48
4248,19793,2024-03-20,342.97
4249,40179,2024-03-13,1048.64
4250,20211,2024-03-21,1081.09
4251,13965,2024-01-17,1318.97
4252,27920,2024-01-29,660.74
4253,18138,2024-02-11,1180.66
4254,30114,2024-02-20,860.4
4255,37768,2024-01-06,1233.42
4256,49317,2024-02-18,201.24
4257,24250,2024-02-17,738.1
4258,17354,2024-03-31,293.8
4259,2082,2024-03-04,1202.3
4260,41682,2024-03-22,296.79
4261,43417,2024-01-31,91.45
4262,30366,2024-03-25,1399.92
4263,41712,2024-01-14,768.13
4264,40156,2024-02-08,1478.97
4265,42811,2024-01-26,723.26
4266,30365,2024-02-24,918.93
4267,42193,2024-03-30,1136.73
4268,6851,2024-03-01,478.73
4269,12066,2024-01-10,268.66
4270,11221,2024-03-14,1018.8
4271,15945,2024-04-08,805.18
4272,524,2024-03-21,1254.06
4273,38824,2024-01-08,144.0
4274,40946,2024-01-17,853.57
4275,35690,2024-03-22,343.77
4276,30838,2024-01-16,956.59
4277,11988,2024-01-20,1159.82
4278,38203,2024-03-14,453.47
4279,38004,2024-02-01,764.14
4280,18481,2024-03-23,676.69
4281,44014,2024-03-11,1151.92
4282,30037,2024-04-07,931.81
4283,46036,2024-03-14,251.4
4284,36925,2024-01-29,1466.98
4285,29625,2024-01-15,1375.52
4286,30694,2024-03-28,901.78
4287,36551,2024-03-20,1184.02
4288,24994,2024-03-20,108.36
4289,47110,2024-01-09,366.12
4290,23987,2024-03-17,1170.37
4291,3069,2024-02-19,230.79
4292,40643,2024-03-22,140.67
4293,40699,2024-04-01,954.32
4294,23264,2024-03-06,128.62
4295,44117,2024-01-17,340.02
4296,33422,2024-03-31,193.57
4297,38748,2024-01-30,838.67
4298,27450,2024-01-16,1041.25
4299,5397,2024-04-02,340.3
4300,19169,2024-01-07,745.64
4301,3760,2024-01-16,108.64
4302,15704,2024-01-15,455.82
4303,18830,2024-01-22,335.04
4304,43812,2024-03-21,315.67
4305,19225,2024-02-05,399.53
4306,25163,2024-03-16,1223.59
4307,29248,2024-03-12,1428.65
4308,5492,2024-04-02,1082.59
4309,49788,2024-01-19,182.6
4310,30974,2024-03-08,971.99
4311,48782,2024-03-09,1122.44
4312,17197,2024-02-24,237.8
4313,36609,2024-02-10,497.94
4314,47879,2024-01-14,688.3
4315,25285,2024-01-13,521.23
4316,23075,2024-02-24,816.01
4317,42738,2024-02-13,265.91
4318,10743,2024-01-10,711.54
4319,30602,2024-02-13,1121.26
4320,38276,2024-03-23,734.53
4321,32739,2024-01-27,378.82
4322,44094,2024-02-14,1219.0
4323,41105,2024-02-07,640.04
4324,1183,2024-03-21,683.63
4325,34648,2024-03-16,587.83
4326,12241,2024-03-23,491.42
4327,21565,2024-01-28,934.77
4328,48812,2024-02-05,346.69
4329,38783,2024-03-22,1172.31
4330,41809,2024-01-11,764.01
4331,17096,2024-01-05,1334.69
4332,30583,2024-02-07,1413.22
4333,16750,2024-03-04,623.82
4334,27753,2024-01-19,305.53
4335,16777,2024-03-27,797.47
4336,5712,2024-03-20,464.04
4337,36441,2024-02-26,685.66
4338,48138,2024-01-30,615.97
4339,6202,2024-01-26,719.67
4340,31966,2024-03-07,787.96
4341,42773,2024-02-24,970.95
4342,3462,2024-02-29,85.42
4343,22961,2024-01-18,444.12
4344,33521,2024-01-25,321.76
4345,32339,2024-01-05,1088.83
4346,41591,2024-04-03,1261.9
4347,35239,2024-03-15,1110.57
4348,2528,2024-03-10,1464.02
4349,18882,2024-02-01,189.69
4350,1485,2024-02-02,739.95
4351,29709,2024-03-13,1357.11
4352,3271,2024-02-16,533.11
4353,3611,2024-02-02,1219.29
4354,11847,2024-01-30,877.67
4355,24067,2024-02-04,1469.55
4356,8761,2024-01-30,606.85
4357,35553,2024-01-19,672.38
4358,10370,2024-01-23,312.61
4359,2465,2024-03-21,306.69
4360,48583,2024-03-13,1302.62
4361,28500,2024-03-29,658.36
4362,22040,2024-01-06,961.06
4363,42172,2024-02-21,1148.2
4364,35907,2024-03-18,702.31
4365,9390,2024-03-23,1434.37
4366,28176,2024-01-21,1412.21
4367,46340,2024-01-31,1045.77
4368,11164,2024-03-03,1493.2
4369,48267,2024-01-31,83.76
4370,46901,2024-01-31,93.14
4371,10759,2024-04-05,175.9
4372,45755,2024-02-24,1419.8
4373,37079,2024-02-19,938.87
4374,23503,2024-01-13,1397.37
4375,38333,2024-04-01,260.48
4376,38058,2024-02-09,125.41
4377,42244,2024-03-29,851.46
4378,28618,2024-03-11,328.81
4379,37795,2024-02-05,1300.96
4380,5565,2024-03-31,676.98
4381,5908,2024-02-13,1174.05
4382,31305,2024-01-21,813.34
4383,23182,2024-03-18,830.71
4384,37740,2024-03-31,1048.22
4385,41691,2024-01-12,556.34
4386,23373,2024-02-11,1427.36
4387,33790,2024-02-02,648.58
4388,7443,2024-01-21,645.22
4389,7475,2024-01-06,1084.54
4390,24964,2024-03-19,983.48
4391,41066,2024-03-17,1494.01
4392,49172,2024-04-04,1287.33
4393,35528,2024-03-12,484.12
4394,20377,2024-01-31,224.2
4395,46011,2024-02-20,231.41
4396,41548,2024-02-06,593.48
4397,26459,2024-03-14,757.6
4398,20874,2024-01-05,984.72
4399,20484,2024-02-29,1297.97
4400,23499,2024-01-30,1485.15
4401,641,2024-03-23,660.38
4402,44856,2024-03-03,854.72
4403,14762,2024-02-02,933.06
4404,10446,2024-01-17,873.16
4405,44158,2024-01-24,208.24
4406,2876,2024-01-27,243.36
4407,47178,2024-03-01,1342.03
4408,31532,2024-01-20,1039.33
4409,25679,2024-02-05,1043.84
4410,9849,2024-04-10,1236.99
4411,10599,2024-02-02,199.48
4412,4525,2024-01-12,669.98
4413,46201,2024-03-15,430.28
4414,48140,2024-03-15,1018.35
4415,6516,2024-03-23,385.21
4416,25695,2024-03-26,1062.82
4417,1509,2024-01-26,630.82
4418,42358,2024-03-09,703.96
4419,12286,2024-04-03,1241.58
4420,11016,2024-03-05,574.4
4421,46616,2024-02-16,444.37
4422,27601,2024-02-14,1287.38
4423,40772,2024-04-05,1053.27
4424,46865,2024-03-10,653.53
4425,29802,2024-03-25,787.96
4426,18876,2024-03-02,573.96
4427,12794,2024-04-08,862.72
4428,5740,2024-03-19,276.95
4429,737,2024-01-14,1341.59
4430,3608,2024-03-27,866.75
4431,25430,2024-04-07,627.08
4432,30966,2024-03-05,891.66
4433,19707,2024-02-04,308.89
4434,19971,2024-04-09,191.43
4435,17458,2024-03-15,858.34
4436,24793,2024-01-21,180.11
4437,46484,2024-02-11,1018.43
4438,49632,2024-03-06,1216.34
4439,25084,2024-02-25,1483.48
4440,2625,2024-03-03,1172.33
4441,6955,2024-03-16,1463.26
4442,28740,2024-02-16,111.5
4443,27657,2024-02-26,873.56
4444,20368,2024-02-04,313.93
4445,23478,2024-04-03,428.09
4446,27624,2024-03-30,1123.04
4447,19340,2024-01-08,439.01
4448,21493,2024-03-09,335.33
4449,37083,2024-02-12,608.02
4450,37058,2024-03-20,198.22
4451,11547,2024-03-11,288.02
4452,13096,2024-02-02,287.96
4453,42858,2024-03-19,401.0
4454,29729,2024-01-11,1316.4
4455,9988,2024-02-09,499.24
4456,8478,2024-02-26,468.89
4457,30170,2024-03-29,258.9
4458,18973,2024-04-08,102.87
4459,39471,2024-02-05,307.74
4460,10735,2024-01-19,1106.62
4461,2212,2024-03-28,1457.18
4462,38742,2024-02-03,1136.22
4463,25388,2024-02-29,1291.58
4464,27452,2024-03-10,1197.18
4465,31211,2024-04-03,500.39
4466,32078,2024-03-22,1118.35
4467,18305,2024-03-31,1145.83
4468,36451,2024-02-28,447.16
4469,13671,2024-03-06,1387.33
4470,8194,2024-02-23,1497.08
4471,3289,2024-02-13,877.04
4472,47083,2024-02-26,529.57
4473,31430,2024-03-05,587.81
4474,48364,2024-01-20,907.07
4475,31993,2024-03-11,91.05
4476,36437,2024-01-28,517.84
4477,21629,2024-01-05,149.59
4478,38021,2024-03-05,966.34
4479,26165,2024-02-28,937.76
4480,12533,2024-04-06,919.29
4481,408,2024-02-13,294.41
4482,48608,2024-02-27,1421.27
4483,26367,2024-03-07,838.6
4484,10744,2024-04-08,869.32
4485,33090,2024-01-18,852.85
4486,10158,2024-02-09,824.67
4487,17165,2024-04-05,1412.57
4488,43184,2024-03-05,934.87
4489,2916,2024-03-06,768.88
4490,27176,2024-02-09,1168.35
4491,17898,2024-01-09,437.08
4492,22473,2024-03-13,352.65
4493,5229,2024-04-02,703.68
4494,44791,2024-03-20,102.27
4495,344,2024-02-08,496.79
4496,49311,2024-01-28,676.51
4497,48980,2024-03-13,901.75
4498,14585,2024-04-05,851.35
4499,20217,2024-04-05,601.71
4500,23414,2024-03-28,567.43
4501,37274,2024-02-06,81.87
4502,47947,2024-03-09,1331.18
4503,42106,2024-01-17,408.41
4504,7238,2024-02-10,588.36
4505,31867,2024-03-26,108.76
4506,39266,2024-03-04,1438.72
4507,45052,2024-02-23,782.29
4508,47975,2024-01-19,113.05
4509,27394,2024-01-25,436.7
4510,22777,2024-03-18,1328.55
4511,17378,2024-03-15,613.5
4512,26295,2024-03-17,1058.96
4513,7252,2024-02-07,951.67
4514,25225,2024-01-13,750.15
4515,26541,2024-01-17,1263.17
4516,7432,2024-03-29,137.3
4517,1049,2024-01-18,1375.64
4518,44160,2024-03-10,1099.64
4519,9119,2024-03-19,1306.47
4520,32805,2024-02-08,104.04
4521,45950,2024-02-15,200.41
4522,34108,2024-01-08,372.35
4523,19722,2024-01-18,922.86
4524,38371,2024-03-04,211.24
4525,42960,2024-03-19,1402.8
4526,12557,2024-02-14,1143.0
4527,36317,2024-02-16,1226.79
4528,27205,2024-01-13,909.07
4529,39090,2024-01-22,975.95
4530,8192,2024-03-12,393.9
4531,14280,2024-02-26,1372.26
4532,38464,2024-03-26,1001.46
4533,7673,2024-02-02,673.19
4534,26392,2024-01-09,1331.97
4535,39901,2024-03-04,1306.63
4536,36779,2024-03-13,80.77
4537,43653,2024-02-27,1393.27
4538,17760,2024-03-28,596.07
4539,48384,2024-01-24,679.45
4540,863,2024-04-07,201.15
4541,19262,2024-02-03,1326.16
4542,45076,2024-01-24,845.67
4543,19558,2024-02-20,1366.1
4544,23429,2024-01-10,1188.76
4545,19273,2024-01-19,1355.13
4546,40677,2024-03-27,1426.53
4547,5569,2024-02-19,1337.98
4548,19285,2024-02-20,377.97
4549,17875,2024-02-23,179.56
4550,3162,2024-02-29,960.76
4551,24546,2024-03-02,300.18
4552,49218,2024-03-14,1305.61
4553,31792,2024-03-16,1425.39
4554,1132,2024-01-18,252.21
4555,24565,2024-02-14,414.89
4556,31149,2024-01-06,967.82
4557,31492,2024-04-06,1109.87
4558,37517,2024-02-25,807.48
4559,43064,2024-01-31,604.03
4560,9402,2024-04-02,514.56
4561,35420,2024-01-25,1025.67
4562,7341,2024-02-25,1137.28
4563,24870,2024-02-02,490.15
4564,48944,2024-03-29,542.91
4565,27525,2024-03-21,733.3
4566,28196,2024-03-18,719.31
4567,15952,2024-01-14,1276.57
4568,25031,2024-03-22,700.41
4569,23401,2024-02-03,1469.34
4570,22731,2024-02-15,521.57
4571,29416,2024-02-01,1063.81
4572,39274,2024-02-04,1157.69
4573,49189,2024-02-28,975.17
4574,34884,2024-01-12,601.21
4575,18968,2024-02-02,445.53
4576,47711,2024-02-12,938.08
4577,31661,2024-03-12,1015.26
4578,26754,2024-02-08,445.82
4579,36418,2024-01-20,557.81
4580,40653,2024-02-24,1304.13
4581,2743,2024-04-06,1230.93
4582,3050,2024-03-28,340.97
4583,50,2024-02-02,1405.37
4584,39860,2024-03-08,971.81
4585,8746,2024-01-10,785.39
4586,4746,2024-03-25,365.23
4587,9195,2024-01-17,1116.88
4588,7614,2024-01-04,1387.53
4589,46148,2024-02-16,172.23
4590,20016,2024-02-25,819.46
4591,44979,2024-02-25,1325.53
4592,15171,2024-04-08,1432.58
4593,17973,2024-03-29,182.44
4594,22513,2024-02-14,1203.3
4595,24394,2024-02-27,479.6
4596,28355,2024-02-28,848.94
4597,7004,2024-01-28,1192.9
4598,35264,2024-01-30,854.09
4599,39996,2024-03-29,236.29
4600,174,2024-02-08,918.56
4601,19902,2024-01-18,247.29
4602,46794,2024-03-23,573.37
4603,13014,2024-03-04,872.69
4604,34514,2024-02-25,1487.81
4605,15801,2024-01-10,1112.24
4606,45751,2024-02-21,510.69
4607,420,2024-03-18,1324.7
4608,16296,2024-02-11,401.13
4609,29308,2024-01-13,625.27
4610,22178,2024-02-20,998.77
4611,16752,2024-03-17,663.0
4612,18699,2024-02-12,1116.0
4613,39388,2024-01-16,1003.86
4614,32977,2024-03-06,1027.54
4615,5837,2024-03-09,676.77
4616,39625,2024-03-26,158.28
4617,30505,2024-02-04,1319.24
4618,40916,2024-01-28,185.11
4619,40654,2024-02-11,738.93
4620,24106,2024-02-03,508.76
4621,30535,2024-02-23,500.79
4622,28397,2024-01-31,401.81
4623,3244,2024-02-16,465.75
4624,801,2024-01-15,1436.58
4625,34941,2024-01-05,1460.32
4626,40232,2024-03-19,890.71
4627,10414,2024-03-13,825.01
4628,17972,2024-03-07,148.68
4629,44277,2024-02-18,1221.3
4630,42494,2024-03-18,322.18
4631,23554,2024-01-26,282.47
4632,32692,2024-03-25,682.18
4633,43114,2024-03-31,573.51
4634,10946,2024-03-05,217.22
4635,19823,2024-02-04,290.07
4636,44730,2024-01-21,1489.12
4637,38934,2024-01-20,1123.45
4638,17228,2024-03-07,929.95
4639,26566,2024-03-20,511.14
4640,7561,2024-01-20,688.38
4641,41020,2024-02-07,971.74
4642,3664,2024-03-17,1193.68
4643,28957,2024-01-28,1423.9
4644,40155,2024-04-01,254.21
4645,41553,2024-03-04,352.13
4646,6366,2024-02-11,885.95
4647,3708,2024-01-22,1412.66
4648,35386,2024-03-16,722.61
4649,27613,2024-03-08,980.2
4650,14218,2024-04-04,497.09
4651,72,2024-04-02,1232.67
4652,4281,2024-03-13,939.47
4653,3556,2024-02-03,622.17
4654,8469,2024-02-29,850.52
4655,44321,2024-01-26,1066.56
4656,21921,2024-02-26,383.19
4657,9599,2024-03-02,564.85
4658,33699,2024-02-02,435.72
4659,11015,2024-03-06,1443.43
4660,28714,2024-03-02,141.01
4661,46974,2024-01-09,160.15
4662,29679,2024-03-14,585.15
4663,45564,2024-02-10,844.0
4664,31179,2024-04-03,547.03
4665,21610,2024-02-23,1296.84
4666,25409,2024-03-12,320.52
4667,43345,2024-02-24,597.77
4668,49197,2024-04-01,772.89
4669,26734,2024-01-23,367.07
4670,48429,2024-04-08,491.93
4671,18687,2024-03-29,1425.32
4672,16650,2024-03-30,818.72
4673,24776,2024-01-08,1314.93
4674,24570,2024-01-21,462.5
4675,42826,2024-02-12,949.56
4676,25404,2024-01-29,1163.81
4677,24603,2024-02-28,678.65
4678,49698,2024-01-10,967.09
4679,13848,2024-01-15,1305.77
4680,49247,2024-03-06,279.91
4681,42943,2024-02-04,583.73
4682,39968,2024-02-01,1249.94
4683,28981,2024-02-13,407.87
4684,2800,2024-03-08,869.68
4685,30335,2024-01-31,701.98
4686,5276,2024-04-07,1024.15
4687,10821,2024-03-21,1028.57
4688,31366,2024-02-07,901.44
4689,24809,2024-03-16,1424.43
4690,44597,2024-02-10,328.96
4691,21155,2024-01-31,1265.82
4692,45055,2024-02-07,774.97
4693,21132,2024-01-09,1019.77
4694,11602,2024-03-07,468.72
4695,3789,2024-02-20,214.35
4696,22893,2024-02-05,1184.34
4697,33902,2024-04-06,437.49
4698,13619,2024-01-16,634.22
4699,26684,2024-01-16,147.48
4700,46297,2024-03-12,1003.29
4701,18497,2024-02-25,1056.18
4702,48626,2024-03-05,1360.36
4703,36288,2024-03-20,1345.25
4704,45452,2024-01-17,1081.29
4705,29834,2024-02-03,537.42
4706,1669,2024-04-06,611.97
4707,8248,2024-03-29,622.02
4708,23293,2024-01-10,264.08
4709,15799,2024-03-29,1425.15
4710,31329,2024-01-21,1241.79
4711,21044,2024-03-20,286.28
4712,29168,2024-03-31,1423.98
4713,48246,2024-01-10,1277.38
4714,34523,2024-01-21,1384.77
4715,32504,2024-01-16,485.62
4716,33000,2024-02-01,556.51
4717,49896,2024-02-22,747.29
4718,26877,2024-03-25,398.36
4719,14500,2024-03-21,740.9
4720,36252,2024-03-26,93.07
4721,29575,2024-03-23,1326.1
4722,39974,2024-01-15,310.46
4723,22953,2024-02-24,791.2
4724,44579,2024-02-05,1398.93
4725,3487,2024-02-10,1245.8
4726,48173,2024-03-22,1182.1
4727,48697,2024-02-01,939.73
4728,20706,2024-02-18,699.51
4729,355,2024-03-16,713.37
4730,7853,2024-04-05,203.49
4731,40566,2024-03-23,172.0
4732,10065,2024-04-02,1277.68
4733,30769,2024-01-13,660.29
4734,46183,2024-03-25,156.7
4735,30622,2024-02-12,1021.54
4736,25407,2024-03-11,1050.29
4737,17105,2024-02-29,402.97
4738,10477,2024-02-13,663.22
4739,38295,2024-04-05,894.26
4740,40255,2024-01-20,926.72
4741,7380,2024-03-15,805.78
4742,19497,2024-02-06,597.16
4743,39589,2024-02-19,177.72
4744,48063,2024-01-12,111.64
4745,48296,2024-02-05,732.54
4746,22265,2024-03-11,368.18
4747,37822,2024-02-25,1412.65
4748,44339,2024-03-22,989.39
4749,2653,2024-03-16,911.42
4750,36787,2024-02-06,657.3
4751,32691,2024-03-01,547.93
4752,39700,2024-01-17,335.33
4753,49032,2024-03-28,165.4
4754,14170,2024-01-24,980.99
4755,9401,2024-01-23,1186.46
4756,38878,2024-03-30,1298.02
4757,22780,2024-02-09,1108.52
4758,29904,2024-01-17,1353.67
4759,21297,2024-03-17,1475.59
4760,28774,2024-01-19,1445.57
4761,5046,2024-02-04,920.97
4762,25599,2024-04-03,398.36
4763,15159,2024-02-14,231.02
4764,42213,2024-04-01,1491.37
4765,27620,2024-02-07,517.91
4766,38003,2024-02-17,128.24
4767,22655,2024-03-08,635.29
4768,24318,2024-02-16,1142.3
4769,38926,2024-03-23,1344.94
4770,11730,2024-03-25,758.14
4771,36600,2024-02-29,497.52
4772,37316,2024-03-08,1185.33
4773,40984,2024-01-30,795.35
4774,26823,2024-01-09,202.16
4775,44655,2024-01-20,1340.6
4776,28581,2024-01-04,1011.25
4777,34977,2024-02-13,132.27
4778,22652,2024-03-27,92.86
4779,41113,2024-01-26,204.56
4780,19152,2024-02-11,1247.18
4781,41978,2024-02-27,763.46
4782,2001,2024-02-09,556.13
4783,18220,2024-02-13,434.0
4784,36113,2024-02-11,799.74
4785,46235,2024-03-22,197.92
4786,29245,2024-01-18,956.4
4787,25674,2024-03-28,620.35
4788,41397,2024-01-24,1298.98
4789,14403,2024-04-10,1151.29
4790,45850,2024-03-03,106.08
4791,21378,2024-04-09,316.43
4792,21539,2024-02-18,753.13
4793,9037,2024-02-24,1015.33
4794,44532,2024-03-25,1095.48
4795,15076,2024-03-12,1239.07
4796,26331,2024-02-11,149.89
4797,9987,2024-03-25,106.25
4798,49732,2024-01-07,932.72
4799,19500,2024-02-25,1107.83
4800,41633,2024-02-11,1197.11
4801,38806,2024-02-06,301.12
4802,34614,2024-01-08,1455.61
4803,42776,2024-02-16,405.79
4804,6269,2024-01-12,435.47
4805,34192,2024-03-27,299.09
4806,15208,2024-01-31,141.41
4807,46264,2024-04-04,1229.81
4808,38382,2024-01-28,88.01
4809,6568,2024-03-19,738.57
4810,12995,2024-03-17,210.59
4811,35407,2024-01-24,143.61
4812,45302,2024-04-04,1407.21
4813,27250,2024-02-26,1252.07
4814,49645,2024-03-08,640.72
4815,37084,2024-01-20,731.2
4816,14129,2024-03-06,1312.72
4817,22017,2024-03-05,1211.51
4818,5090,2024-03-07,1062.09
4819,26769,2024-01-31,841.92
4820,7616,2024-02-15,943.11
4821,32448,2024-01-26,638.57
4822,43833,2024-03-30,829.9
4823,15287,2024-01-20,846.37
4824,40805,2024-03-27,1308.07
4825,24785,2024-02-05,390.49
4826,26358,2024-02-26,430.2
4827,13291,2024-02-28,379.53
4828,15135,2024-02-08,902.42
4829,11828,2024-04-04,1067.12
4830,14404,2024-03-20,418.67
4831,33493,2024-01-13,1041.29
4832,9255,2024-02-20,971.89
4833,37766,2024-02-25,535.93
4834,1488,2024-02-01,406.34
4835,22899,2024-03-18,1332.16
4836,23328,2024-01-26,888.93
4837,21420,2024-02-07,1079.54
4838,29046,2024-01-17,1393.98
4839,4337,2024-03-22,371.66
4840,26315,2024-02-26,577.79
4841,15453,2024-02-05,696.92
4842,22533,2024-03-01,410.71
4843,15158,2024-01-20,1273.4
4844,17991,2024-03-06,198.43
4845,48345,2024-02-12,419.61
4846,35317,2024-03-18,351.27
4847,29157,2024-03-20,1433.82
4848,12363,2024-03-08,970.84
4849,10260,2024-01-06,1097.03
4850,33012,2024-02-25,233.96
4851,13701,2024-02-13,355.49
4852,45948,2024-04-04,1230.04
4853,37453,2024-03-07,886.18
4854,1704,2024-03-06,144.07
4855,11328,2024-02-14,883.25
4856,16732,2024-01-24,755.05
4857,3995,2024-04-01,298.25
4858,25486,2024-02-15,921.98
4859,5266,2024-02-05,326.82
4860,7744,2024-01-27,1232.26
4861,3913,2024-02-16,958.25
4862,38491,2024-03-27,1317.26
4863,7985,2024-01-29,683.03
4864,15530,2024-01-03,806.93
4865,931,2024-03-31,1160.03
4866,39239,2024-02-23,855.71
4867,13890,2024-01-10,892.22
4868,37008,2024-04-11,865.74
4869,30386,2024-02-19,777.67
4870,45238,2024-02-21,1224.09
4871,862,2024-02-13,769.0
4872,40816,2024-03-20,1359.13
4873,13001,2024-01-23,1228.24
4874,32421,2024-02-12,1063.26
4875,1595,2024-03-28,1356.1
4876,10240,2024-03-10,842.67
4877,32879,2024-01-17,1247.01
4878,19488,2024-02-01,423.39
4879,21843,2024-03-12,183.63
4880,41172,2024-01-26,1052.7
4881,5976,2024-03-21,508.29
4882,29289,2024-04-01,981.14
4883,46381,2024-01-26,189.9
4884,24462,2024-03-15,1437.02
4885,36302,2024-03-22,811.46
4886,11276,2024-03-16,93.53
4887,44649,2024-02-04,756.03
4888,25643,2024-02-29,1201.4
4889,26324,2024-02-14,1308.61
4890,42087,2024-01-27,734.99
4891,25883,2024-02-29,258.83
4892,11598,2024-03-15,1366.76
4893,14578,2024-03-27,1473.26
4894,49205,2024-01-14,169.74
4895,26365,2024-01-09,190.86
4896,18502,2024-02-24,883.14
4897,45268,2024-03-22,838.14
4898,14496,2024-03-09,915.89
4899,29569,2024-03-06,530.3
4900,43608,2024-03-15,151.49
4901,23703,2024-04-02,904.1
4902,19393,2024-03-19,295.05
4903,38552,2024-01-25,564.59
4904,10815,2024-01-13,907.08
4905,32142,2024-02-10,376.05
4906,8870,2024-03-08,850.3
4907,226,2024-02-13,1094.9
4908,17396,2024-01-22,173.41
4909,34082,2024-01-17,959.65
4910,42031,2024-02-14,803.4
4911,19889,2024-03-17,218.37
4912,19396,2024-01-23,1083.01
4913,20635,2024-01-12,521.46
4914,37422,2024-03-03,338.86
4915,2762,2024-03-01,481.09
4916,33480,2024-03-14,855.6
4917,10927,2024-01-21,903.68
4918,46031,2024-02-21,320.91
4919,4539,2024-03-07,1410.02
4920,41715,2024-01-27,547.1
4921,19513,2024-03-08,460.97
4922,39212,2024-03-29,345.15
4923,29267,2024-03-27,251.15
4924,45846,2024-02-15,1474.56
4925,39439,2024-03-14,1038.11
4926,44432,2024-04-09,1197.58
4927,22523,2024-03-04,650.11
4928,21657,2024-02-24,668.75
4929,49585,2024-03-14,1481.39
4930,14460,2024-01-11,364.98
4931,14410,2024-01-16,544.24
4932,33228,2024-04-01,357.13
4933,7213,2024-03-14,481.33
4934,14581,2024-02-22,1022.28
4935,14837,2024-01-08,518.66
4936,40779,2024-03-23,1323.24
4937,23970,2024-03-20,149.08
4938,16275,2024-01-13,583.7
4939,37446,2024-01-24,1302.2
4940,29639,2024-02-26,962.36
4941,1398,2024-02-10,1174.76
4942,46411,2024-03-28,539.58
4943,45750,2024-03-12,604.41
4944,15953,2024-01-13,1341.28
4945,19821,2024-01-29,1144.4
4946,38360,2024-02-02,625.65
4947,17310,2024-03-27,385.81
4948,16600,2024-01-30,230.93
4949,46342,2024-01-05,1303.8
4950,1247,2024-02-01,1070.66
4951,16031,2024-03-17,942.43
4952,26645,2024-04-13,1182.75
4953,45567,2024-02-15,1379.28
4954,27675,2024-01-28,1161.46
4955,20959,2024-01-10,677.34
4956,43025,2024-02-11,330.59
4957,33714,2024-03-10,1093.63
4958,6940,2024-01-14,430.34
4959,45127,2024-01-22,1191.31
4960,13925,2024-02-03,561.0
4961,3242,2024-03-03,302.62
4962,11151,2024-01-30,441.6
4963,48320,2024-01-19,458.63
4964,19672,2024-02-29,617.9
4965,1414,2024-02-06,445.35
4966,28283,2024-02-06,400.29
4967,41013,2024-02-14,636.28
4968,34241,2024-01-12,1312.7
4969,29576,2024-02-06,180.05
4970,41271,2024-03-10,500.66
4971,8258,2024-01-07,878.48
4972,26853,2024-02-25,1321.76
4973,8881,2024-03-16,483.47
4974,22079,2024-01-22,575.21
4975,47731,2024-01-31,1213.09
4976,19350,2024-03-05,608.98
4977,32182,2024-01-30,1289.21
4978,16955,2024-03-25,726.48
4979,39247,2024-01-26,888.12
4980,1622,2024-01-21,876.45
4981,47757,2024-01-20,249.41
4982,45676,2024-03-10,584.02
4983,2405,2024-02-11,423.05
4984,30797,2024-02-06,1049.89
4985,37587,2024-01-17,1405.78
4986,23318,2024-02-01,381.64
4987,12831,2024-01-29,209.59
4988,33558,2024-01-29,799.36
4989,29558,2024-02-07,634.99
4990,43987,2024-02-15,130.72
4991,27894,2024-02-21,1388.7
4992,5295,2024-02-14,1415.01
4993,24914,2024-02-13,1287.59
4994,34660,2024-03-22,478.34
4995,1785,2024-01-31,253.85
4996,39886,2024-02-22,921.34
4997,17567,2024-03-29,479.75
4998,16063,2024-01-10,366.44
4999,48446,2024-03-05,990.65
5000,20383,2024-04-11,1145.54
5001,40878,2024-01-22,828.74
5002,18058,2024-01-17,534.39
5003,19067,2024-02-10,807.78
5004,20526,2024-02-24,931.63
5005,5848,2024-02-22,153.68
5006,18623,2024-03-02,710.22
5007,45474,2024-02-08,929.63
5008,31761,2024-01-31,263.87
5009,5212,2024-01-28,717.35
5010,25731,2024-03-21,572.35
5011,6374,2024-02-19,1312.4
5012,30198,2024-02-23,774.93
5013,23946,2024-02-28,685.31
5014,36935,2024-01-07,426.31
5015,34848,2024-03-12,1439.61
5016,15293,2024-02-19,1444.85
5017,1852,2024-02-12,600.79
5018,18433,2024-01-26,1399.24
5019,28971,2024-01-11,958.41
5020,17040,2024-02-07,1189.09
5021,6688,2024-02-15,207.58
5022,40939,2024-02-25,110.26
5023,42182,2024-01-18,809.99
5024,25253,2024-03-08,187.79
5025,18842,2024-01-29,1346.21
5026,15807,2024-03-21,1244.62
5027,4182,2024-03-07,1095.06
5028,13863,2024-03-08,124.58
5029,20190,2024-03-18,730.83
5030,8785,2024-04-05,190.89
5031,3706,2024-02-09,1398.67
5032,24446,2024-04-02,949.92
5033,37772,2024-03-05,302.28
5034,5159,2024-01-27,876.07
5035,29837,2024-01-20,248.32
5036,6130,2024-01-07,286.86
5037,11030,2024-03-19,194.96
5038,47339,2024-03-12,1317.86
5039,36030,2024-03-19,854.87
5040,33447,2024-03-26,545.62
5041,4117,2024-02-23,80.96
5042,11757,2024-02-17,750.28
5043,27124,2024-02-11,808.14
5044,5370,2024-02-11,557.92
5045,15979,2024-01-20,767.74
5046,9135,2024-02-14,223.03
5047,11062,2024-03-28,1389.33
5048,4551,2024-03-13,446.84
5049,35859,2024-01-31,1426.87
5050,46857,2024-01-12,779.89
5051,43901,2024-03-15,1296.55
5052,17578,2024-02-11,899.63
5053,2747,2024-01-06,1279.07
5054,21851,2024-02-27,94.4
5055,25748,2024-03-02,344.79
5056,6073,2024-03-13,582.54
5057,23921,2024-01-26,500.51
5058,12934,2024-02-15,1424.36
5059,36181,2024-03-28,640.43
5060,34381,2024-03-24,1460.4
5061,28997,2024-02-02,1004.44
5062,38261,2024-01-30,1266.48
5063,513,2024-02-05,639.27
5064,16135,2024-03-08,349.91
5065,35634,2024-03-09,151.65
5066,8089,2024-03-13,1012.1
5067,36093,2024-03-09,1459.96
5068,31392,2024-01-28,247.93
5069,33043,2024-03-25,1175.89
5070,34309,2024-02-23,597.75
5071,12628,2024-01-31,1490.72
5072,1977,2024-04-02,1315.45
5073,7338,2024-02-11,407.69
5074,42453,2024-02-18,1167.37
5075,22972,2024-03-02,1122.61
5076,37308,2024-01-20,1164.05
5077,44972,2024-02-16,197.61
5078,5217,2024-02-17,1229.37
5079,23623,2024-01-20,451.23
5080,41400,2024-01-17,918.4
5081,20311,2024-01-16,243.87
5082,658,2024-03-23,872.54
5083,35038,2024-02-23,1367.11
5084,44828,2024-03-06,331.59
5085,15944,2024-02-16,1294.16
5086,42014,2024-03-02,698.33
5087,28058,2024-02-24,537.71
5088,21872,2024-04-03,161.08
5089,7028,2024-02-12,830.48
5090,49786,2024-03-27,363.91
5091,30813,2024-02-10,1414.94
5092,35602,2024-03-15,418.16
5093,21547,2024-03-16,913.24
5094,14795,2024-04-02,873.12
5095,45054,2024-01-20,558.29
5096,3900,2024-02-29,1289.93
5097,29369,2024-03-06,340.21
5098,15626,2024-04-03,1240.22
5099,46649,2024-03-17,374.62
5100,10285,2024-02-15,135.52
5101,25874,2024-02-02,1420.27
5102,18720,2024-01-25,984.96
5103,14949,2024-03-08,975.28
5104,38344,2024-04-07,456.36
5105,31304,2024-02-06,277.62
5106,6543,2024-02-13,1082.61
5107,42691,2024-01-22,816.61
5108,5877,2024-02-19,531.43
5109,49325,2024-02-28,529.84
5110,15603,2024-03-11,1342.74
5111,23358,2024-01-21,1343.33
5112,46343,2024-04-03,469.97
5113,19128,2024-03-06,1207.7
5114,34792,2024-03-02,401.89
5115,36360,2024-01-19,1227.3
5116,18144,2024-03-19,259.32
5117,317,2024-04-03,1156.58
5118,730,2024-02-04,869.07
5119,45883,2024-03-03,247.02
5120,6216,2024-03-05,954.37
5121,17299,2024-01-12,353.22
5122,1842,2024-02-26,355.65
5123,2387,2024-02-29,715.23
5124,21346,2024-03-28,1449.28
5125,22115,2024-02-18,1346.97
5126,43746,2024-03-10,1253.6
5127,5467,2024-02-01,1288.62
5128,38366,2024-03-10,786.15
5129,46720,2024-03-09,612.11
5130,5541,2024-01-22,1335.26
5131,23563,2024-01-28,194.84
5132,23013,2024-01-13,1494.45
5133,32742,2024-02-17,865.23
5134,14164,2024-02-26,847.45
5135,9063,2024-03-09,494.56
5136,28698,2024-03-06,321.91
5137,18491,2024-03-27,1046.02
5138,14826,2024-01-23,593.63
5139,49828,2024-04-06,509.47
5140,15680,2024-01-31,310.53
5141,7933,2024-01-25,839.88
5142,38881,2024-03-17,915.39
5143,3003,2024-02-29,709.15
5144,31444,2024-01-27,97.09
5145,6263,2024-03-10,778.18
5146,3954,2024-01-24,466.19
5147,45135,2024-03-29,276.87
5148,33479,2024-02-21,900.15
5149,18554,2024-02-17,1033.15
5150,24224,2024-01-15,816.65
5151,32042,2024-04-03,952.3
5152,26219,2024-03-12,941.31
5153,14633,2024-01-15,256.42
5154,17091,2024-01-24,386.45
5155,34427,2024-03-10,93.47
5156,9377,2024-02-26,1474.3
5157,17781,2024-01-20,379.94
5158,10437,2024-02-22,1236.88
5159,7569,2024-01-25,1189.35
5160,23550,2024-01-17,1081.12
5161,1459,2024-04-01,718.64
5162,42297,2024-02-20,909.09
5163,34366,2024-02-19,344.6
5164,29309,2024-02-10,230.66
5165,4846,2024-02-19,579.5
5166,41961,2024-02-11,1252.33
5167,38153,2024-03-04,880.92
5168,24381,2024-03-26,1164.68
5169,38922,2024-03-09,1344.26
5170,26539,2024-03-23,875.96
5171,5937,2024-03-16,601.54
5172,7674,2024-03-09,1295.06
5173,40437,2024-02-12,406.08
5174,35495,2024-02-17,115.17
5175,39592,2024-02-16,151.96
5176,14175,2024-03-07,906.78
5177,40382,2024-02-17,1347.12
5178,23138,2024-01-13,881.27
5179,29629,2024-01-28,661.06
5180,32309,2024-02-05,899.44
5181,30872,2024-01-31,1032.97
5182,28093,2024-03-18,1157.07
5183,32485,2024-01-18,573.17
5184,32813,2024-03-21,629.39
5185,25155,2024-01-29,113.57
5186,10154,2024-03-25,1002.47
5187,25867,2024-01-09,1182.96
5188,15444,2024-03-17,805.49
5189,14193,2024-04-05,614.7
5190,13718,2024-01-17,553.08
5191,17349,2024-03-28,995.95
5192,6421,2024-03-17,549.66
5193,38691,2024-03-30,930.69
5194,47431,2024-02-18,1396.29
5195,34115,2024-02-23,549.47
5196,817,2024-01-31,177.0
5197,13864,2024-01-27,1321.1
5198,49437,2024-01-04,468.44
5199,10588,2024-01-05,1483.76
5200,49498,2024-03-11,1272.97
5201,26518,2024-02-10,686.19
5202,5246,2024-03-03,972.04
5203,38332,2024-03-17,474.11
5204,48333,2024-03-03,199.52
5205,14927,2024-03-04,826.64
5206,49066,2024-01-30,683.03
5207,37865,2024-03-10,1457.28
5208,23347,2024-01-25,928.38
5209,27037,2024-02-25,1140.95
5210,40419,2024-01-13,272.05
5211,28962,2024-02-18,1107.61
5212,23035,2024-01-23,159.99
5213,17325,2024-01-21,950.54
5214,44928,2024-04-03,1270.74
5215,18247,2024-01-21,765.95
5216,21404,2024-01-10,385.42
5217,47288,2024-01-18,710.06
5218,14711,2024-01-16,1274.39
5219,6368,2024-02-21,1094.44
5220,48396,2024-01-30,939.73
5221,42364,2024-01-19,1065.25
5222,40889,2024-02-06,1264.56
5223,31707,2024-03-02,295.65
5224,3379,2024-01-30,1275.53
5225,39488,2024-01-26,1225.35
5226,13703,2024-01-25,758.03
5227,16884,2024-02-20,652.09
5228,9657,2024-01-26,1404.23
5229,40355,2024-01-27,1243.57
5230,31379,2024-03-06,1483.91
5231,28459,2024-01-20,991.29
5232,28447,2024-01-23,124.77
5233,26890,2024-02-25,298.52
5234,20716,2024-02-29,1244.85
5235,40605,2024-03-09,987.37
5236,45282,2024-01-30,361.23
5237,32112,2024-01-26,96.95
5238,34349,2024-03-21,453.3
5239,15205,2024-03-04,275.34
5240,6893,2024-03-31,1324.25
5241,22135,2024-02-06,1333.56
5242,44142,2024-02-06,1276.11
5243,3029,2024-02-22,214.34
5244,16298,2024-02-16,271.76
5245,32722,2024-03-02,272.44
5246,25135,2024-02-26,446.95
5247,9056,2024-03-10,183.5
5248,34886,2024-03-17,1473.82
5249,16229,2024-03-14,1294.32
5250,11282,2024-03-11,178.25
5251,25574,2024-03-13,284.02
5252,36502,2024-02-15,452.49
5253,48211,2024-03-11,1180.52
5254,43418,2024-01-06,1094.02
5255,46465,2024-03-23,975.31
5256,16704,2024-03-24,1375.32
5257,32459,2024-01-07,131.53
5258,6162,2024-01-18,309.03
5259,42992,2024-02-10,349.54
5260,19307,2024-03-15,164.7
5261,48552,2024-01-14,957.97
5262,40378,2024-03-06,377.77
5263,39954,2024-02-21,765.34
5264,4989,2024-01-16,1053.32
5265,19076,2024-01-11,925.49
5266,20183,2024-03-14,491.99
5267,38820,2024-03-26,668.13
5268,19433,2024-01-10,562.55
5269,36919,2024-03-03,1290.5
5270,19483,2024-01-28,676.3
5271,39059,2024-02-29,167.57
5272,39447,2024-01-31,959.49
5273,22157,2024-03-10,360.71
5274,37812,2024-02-29,560.86
5275,12291,2024-03-13,545.33
5276,36129,2024-02-07,182.84
5277,2297,2024-03-07,1430.34
5278,3832,2024-02-07,856.83
5279,33223,2024-03-11,301.87
5280,11495,2024-03-23,869.17
5281,20791,2024-03-30,721.24
5282,44316,2024-02-05,569.71
5283,38885,2024-02-16,750.91
5284,3435,2024-01-31,1030.86
5285,38208,2024-03-02,363.32
5286,3078,2024-03-11,843.79
5287,1108,2024-03-11,1234.45
5288,16656,2024-02-24,395.94
5289,45227,2024-02-09,812.05
5290,25831,2024-03-05,1451.34
5291,21504,2024-03-28,1216.72
5292,46861,2024-02-06,922.08
5293,2147,2024-02-22,1143.74
5294,36815,2024-03-26,826.4
5295,25284,2024-04-05,1480.93
5296,27041,2024-01-08,320.24
5297,46779,2024-02-11,1101.8
5298,45190,2024-01-30,88.46
5299,18146,2024-02-13,258.49
5300,27708,2024-02-11,1104.97
5301,46652,2024-03-14,1158.27
5302,7763,2024-03-29,135.94
5303,29633,2024-01-27,554.08
5304,8146,2024-02-13,247.83
5305,40440,2024-03-14,1344.0
5306,13040,2024-03-05,724.51
5307,34038,2024-04-08,708.4
5308,36291,2024-03-25,1249.89
5309,27908,2024-03-06,1067.42
5310,24657,2024-03-05,1389.66
5311,16994,2024-02-27,1412.9
5312,5346,2024-03-19,524.74
5313,5166,2024-04-10,1000.7
5314,34826,2024-02-29,849.34
5315,1676,2024-01-19,926.06
5316,31690,2024-03-29,967.94
5317,4147,2024-02-17,165.23
5318,31936,2024-03-06,1350.99
5319,18394,2024-01-12,279.19
5320,4708,2024-01-14,682.69
5321,2586,2024-03-13,494.75
5322,28118,2024-03-29,866.32
5323,42180,2024-03-11,1445.31
5324,31619,2024-03-23,665.64
5325,35764,2024-01-26,936.52
5326,22582,2024-02-18,280.42
5327,13836,2024-02-02,737.49
5328,12045,2024-03-02,1380.41
5329,30768,2024-03-15,1404.03
5330,7129,2024-04-01,855.93
5331,22784,2024-03-01,1171.4
5332,23251,2024-03-25,84.57
5333,23886,2024-04-08,834.74
5334,40094,2024-03-28,1120.11
5335,31012,2024-01-29,548.41
5336,12083,2024-01-21,1359.64
5337,7787,2024-04-07,1187.07
5338,5730,2024-02-20,1172.97
5339,13964,2024-03-21,110.15
5340,49262,2024-03-31,341.11
5341,5122,2024-02-03,1093.32
5342,10340,2024-01-19,877.64
5343,2821,2024-01-22,901.42
5344,32608,2024-03-21,101.03
5345,1035,2024-03-17,707.72
5346,234,2024-02-27,1196.74
5347,20697,2024-04-03,1022.25
5348,45287,2024-02-21,892.85
5349,29065,2024-01-20,1069.17
5350,16382,2024-03-08,1288.4
5351,36642,2024-01-28,1286.33
5352,11934,2024-03-22,727.55
5353,49558,2024-02-19,517.07
5354,1320,2024-03-15,600.26
5355,19422,2024-02-28,820.36
5356,14195,2024-01-05,206.9
5357,27212,2024-02-17,919.21
5358,23944,2024-03-16,723.63
5359,30571,2024-03-24,1157.68
5360,24192,2024-02-11,469.0
5361,42796,2024-01-27,174.15
5362,23408,2024-03-19,1350.29
5363,757,2024-02-23,176.67
5364,27670,2024-02-11,1396.74
5365,5554,2024-03-06,786.44
5366,33457,2024-02-14,159.92
5367,41064,2024-02-05,258.7
5368,18338,2024-01-23,836.79
5369,5043,2024-02-15,102.42
5370,20136,2024-02-29,1379.49
5371,6492,2024-04-07,1210.7
5372,18130,2024-01-26,796.46
5373,30129,2024-01-14,1395.27
5374,38904,2024-03-08,448.84
5375,14130,2024-03-02,1291.84
5376,28148,2024-02-09,1223.28
5377,6690,2024-02-27,906.18
5378,9694,2024-03-21,532.76
5379,39653,2024-01-23,872.83
5380,812,2024-01-28,1439.25
5381,28625,2024-02-23,200.1
5382,27746,2024-02-15,365.43
5383,23714,2024-01-25,994.33
5384,13505,2024-01-19,1043.36
5385,13798,2024-02-09,313.55
5386,33257,2024-01-17,1224.94
5387,9721,2024-02-20,1398.45
5388,44137,2024-04-02,193.12
5389,8318,2024-04-08,1463.43
5390,36326,2024-01-15,479.32
5391,48422,2024-01-27,518.58
5392,39928,2024-02-10,143.76
5393,2631,2024-03-09,786.32
5394,18015,2024-03-01,1435.76
5395,24532,2024-03-21,308.6
5396,8678,2024-02-19,899.14
5397,1619,2024-01-05,469.72
5398,21724,2024-03-14,106.47
5399,20565,2024-01-05,1481.75
5400,16172,2024-03-11,1096.97
5401,8490,2024-03-08,1124.36
5402,16339,2024-01-18,1021.4
5403,5456,2024-02-24,284.11
5404,35814,2024-03-24,373.51
5405,48472,2024-02-25,627.65
5406,22751,2024-01-14,1493.56
5407,7832,2024-01-14,1035.06
5408,16695,2024-03-04,708.18
5409,23468,2024-01-24,768.31
5410,5628,2024-03-14,1389.53
5411,4223,2024-03-21,358.94
5412,35610,2024-02-13,535.64
5413,21131,2024-03-10,606.64
5414,18857,2024-02-05,1354.63
5415,42679,2024-03-02,1183.04
5416,10640,2024-02-28,918.92
5417,10614,2024-03-08,526.91
5418,45810,2024-01-25,367.13
5419,18479,2024-01-27,549.67
5420,5763,2024-03-06,1399.82
5421,26690,2024-02-06,1372.52
5422,44533,2024-03-02,679.18
5423,45318,2024-02-06,542.26
5424,44237,2024-01-10,1336.12
5425,17597,2024-04-05,713.65
5426,45088,2024-01-27,134.95
5427,40911,2024-03-28,570.95
5428,22039,2024-01-18,942.36
5429,23255,2024-03-06,1421.32
5430,45134,2024-03-07,682.92
5431,27772,2024-03-21,420.98
5432,10277,2024-02-26,625.99
5433,10242,2024-02-21,161.02
5434,211,2024-01-17,1356.35
5435,28977,2024-03-13,127.46
5436,39436,2024-01-13,81.38
5437,43448,2024-03-29,952.07
5438,43062,2024-03-30,298.67
5439,36051,2024-02-18,500.43
5440,13688,2024-01-20,777.2
5441,26072,2024-03-03,1204.81
5442,3023,2024-01-26,630.27
5443,4111,2024-03-10,1439.09
5444,19012,2024-03-05,723.54
5445,15839,2024-01-14,1386.38
5446,46040,2024-02-18,722.31
5447,6757,2024-01-21,812.93
5448,18807,2024-01-27,1440.47
5449,32677,2024-04-08,1038.36
5450,42727,2024-03-20,292.11
5451,11066,2024-03-09,929.95
5452,17180,2024-03-26,399.81
5453,27738,2024-02-25,519.73
5454,24457,2024-03-30,1270.17
5455,36005,2024-02-16,1048.65
5456,36083,2024-03-29,487.37
5457,41991,2024-02-03,86.66
5458,14412,2024-02-01,834.28
5459,8531,2024-01-13,435.24
5460,33307,2024-01-11,120.2
5461,23784,2024-03-02,169.86
5462,14338,2024-03-31,1036.02
5463,22955,2024-03-15,668.28
5464,36824,2024-02-06,452.72
5465,11451,2024-02-25,1329.17
5466,7259,2024-02-27,1251.62
5467,42765,2024-03-17,741.99
5468,49142,2024-03-01,471.33
5469,18604,2024-02-28,800.19
5470,3032,2024-02-22,1149.16
5471,46318,2024-03-01,95.26
5472,7230,2024-02-27,949.84
5473,117,2024-03-22,1088.38
5474,9247,2024-01-17,1239.85
5475,19476,2024-03-30,387.59
5476,18810,2024-02-12,368.88
5477,24557,2024-03-27,386.33
5478,3796,2024-02-14,1402.63
5479,46266,2024-03-21,280.19
5480,47403,2024-02-16,1165.8
5481,12415,2024-02-25,1481.19
5482,5880,2024-03-29,1423.73
5483,13397,2024-04-02,662.05
5484,30393,2024-03-15,1271.88
5485,38492,2024-01-21,1031.6
5486,6803,2024-01-15,1313.22
5487,25305,2024-03-25,308.85
5488,34698,2024-03-23,1166.21
5489,8587,2024-01-17,912.91
5490,45079,2024-03-06,846.96
5491,48408,2024-03-10,1115.04
5492,5626,2024-02-28,467.75
5493,10343,2024-01-15,185.92
5494,15696,2024-04-07,793.01
5495,17259,2024-02-14,509.03
5496,34825,2024-02-22,444.1
5497,39720,2024-02-11,1497.9
5498,47285,2024-01-09,360.96
5499,35250,2024-01-16,414.52
5500,5921,2024-02-26,554.11
5501,14626,2024-02-18,785.74
5502,16114,2024-03-25,1314.14
5503,7267,2024-01-18,330.48
5504,36755,2024-02-21,954.67
5505,14983,2024-03-29,603.3
5506,76,2024-01-27,1211.62
5507,35251,2024-01-19,934.67
5508,26831,2024-03-18,1209.03
5509,44840,2024-01-18,1294.23
5510,1125,2024-04-02,1375.22
5511,25982,2024-01-19,1493.86
5512,42315,2024-01-21,958.79
5513,16455,2024-02-03,985.3
5514,45756,2024-02-06,279.62
5515,6428,2024-02-23,229.23
5516,27935,2024-01-15,772.43
5517,30844,2024-01-21,1065.04
5518,30082,2024-03-04,432.44
5519,15007,2024-03-28,544.57
5520,34083,2024-02-08,1074.18
5521,40403,2024-01-28,380.56
5522,47395,2024-04-12,820.35
5523,28704,2024-02-18,844.84
5524,35849,2024-03-17,1382.07
5525,47721,2024-03-17,651.23
5526,29396,2024-01-28,378.98
5527,14580,2024-01-30,326.93
5528,17901,2024-03-24,496.28
5529,195,2024-02-14,476.07
5530,48183,2024-02-23,1145.28
5531,30800,2024-01-23,923.09
5532,19220,2024-01-11,1049.05
5533,46099,2024-02-20,975.02
5534,2814,2024-01-08,763.37
5535,20371,2024-02-02,1398.15
5536,6538,2024-02-16,1240.74
5537,2665,2024-01-27,379.37
5538,22857,2024-01-17,681.6
5539,11618,2024-02-11,488.82
5540,2953,2024-02-22,1138.87
5541,45702,2024-02-16,569.13
5542,12059,2024-01-23,989.1
5543,29339,2024-03-16,494.94
5544,45491,2024-02-02,323.74
5545,26379,2024-03-18,93.05
5546,27862,2024-01-04,1492.36
5547,10534,2024-04-01,391.71
5548,15459,2024-03-04,1261.79
5549,49677,2024-02-07,1247.36
5550,45505,2024-03-27,415.07
5551,43502,2024-01-19,670.2
5552,34624,2024-01-24,1267.28
5553,5505,2024-03-18,1059.53
5554,16257,2024-03-11,605.23
5555,9238,2024-02-10,1427.78
5556,45503,2024-02-06,566.13
5557,7951,2024-02-19,381.14
5558,13684,2024-03-25,288.34
5559,15633,2024-01-16,1075.87
5560,26307,2024-01-05,121.19
5561,22072,2024-02-16,1281.09
5562,36753,2024-03-30,511.99
5563,48321,2024-02-26,605.13
5564,29279,2024-02-11,1218.6
5565,1632,2024-01-13,1236.13
5566,6109,2024-02-08,648.01
5567,24340,2024-03-21,866.43
5568,15815,2024-03-18,1044.48
5569,24384,2024-01-29,1057.82
5570,26608,2024-03-10,838.36
5571,840,2024-01-14,1278.63
5572,11476,2024-02-11,1274.85
5573,20627,2024-04-04,1285.3
5574,8280,2024-01-25,460.87
5575,30634,2024-03-09,444.81
5576,49341,2024-04-05,278.55
5577,42845,2024-01-28,1253.49
5578,31545,2024-03-04,166.14
5579,29501,2024-02-07,272.13
5580,47763,2024-03-18,1395.22
5581,8876,2024-02-16,257.66
5582,43098,2024-02-02,252.22
5583,30915,2024-02-08,1370.94
5584,5686,2024-02-07,520.35
5585,5734,2024-03-29,1331.62
5586,30293,2024-02-23,616.27
5587,11301,2024-01-17,610.57
5588,5599,2024-01-23,271.96
5589,2518,2024-03-18,1384.44
5590,25780,2024-01-13,1161.6
5591,19826,2024-03-14,400.42
5592,35670,2024-02-29,1113.47
5593,47049,2024-02-19,227.24
5594,18332,2024-03-28,823.81
5595,1847,2024-03-05,441.06
5596,18503,2024-03-21,1287.83
5597,20218,2024-02-10,805.8
5598,40293,2024-01-29,1388.12
5599,34984,2024-01-05,910.93
5600,27971,2024-02-07,795.65
5601,28360,2024-02-04,1065.39
5602,17902,2024-03-23,1193.24
5603,27088,2024-01-31,101.67
5604,12441,2024-02-12,821.64
5605,12595,2024-04-01,1181.52
5606,3198,2024-03-23,658.64
5607,2866,2024-01-27,144.07
5608,23312,2024-03-30,104.93
5609,19742,2024-04-02,1207.27
5610,9453,2024-02-02,361.27
5611,34237,2024-03-23,328.38
5612,1737,2024-04-10,491.18
5613,45116,2024-03-31,225.08
5614,28335,2024-02-29,155.67
5615,11758,2024-02-11,1318.61
5616,34581,2024-04-06,509.95
5617,7030,2024-03-05,907.0
5618,23579,2024-03-20,1298.08
5619,10860,2024-03-05,1467.99
5620,38469,2024-03-10,1057.66
5621,16373,2024-03-09,1429.23
5622,14055,2024-01-12,681.4
5623,38565,2024-04-06,1201.15
5624,34914,2024-01-21,1411.4
5625,49085,2024-04-06,155.49
5626,1931,2024-03-18,530.78
5627,46499,2024-03-18,1131.16
5628,1127,2024-01-28,527.68
5629,14234,2024-02-13,104.19
5630,44701,2024-03-08,1225.98
5631,30322,2024-03-07,313.91
5632,42698,2024-02-26,535.63
5633,7480,2024-03-23,1373.02
5634,29037,2024-02-17,376.58
5635,12590,2024-03-22,1350.56
5636,44511,2024-04-06,680.02
5637,13589,2024-03-20,1383.75
5638,17307,2024-01-15,1325.13
5639,2889,2024-01-14,669.65
5640,46394,2024-03-05,1389.06
5641,22035,2024-02-06,978.46
5642,20138,2024-02-05,755.37
5643,36455,2024-03-10,833.58
5644,8878,2024-02-23,169.89
5645,30443,2024-04-02,1226.78
5646,29916,2024-01-30,495.3
5647,48716,2024-02-17,463.64
5648,36948,2024-03-30,1095.87
5649,8669,2024-03-31,606.55
5650,31395,2024-03-07,810.11
5651,41420,2024-01-19,678.63
5652,10241,2024-02-23,796.58
5653,7597,2024-02-19,395.49
5654,43331,2024-03-26,1336.61
5655,8871,2024-02-12,946.45
5656,7801,2024-01-20,411.87
5657,21000,2024-03-05,209.99
5658,13036,2024-01-15,840.36
5659,19850,2024-02-08,744.73
5660,5201,2024-02-22,1404.14
5661,38427,2024-02-01,407.59
5662,45464,2024-02-15,1331.88
5663,33670,2024-02-28,1168.42
5664,40489,2024-02-03,756.64
5665,13161,2024-01-15,1320.76
5666,5663,2024-01-26,1303.87
5667,44311,2024-01-20,1094.48
5668,34268,2024-03-17,224.2
5669,7956,2024-01-26,307.47
5670,12969,2024-03-07,920.07
5671,49697,2024-03-13,428.5
5672,42656,2024-01-08,862.66
5673,30692,2024-02-04,876.31
5674,62,2024-01-11,913.67
5675,33595,2024-03-22,889.18
5676,12910,2024-02-13,618.55
5677,27718,2024-02-08,378.55
5678,10828,2024-03-13,816.33
5679,26232,2024-02-27,783.13
5680,7780,2024-01-15,470.77
5681,40066,2024-02-05,152.68
5682,10203,2024-03-26,371.91
5683,1809,2024-02-12,862.11
5684,37578,2024-01-27,840.58
5685,42764,2024-02-20,269.77
5686,22282,2024-01-18,940.59
5687,31943,2024-01-24,680.16
5688,41615,2024-01-09,1008.21
5689,10425,2024-04-04,1340.97
5690,13615,2024-03-27,518.14
5691,27270,2024-04-03,573.18
5692,8421,2024-03-29,1041.08
5693,33891,2024-01-31,1427.8
5694,32672,2024-02-12,770.29
5695,10633,2024-02-22,320.39
5696,30903,2024-01-31,1407.71
5697,3490,2024-03-03,747.08
5698,45941,2024-02-13,734.19
5699,13959,2024-01-21,846.53
5700,12204,2024-03-06,438.56
5701,28965,2024-03-18,1194.26
5702,25287,2024-02-07,990.28
5703,9187,2024-02-02,1435.92
5704,17151,2024-01-28,369.52
5705,43190,2024-03-03,959.17
5706,15651,2024-03-05,813.62
5707,6659,2024-03-27,1350.55
5708,28375,2024-02-09,123.12
5709,23880,2024-03-15,1160.34
5710,45459,2024-02-26,964.74
5711,35088,2024-03-10,942.72
5712,41988,2024-02-27,1322.96
5713,32267,2024-03-17,917.51
5714,42974,2024-03-08,1096.61
5715,1573,2024-01-21,996.9
5716,32570,2024-02-02,178.7
5717,35280,2024-01-05,240.22
5718,46452,2024-03-30,560.67
5719,16125,2024-01-28,1039.5
5720,13432,2024-01-15,117.56
5721,6180,2024-01-28,1177.09
5722,32680,2024-01-09,368.27
5723,940,2024-04-05,874.52
5724,29189,2024-01-14,365.64
5725,34756,2024-01-22,329.87
5726,49312,2024-03-13,554.55
5727,8826,2024-03-06,1388.54
5728,31073,2024-04-06,417.74
5729,35211,2024-03-14,148.9
5730,15256,2024-01-30,1332.79
5731,42005,2024-02-11,703.28
5732,22854,2024-02-19,961.9
5733,46719,2024-02-21,1337.81
5734,3461,2024-03-23,1153.02
5735,49940,2024-03-12,1211.04
5736,6833,2024-02-28,761.73
5737,33011,2024-03-11,1056.03
5738,11307,2024-03-24,1448.55
5739,48620,2024-02-01,1343.5
5740,36074,2024-03-09,949.65
5741,28456,2024-04-09,201.23
5742,27964,2024-03-20,1471.18
5743,34855,2024-01-17,400.19
5744,35413,2024-03-09,592.28
5745,27701,2024-03-25,279.3
5746,38262,2024-01-10,316.59
5747,41280,2024-03-16,1210.01
5748,49226,2024-01-24,262.14
5749,3022,2024-03-01,348.91
5750,3221,2024-02-14,323.52
5751,17938,2024-03-12,605.66
5752,23713,2024-01-20,1066.45
5753,151,2024-02-11,994.25
5754,12614,2024-02-14,1109.07
5755,18555,2024-04-08,1112.07
5756,35928,2024-01-23,84.26
5757,31351,2024-03-29,1052.05
5758,46959,2024-03-18,1052.09
5759,42917,2024-03-03,168.2
5760,4679,2024-01-24,686.51
5761,31151,2024-02-08,191.68
5762,48473,2024-03-03,350.98
5763,9732,2024-03-26,775.45
5764,36353,2024-02-26,97.06
5765,42835,2024-03-29,214.9
5766,26349,2024-02-20,200.59
5767,29574,2024-02-12,256.85
5768,45330,2024-01-09,150.69
5769,3930,2024-03-23,949.15
5770,18456,2024-01-28,333.61
5771,19452,2024-03-13,1304.9
5772,3299,2024-01-26,1336.42
5773,40427,2024-02-24,1061.27
5774,43439,2024-03-03,172.24
5775,1490,2024-02-16,1346.08
5776,34591,2024-02-18,674.53
5777,28460,2024-02-04,337.18
5778,31612,2024-03-12,1185.87
5779,46539,2024-02-14,572.3
5780,21751,2024-02-20,798.62
5781,10882,2024-03-19,1135.12
5782,14674,2024-02-04,223.59
5783,8479,2024-04-01,320.77
5784,27546,2024-02-18,1455.35
5785,33255,2024-03-18,1093.23
5786,32424,2024-02-14,408.2
5787,36419,2024-02-05,894.78
5788,31166,2024-03-14,346.94
5789,37801,2024-01-05,1308.96
5790,20533,2024-04-05,717.03
5791,33937,2024-04-11,1225.76
5792,22469,2024-03-25,1460.12
5793,20917,2024-04-08,1472.84
5794,46458,2024-01-26,275.42
5795,47694,2024-02-07,1421.62
5796,284,2024-03-01,463.81
5797,9411,2024-02-23,590.66
5798,5071,2024-02-11,169.45
5799,45663,2024-04-10,996.75
5800,40846,2024-01-19,994.65
5801,23543,2024-03-25,1183.4
5802,3634,2024-01-27,1423.69
5803,30495,2024-03-14,688.0
5804,35043,2024-01-13,658.56
5805,28959,2024-03-05,987.54
5806,46492,2024-02-10,1027.72
5807,9502,2024-02-18,712.24
5808,8643,2024-03-02,1385.45
5809,37787,2024-01-08,154.09
5810,34862,2024-03-02,1154.09
5811,12089,2024-02-05,375.28
5812,33904,2024-02-20,783.37
5813,9012,2024-03-06,1289.12
5814,16383,2024-02-11,548.04
5815,4037,2024-03-03,1357.55
5816,6805,2024-01-08,719.97
5817,46393,2024-03-09,1077.91
5818,4610,2024-01-16,1106.21
5819,48877,2024-02-15,450.36
5820,31258,2024-04-03,1358.93
5821,587,2024-03-17,256.95
5822,34496,2024-02-10,917.9
5823,31733,2024-02-20,1399.19
5824,3790,2024-04-02,124.01
5825,47186,2024-02-15,834.38
5826,1698,2024-03-06,429.94
5827,42441,2024-03-17,353.29
5828,33729,2024-01-14,411.95
5829,48481,2024-02-21,1361.82
5830,30690,2024-02-29,684.23
5831,36692,2024-01-22,414.97
5832,49991,2024-01-31,1397.13
5833,22133,2024-02-03,536.7
5834,7599,2024-01-07,1107.32
5835,38400,2024-01-30,842.79
5836,36522,2024-01-15,1044.42
5837,45536,2024-03-06,339.4
5838,12011,2024-03-12,1043.51
5839,11011,2024-02-09,1366.27
5840,27888,2024-02-10,223.29
5841,16165,2024-03-03,543.67
5842,17550,2024-01-17,1461.1
5843,16410,2024-02-10,399.78
5844,15732,2024-03-23,164.57
5845,41674,2024-02-24,158.18
5846,5991,2024-03-29,470.92
5847,43891,2024-03-24,782.72
5848,35692,2024-04-02,461.73
5849,25941,2024-02-17,478.88
5850,18850,2024-03-04,1260.62
5851,6975,2024-02-22,1169.06
5852,17320,2024-01-31,521.4
5853,10090,2024-01-18,569.74
5854,43035,2024-03-10,1456.94
5855,8239,2024-02-18,1429.22
5856,36343,2024-03-22,1461.8
5857,3505,2024-02-29,1413.66
5858,36286,2024-02-20,971.88
5859,44130,2024-03-24,517.82
5860,8962,2024-03-07,1456.68
5861,5330,2024-03-23,1134.8
5862,43092,2024-03-11,1089.97
5863,44455,2024-02-14,1212.62
5864,27393,2024-01-19,929.82
5865,40296,2024-01-24,908.23
5866,6661,2024-02-20,593.09
5867,22762,2024-01-11,294.05
5868,21431,2024-03-19,702.71
5869,9285,2024-03-19,814.67
5870,7290,2024-03-07,1326.49
5871,45320,2024-02-23,650.27
5872,36251,2024-02-07,1333.89
5873,3190,2024-03-10,530.88
5874,37043,2024-04-06,1421.44
5875,46573,2024-02-08,135.29
5876,47824,2024-02-25,825.97
5877,29950,2024-03-01,536.66
5878,5261,2024-03-07,498.07
5879,16158,2024-02-20,192.74
5880,44712,2024-03-29,1047.43
5881,16116,2024-02-29,637.42
5882,22023,2024-03-20,1427.66
5883,2266,2024-04-05,1091.64
5884,47344,2024-02-01,708.91
5885,35303,2024-01-09,970.76
5886,32435,2024-04-03,173.72
5887,6753,2024-02-12,916.58
5888,10802,2024-03-25,1025.93
5889,31587,2024-03-24,230.75
5890,13934,2024-03-21,1049.05
5891,29142,2024-02-04,753.09
5892,8782,2024-03-29,761.06
5893,15212,2024-01-20,1107.48
5894,25851,2024-03-31,718.73
5895,24836,2024-02-09,412.77
5896,38858,2024-01-28,503.56
5897,11266,2024-02-24,1128.46
5898,29659,2024-03-03,180.81
5899,30482,2024-02-17,1273.97
5900,34393,2024-04-09,906.73
5901,34177,2024-03-03,1112.3
5902,35245,2024-02-24,568.04
5903,6200,2024-02-06,396.29
5904,18509,2024-03-19,1222.5
5905,6888,2024-02-02,225.14
5906,28986,2024-01-26,315.51
5907,19102,2024-02-21,484.59
5908,31457,2024-01-27,578.74
5909,15122,2024-02-11,369.19
5910,12142,2024-02-18,1375.93
5911,21550,2024-01-22,118.59
5912,13070,2024-02-29,1220.92
5913,24995,2024-02-15,663.72
5914,36639,2024-04-02,1267.28
5915,42271,2024-01-14,1210.27
5916,48932,2024-01-16,251.87
5917,45738,2024-02-28,1026.31
5918,23142,2024-02-21,617.39
5919,9268,2024-03-06,1245.84
5920,17300,2024-02-25,1288.45
5921,42536,2024-02-27,348.45
5922,43656,2024-03-26,759.68
5923,19387,2024-01-10,924.05
5924,24182,2024-03-31,852.59
5925,21111,2024-02-21,437.51
5926,28192,2024-03-18,466.94
5927,42741,2024-02-21,1298.63
5928,30225,2024-01-14,126.43
5929,23272,2024-03-28,452.56
5930,2583,2024-02-22,396.77
5931,12904,2024-02-04,606.35
5932,23862,2024-02-20,1054.27
5933,31944,2024-02-20,835.81
5934,48328,2024-02-13,847.69
5935,11864,2024-02-22,1118.43
5936,35911,2024-02-06,1233.27
5937,25265,2024-03-10,307.02
5938,41827,2024-01-05,233.4
5939,6922,2024-02-06,507.73
5940,42060,2024-02-05,1255.13
5941,26546,2024-03-27,849.28
5942,38595,2024-02-14,282.81
5943,25083,2024-01-19,312.51
5944,42711,2024-01-19,1355.54
5945,30406,2024-03-22,601.1
5946,21096,2024-03-31,442.5
5947,39724,2024-01-06,1065.11
5948,21641,2024-02-22,1302.31
5949,7113,2024-02-21,708.22
5950,43712,2024-01-15,1203.41
5951,36677,2024-03-30,690.65
5952,46806,2024-01-26,1061.82
5953,37629,2024-02-24,896.24
5954,31995,2024-03-25,1350.11
5955,35832,2024-03-01,541.57
5956,27984,2024-03-04,1174.0
5957,27369,2024-02-19,1051.19
5958,39707,2024-02-18,1271.13
5959,8972,2024-02-10,942.71
5960,48551,2024-04-03,733.4
5961,30711,2024-03-13,150.22
5962,27311,2024-02-15,1272.37
5963,36698,2024-03-04,1372.11
5964,18737,2024-03-08,718.51
5965,1535,2024-02-21,395.61
5966,24297,2024-02-17,998.96
5967,14713,2024-03-11,252.81
5968,35689,2024-01-06,138.0
5969,18770,2024-03-02,491.95
5970,29763,2024-01-29,1045.48
5971,40161,2024-03-25,1236.17
5972,33905,2024-01-13,302.73
5973,8547,2024-03-06,1423.53
5974,43972,2024-02-11,863.95
5975,19327,2024-02-19,1393.87
5976,32467,2024-03-27,292.7
5977,19496,2024-04-08,730.33
5978,37024,2024-01-22,691.75
5979,1140,2024-03-30,664.6
5980,37415,2024-02-07,1401.72
5981,34474,2024-01-17,1286.16
5982,22676,2024-04-02,1207.87
5983,12506,2024-03-06,486.3
5984,45057,2024-02-27,561.44
5985,3619,2024-03-02,448.21
5986,39607,2024-02-14,1206.75
5987,34858,2024-02-11,637.81
5988,49111,2024-03-07,1469.74
5989,7325,2024-01-24,597.33
5990,963,2024-02-10,321.1
5991,35314,2024-04-04,1400.39
5992,30516,2024-03-26,1191.45
5993,25549,2024-03-24,908.2
5994,10836,2024-01-17,1298.98
5995,1976,2024-04-01,1428.21
5996,14766,2024-02-06,1303.15
5997,48449,2024-02-21,1364.42
5998,37971,2024-03-20,465.16
5999,39242,2024-01-13,805.41
6000,40230,2024-02-03,1209.32
6001,41497,2024-01-27,826.95
6002,40357,2024-04-06,991.41
6003,8058,2024-02-02,1390.44
6004,45876,2024-03-05,499.39
6005,28207,2024-03-14,845.96
6006,34180,2024-03-22,880.23
6007,24958,2024-02-24,590.54
6008,26351,2024-03-01,602.95
6009,5056,2024-03-12,1172.04
6010,20587,2024-02-03,1399.91
6011,2679,2024-03-01,979.9
6012,46057,2024-02-26,772.88
6013,30289,2024-04-08,1145.51
6014,20469,2024-01-19,1496.89
6015,24518,2024-03-26,197.01
6016,49858,2024-02-05,1005.25
6017,24770,2024-03-03,869.67
6018,2763,2024-02-06,946.55
6019,12404,2024-03-28,112.4
6020,13250,2024-01-06,1437.06
6021,40384,2024-04-02,201.27
6022,21532,2024-03-09,516.61
6023,45684,2024-01-22,503.58
6024,39611,2024-02-17,1121.02
6025,42351,2024-01-29,1032.73
6026,32049,2024-03-09,167.65
6027,6382,2024-02-01,292.59
6028,42415,2024-03-21,532.67
6029,18093,2024-01-22,1079.83
6030,38865,2024-03-18,1399.51
6031,31000,2024-03-06,527.97
6032,9989,2024-02-21,826.32
6033,42098,2024-01-06,609.11
6034,33510,2024-03-02,899.85
6035,18436,2024-01-07,971.72
6036,44220,2024-01-27,815.98
6037,17504,2024-01-17,632.41
6038,41736,2024-04-03,1329.29
6039,1418,2024-01-18,1218.72
6040,47551,2024-02-01,1497.74
6041,29843,2024-04-01,666.02
6042,10312,2024-02-05,135.02
6043,37557,2024-02-21,1004.95
6044,20848,2024-02-12,1192.47
6045,19965,2024-01-28,1410.23
6046,17854,2024-01-23,94.72
6047,29462,2024-02-05,1329.01
6048,30542,2024-04-05,813.77
6049,22778,2024-03-01,612.24
6050,22634,2024-01-09,395.15
6051,33485,2024-02-21,1236.06
6052,1487,2024-02-01,596.51
6053,27336,2024-03-25,938.47
6054,30089,2024-01-30,806.57
6055,2112,2024-01-28,453.68
6056,43717,2024-02-12,1198.65
6057,25056,2024-01-31,503.41
6058,13652,2024-02-03,1197.99
6059,11887,2024-02-22,661.55
6060,13910,2024-01-20,122.72
6061,3132,2024-03-22,1169.75
6062,19700,2024-02-14,1356.97
6063,914,2024-02-29,250.1
6064,31141,2024-02-21,911.03
6065,23348,2024-02-05,181.9
6066,37753,2024-03-12,1258.44
6067,27877,2024-03-06,1482.9
6068,33487,2024-03-07,782.89
6069,12430,2024-04-04,525.02
6070,31452,2024-02-15,1280.96
6071,20893,2024-03-16,819.51
6072,42006,2024-02-09,717.62
6073,41386,2024-01-21,403.49
6074,16431,2024-04-10,954.75
6075,44226,2024-02-15,940.97
6076,29265,2024-03-04,453.22
6077,4083,2024-01-21,380.2
6078,1332,2024-01-25,702.76
6079,46095,2024-01-12,720.16
6080,14544,2024-04-08,262.34
6081,34491,2024-03-07,472.0
6082,44946,2024-02-05,307.7
6083,49026,2024-01-25,1360.05
6084,13923,2024-04-07,185.56
6085,49027,2024-02-29,1327.84
6086,41941,2024-03-13,829.6
6087,10531,2024-03-30,1024.76
6088,32957,2024-03-22,1391.01
6089,41288,2024-01-16,598.85
6090,19003,2024-03-02,1077.72
6091,33029,2024-01-22,1033.81
6092,11666,2024-03-11,1483.45
6093,30208,2024-03-26,145.39
6094,17123,2024-02-26,726.72
6095,43223,2024-03-01,1485.17
6096,39778,2024-04-07,545.58
6097,36790,2024-02-21,1451.24
6098,29825,2024-02-24,1239.74
6099,13368,2024-01-29,561.84
6100,4200,2024-02-15,121.33
6101,28909,2024-04-05,478.09
6102,41644,2024-03-23,255.68
6103,13607,2024-03-31,688.41
6104,18238,2024-01-30,1414.12
6105,24652,2024-02-06,807.92
6106,30880,2024-03-05,715.46
6107,38416,2024-04-13,386.38
6108,36582,2024-03-26,962.44
6109,17395,2024-03-19,726.63
6110,18145,2024-01-20,1177.26
6111,9729,2024-02-28,812.89
6112,30039,2024-03-06,1338.94
6113,35608,2024-02-04,1191.88
6114,30640,2024-01-10,285.99
6115,10348,2024-01-15,273.12
6116,44046,2024-03-05,114.58
6117,30468,2024-03-29,603.99
6118,28043,2024-02-25,157.56
6119,40978,2024-02-25,718.93
6120,19146,2024-01-26,422.72
6121,46326,2024-02-23,787.5
6122,17164,2024-02-16,304.79
6123,14146,2024-01-15,859.85
6124,29131,2024-01-19,1452.34
6125,631,2024-02-29,984.87
6126,6822,2024-03-06,881.43
6127,2277,2024-01-31,1199.03
6128,14565,2024-02-14,87.91
6129,21563,2024-02-26,481.1
6130,40157,2024-03-10,1481.51
6131,44129,2024-03-19,1191.32
6132,4273,2024-03-05,208.18
6133,7,2024-02-23,543.57
6134,2146,2024-04-09,704.61
6135,38974,2024-03-31,1407.11
6136,44231,2024-03-14,912.39
6137,42714,2024-03-07,189.66
6138,1700,2024-03-12,802.88
6139,39969,2024-01-23,490.93
6140,38078,2024-03-27,560.96
6141,39525,2024-02-03,242.26
6142,44666,2024-02-29,731.43
6143,35433,2024-02-15,1030.67
6144,23252,2024-02-29,1158.56
6145,27667,2024-02-21,1067.45
6146,15551,2024-04-04,1017.93
6147,44078,2024-01-26,1314.29
6148,21957,2024-01-15,551.97
6149,33727,2024-03-13,384.72
6150,15672,2024-01-12,207.0
6151,48106,2024-03-13,315.3
6152,7133,2024-01-31,292.14
6153,26992,2024-03-30,1375.75
6154,40306,2024-02-15,336.33
6155,28051,2024-03-14,213.4
6156,3456,2024-03-01,648.36
6157,20513,2024-02-16,320.85
6158,2736,2024-03-18,265.41
6159,19720,2024-03-31,594.62
6160,33138,2024-04-03,1385.53
6161,39220,2024-02-14,123.22
6162,3215,2024-03-27,374.96
6163,46554,2024-02-15,1250.4
6164,7639,2024-02-18,428.23
6165,30743,2024-01-22,706.35
6166,17689,2024-02-11,219.93
6167,47204,2024-02-27,1209.15
6168,16659,2024-02-01,1125.77
6169,1722,2024-03-25,261.85
6170,38513,2024-01-29,1426.11
6171,6434,2024-02-03,918.69
6172,27061,2024-02-05,1213.38
6173,26727,2024-03-11,1164.59
6174,18755,2024-03-27,817.08
6175,20278,2024-03-21,1141.44
6176,32379,2024-03-10,417.67
6177,2095,2024-01-02,110.19
6178,22030,2024-04-04,565.75
6179,14939,2024-03-07,296.55
6180,6030,2024-03-01,1473.13
6181,1865,2024-01-11,1391.55
6182,8351,2024-03-02,284.68
6183,47282,2024-02-13,568.47
6184,30206,2024-03-14,803.23
6185,24050,2024-03-29,646.2
6186,6995,2024-01-23,1074.03
6187,24030,2024-03-16,795.0
6188,27296,2024-03-22,882.67
6189,14936,2024-02-13,1042.25
6190,6133,2024-01-12,113.61
6191,22646,2024-01-25,97.64
6192,1403,2024-04-09,332.94
6193,537,2024-03-07,1099.99
6194,5823,2024-03-23,421.4
6195,6349,2024-03-26,1386.65
6196,48292,2024-01-31,191.47
6197,48713,2024-02-25,903.47
6198,8544,2024-03-19,116.28
6199,19999,2024-02-12,1460.32
6200,38048,2024-02-27,383.41
6201,7545,2024-03-12,914.44
6202,1994,2024-02-27,1433.34
6203,32539,2024-04-07,123.12
6204,26411,2024-03-27,808.08
6205,41146,2024-03-19,827.93
6206,6779,2024-04-09,579.11
6207,5378,2024-01-22,1009.46
6208,2400,2024-02-05,850.39
6209,43610,2024-02-12,433.78
6210,32147,2024-04-10,1081.54
6211,25878,2024-03-04,741.96
6212,7101,2024-01-23,747.84
6213,26736,2024-03-06,1431.73
6214,23423,2024-02-19,839.75
6215,39663,2024-02-14,1194.21
6216,37223,2024-02-07,1311.69
6217,49507,2024-01-21,904.64
6218,6157,2024-03-17,1196.65
6219,2299,2024-03-08,519.55
6220,25669,2024-03-14,338.33
6221,27094,2024-02-15,1067.67
6222,6047,2024-01-24,1395.19
6223,36550,2024-03-22,140.35
6224,26281,2024-03-06,1163.54
6225,4266,2024-03-17,120.33
6226,39384,2024-03-07,731.22
6227,13543,2024-02-03,1041.61
6228,38804,2024-02-13,655.53
6229,4166,2024-01-25,507.35
6230,26064,2024-01-05,345.31
6231,10630,2024-02-11,1468.58
6232,37174,2024-03-07,889.85
6233,1957,2024-03-31,261.54
6234,16672,2024-01-24,148.37
6235,34036,2024-04-04,425.61
6236,28417,2024-03-11,844.85
6237,1732,2024-01-21,1147.83
6238,25765,2024-02-02,1472.96
6239,31641,2024-03-11,1264.2
6240,7782,2024-02-21,949.0
6241,19962,2024-02-01,1026.4
6242,32534,2024-02-13,821.34
6243,19194,2024-02-26,697.09
6244,18961,2024-03-11,1194.31
6245,35364,2024-03-14,331.85
6246,38319,2024-01-31,554.19
6247,23752,2024-01-27,1469.73
6248,30259,2024-02-18,891.86
6249,8114,2024-03-31,787.88
6250,48563,2024-02-15,1288.12
6251,10792,2024-02-29,1162.07
6252,32835,2024-04-06,542.98
6253,25057,2024-02-21,968.87
6254,41777,2024-02-12,343.26
6255,31982,2024-02-11,155.23
6256,8195,2024-03-12,1485.58
6257,33192,2024-03-22,1126.84
6258,14382,2024-03-06,1401.69
6259,40921,2024-02-06,1261.28
6260,7235,2024-03-19,687.87
6261,26989,2024-01-12,1303.25
6262,10070,2024-03-09,1197.11
6263,32281,2024-02-29,446.72
6264,35075,2024-01-11,964.67
6265,34185,2024-02-28,513.12
6266,29580,2024-04-03,412.33
6267,42111,2024-02-02,196.06
6268,31145,2024-01-10,851.29
6269,1167,2024-01-27,637.25
6270,49835,2024-01-08,205.02
6271,35301,2024-03-14,1100.07
6272,37354,2024-02-22,1106.75
6273,48204,2024-02-16,414.14
6274,47543,2024-01-27,1437.39
6275,29854,2024-03-26,1184.57
6276,37188,2024-03-01,1223.53
6277,32391,2024-02-28,85.26
6278,17272,2024-03-30,1469.38
6279,22931,2024-01-26,1486.22
6280,44195,2024-01-15,800.25
6281,36809,2024-03-25,1478.72
6282,26795,2024-03-09,949.24
6283,2270,2024-03-27,270.26
6284,23692,2024-03-05,1236.21
6285,28538,2024-02-11,872.48
6286,2446,2024-01-26,566.05
6287,23183,2024-02-20,415.38
6288,24070,2024-01-27,816.83
6289,21848,2024-02-02,1062.29
6290,24758,2024-01-18,1325.35
6291,17984,2024-03-15,930.07
6292,19304,2024-01-08,669.72
6293,18277,2024-03-24,977.63
6294,47516,2024-02-19,785.68
6295,5408,2024-04-09,1005.83
6296,2349,2024-02-17,944.74
6297,26361,2024-02-19,1469.73
6298,45209,2024-03-02,963.59
6299,16508,2024-03-17,1061.28
6300,33746,2024-03-30,1347.19
6301,27990,2024-01-12,1376.49
6302,32366,2024-03-16,280.05
6303,9225,2024-03-21,724.4
6304,8371,2024-03-25,1418.73
6305,46801,2024-02-24,1442.87
6306,39142,2024-01-17,349.85
6307,9770,2024-03-01,710.06
6308,31272,2024-04-09,475.68
6309,9556,2024-01-09,1202.85
6310,33646,2024-03-15,1290.08
6311,35138,2024-01-19,746.33
6312,22861,2024-01-22,1039.44
6313,7896,2024-02-02,1315.35
6314,34964,2024-03-28,1087.52
6315,38174,2024-01-25,302.13
6316,1789,2024-03-18,1091.03
6317,26477,2024-01-26,305.7
6318,32996,2024-01-18,1008.32
6319,893,2024-02-21,553.62
6320,14721,2024-03-04,160.15
6321,31572,2024-03-05,401.6
6322,6736,2024-01-24,745.1
6323,38671,2024-03-13,1491.5
6324,18431,2024-02-17,443.11
6325,18538,2024-03-22,1469.87
6326,431,2024-01-13,597.19
6327,25628,2024-03-20,1443.22
6328,11190,2024-02-28,1437.67
6329,12709,2024-01-13,282.91
6330,9739,2024-01-18,1256.78
6331,48874,2024-03-17,814.58
6332,12031,2024-01-16,1054.4
6333,32823,2024-01-21,1182.03
6334,49637,2024-03-14,256.84
6335,1617,2024-01-12,1214.54
6336,2865,2024-02-22,509.97
6337,253,2024-02-09,1119.97
6338,7965,2024-01-23,894.6
6339,27816,2024-02-07,1052.22
6340,677,2024-02-22,964.49
6341,7097,2024-01-17,1230.8
6342,44810,2024-02-07,1350.28
6343,10874,2024-03-28,717.72
6344,40078,2024-02-01,636.88
6345,16530,2024-01-04,423.91
6346,15983,2024-01-23,1235.65
6347,48975,2024-03-10,1453.16
6348,1671,2024-01-22,357.36
6349,24274,2024-02-12,730.14
6350,14274,2024-01-12,1173.88
6351,10613,2024-02-13,983.18
6352,2645,2024-03-17,1237.34
6353,19388,2024-01-27,102.93
6354,13572,2024-03-02,1374.11
6355,32648,2024-02-24,167.12
6356,14425,2024-04-02,712.58
6357,30951,2024-03-25,471.59
6358,8297,2024-01-19,1398.04
6359,17051,2024-03-30,470.7
6360,20905,2024-01-25,610.14
6361,17916,2024-02-14,1341.44
6362,44944,2024-02-14,843.12
6363,42549,2024-02-14,1355.45
6364,48169,2024-02-24,1018.58
6365,38902,2024-02-21,192.45
6366,9023,2024-01-14,697.4
6367,8756,2024-04-06,330.47
6368,10596,2024-03-06,172.49
6369,44398,2024-03-01,610.82
6370,46146,2024-03-19,1369.97
6371,34928,2024-03-24,247.09
6372,38308,2024-04-02,89.62
6373,39601,2024-04-08,1407.83
6374,21042,2024-03-25,832.75
6375,34635,2024-02-04,873.18
6376,29400,2024-03-23,1398.4
6377,13427,2024-03-23,1074.25
6378,22765,2024-02-05,1254.07
6379,29454,2024-02-09,1174.1
6380,24305,2024-01-20,948.84
6381,37750,2024-01-24,1057.53
6382,44478,2024-03-25,876.2
6383,47525,2024-01-31,584.66
6384,23771,2024-01-31,485.2
6385,18222,2024-03-24,329.84
6386,24222,2024-02-19,582.68
6387,18107,2024-03-10,899.19
6388,1054,2024-03-12,914.3
6389,16357,2024-02-15,1050.46
6390,867,2024-02-18,1328.78
6391,1975,2024-03-29,1005.62
6392,45842,2024-04-04,322.66
6393,4072,2024-02-27,116.49
6394,48784,2024-02-01,359.56
6395,42654,2024-02-15,1369.51
6396,9804,2024-01-06,886.07
6397,21994,2024-02-03,1285.02
6398,16232,2024-02-27,412.72
6399,48492,2024-01-21,1088.03
6400,20559,2024-03-19,1118.98
6401,13470,2024-01-11,1229.54
6402,44367,2024-03-27,840.43
6403,5735,2024-01-20,1206.79
6404,18458,2024-02-15,1408.33
6405,14792,2024-01-30,1439.5
6406,45466,2024-02-10,258.12
6407,32689,2024-02-14,966.52
6408,10290,2024-02-17,241.15
6409,46323,2024-02-10,1390.07
6410,38920,2024-02-18,1436.66
6411,32415,2024-01-16,789.42
6412,47060,2024-01-30,1443.05
6413,48277,2024-02-24,1168.06
6414,10942,2024-03-16,1068.23
6415,30905,2024-01-21,904.68
6416,12476,2024-01-15,657.62
6417,18068,2024-01-17,1448.57
6418,15591,2024-03-16,359.81
6419,36068,2024-01-09,1219.6
6420,29236,2024-02-18,601.78
6421,37977,2024-04-03,1149.61
6422,18598,2024-02-17,312.44
6423,22216,2024-03-13,610.09
6424,25019,2024-02-21,1423.53
6425,9668,2024-04-01,871.36
6426,533,2024-02-18,777.57
6427,37226,2024-03-13,1147.99
6428,687,2024-02-20,672.22
6429,39187,2024-02-28,780.09
6430,26327,2024-04-07,876.06
6431,16896,2024-02-16,1485.78
6432,18105,2024-02-21,1223.63
6433,46170,2024-02-04,136.52
6434,41136,2024-03-31,1192.74
6435,4700,2024-03-19,794.23
6436,7183,2024-03-25,407.55
6437,44182,2024-02-02,1291.97
6438,46338,2024-04-06,464.16
6439,6435,2024-01-18,534.98
6440,625,2024-01-28,169.45
6441,43997,2024-03-20,1468.2
6442,22590,2024-03-23,1209.44
6443,14362,2024-02-17,290.3
6444,42684,2024-02-18,775.16
6445,28071,2024-02-13,558.18
6446,44832,2024-02-27,126.0
6447,14934,2024-03-23,1396.65
6448,929,2024-04-06,1271.96
6449,47678,2024-03-16,1481.44
6450,3674,2024-01-23,424.37
6451,9352,2024-03-01,1073.17
6452,24963,2024-01-11,247.8
6453,44802,2024-01-19,692.58
6454,35195,2024-03-03,1282.37
6455,5538,2024-03-05,91.44
6456,22963,2024-03-31,762.59
6457,22318,2024-02-13,697.27
6458,500,2024-03-06,1061.22
6459,9026,2024-01-31,417.86
6460,25919,2024-02-18,326.06
6461,48024,2024-02-02,1003.99
6462,16993,2024-02-26,990.58
6463,25089,2024-03-09,1147.53
6464,5955,2024-02-13,430.62
6465,6232,2024-03-17,103.18
6466,39652,2024-02-14,1326.7
6467,46291,2024-02-25,373.0
6468,1674,2024-01-12,673.52
6469,38270,2024-03-21,745.27
6470,26968,2024-03-04,346.02
6471,18036,2024-03-24,819.58
6472,32412,2024-02-04,1378.29
6473,48528,2024-02-08,465.32
6474,45345,2024-03-10,818.88
6475,18110,2024-02-27,518.35
6476,20714,2024-02-04,1472.63
6477,41772,2024-03-06,393.25
6478,24380,2024-02-14,235.25
6479,6652,2024-02-01,282.52
6480,13853,2024-03-11,601.21
6481,43142,2024-01-26,865.05
6482,13823,2024-01-21,1028.58
6483,31484,2024-02-25,878.63
6484,24423,2024-02-13,1365.86
6485,48073,2024-01-17,591.61
6486,18492,2024-03-17,1091.51
6487,15712,2024-03-11,460.82
6488,25013,2024-01-21,1048.1
6489,8060,2024-01-24,1394.66
6490,41760,2024-02-26,1469.33
6491,27785,2024-02-02,1116.17
6492,28066,2024-02-22,1418.27
6493,19114,2024-02-16,1046.22
6494,36630,2024-03-28,1447.74
6495,16498,2024-02-26,1355.19
6496,19708,2024-01-03,231.4
6497,44357,2024-03-24,753.25
6498,38298,2024-04-10,573.38
6499,9200,2024-03-21,118.34
6500,23928,2024-01-20,743.0
6501,12679,2024-04-08,290.66
6502,29696,2024-03-25,131.76
6503,30186,2024-03-09,711.93
6504,11906,2024-03-12,409.99
6505,17319,2024-01-23,1408.11
6506,18401,2024-03-24,1234.03
6507,20291,2024-02-10,1437.76
6508,12267,2024-02-21,1331.68
6509,2468,2024-02-26,1113.7
6510,32166,2024-03-29,928.65
6511,262,2024-02-20,172.95
6512,46832,2024-02-21,457.45
6513,26238,2024-03-29,1089.25
6514,30802,2024-02-03,649.68
6515,40974,2024-03-25,542.02
6516,18342,2024-03-10,227.63
6517,35022,2024-02-06,179.66
6518,28057,2024-03-30,378.18
6519,38951,2024-01-23,1265.1
6520,11100,2024-04-03,1021.48
6521,44661,2024-01-30,564.14
6522,19840,2024-02-16,166.66
6523,42489,2024-04-02,347.49
6524,26512,2024-04-03,718.84
6525,12342,2024-03-27,297.57
6526,8685,2024-02-20,1162.89
6527,20343,2024-01-31,1199.86
6528,36793,2024-01-31,274.36
6529,37451,2024-03-06,1112.16
6530,31388,2024-02-09,807.38
6531,35867,2024-02-27,1446.58
6532,47405,2024-02-02,1198.35
6533,48432,2024-03-10,911.12
6534,20079,2024-01-30,937.14
6535,33115,2024-03-07,334.06
6536,45647,2024-02-12,1348.95
6537,49909,2024-04-02,874.13
6538,15579,2024-03-29,895.22
6539,5855,2024-01-22,897.09
6540,33580,2024-04-04,472.25
6541,8778,2024-02-04,1233.17
6542,18179,2024-02-04,1304.52
6543,45458,2024-03-11,488.8
6544,32195,2024-02-06,707.31
6545,17204,2024-02-01,334.39
6546,9605,2024-02-19,418.73
6547,42378,2024-02-16,557.1
6548,26889,2024-01-05,1360.82
6549,9367,2024-03-05,969.15
6550,40908,2024-01-25,914.89
6551,38392,2024-03-08,1424.4
6552,30782,2024-02-15,1203.68
6553,41040,2024-03-18,102.79
6554,12264,2024-01-29,256.56
6555,1034,2024-03-25,431.81
6556,594,2024-03-09,511.57
6557,29891,2024-01-14,1264.37
6558,45257,2024-01-31,1173.27
6559,9680,2024-02-29,286.54
6560,44500,2024-03-20,838.18
6561,16753,2024-02-28,234.95
6562,8225,2024-01-16,325.5
6563,32475,2024-04-02,423.91
6564,21239,2024-03-28,1365.52
6565,12209,2024-01-13,599.33
6566,34466,2024-01-08,1380.46
6567,27555,2024-03-28,1146.05
6568,37097,2024-02-06,1144.16
6569,11735,2024-02-21,1220.96
6570,34770,2024-02-09,216.27
6571,7452,2024-03-09,1236.76
6572,40345,2024-01-15,438.67
6573,31113,2024-02-16,1477.18
6574,2917,2024-01-21,1284.45
6575,5605,2024-02-29,1495.24
6576,21127,2024-01-18,1410.71
6577,1292,2024-02-19,590.82
6578,3429,2024-02-01,1417.2
6579,4767,2024-03-24,548.93
6580,21146,2024-01-11,1016.17
6581,38280,2024-03-24,1242.48
6582,874,2024-03-19,622.4
6583,27566,2024-01-27,369.49
6584,37150,2024-01-14,1350.74
6585,4538,2024-03-10,226.66
6586,35622,2024-01-19,598.27
6587,1820,2024-04-02,847.61
6588,41602,2024-02-19,1222.74
6589,15017,2024-01-24,1313.76
6590,47521,2024-01-21,806.52
6591,28788,2024-03-01,894.22
6592,2023,2024-02-04,1292.43
6593,45653,2024-04-06,743.16
6594,48318,2024-01-19,873.93
6595,30257,2024-01-29,106.18
6596,24780,2024-03-18,1430.59
6597,24580,2024-03-15,884.83
6598,45204,2024-01-14,1113.16
6599,17048,2024-02-10,432.04
6600,43366,2024-03-14,1012.36
6601,33913,2024-02-15,733.24
6602,41604,2024-03-01,239.71
6603,14612,2024-02-29,1258.84
6604,49703,2024-04-07,1271.86
6605,13295,2024-03-28,170.47
6606,1929,2024-02-10,634.66
6607,19385,2024-03-22,479.65
6608,26801,2024-01-20,813.24
6609,15634,2024-04-04,774.09
6610,44090,2024-01-12,1012.13
6611,9713,2024-02-28,431.43
6612,18381,2024-03-09,394.81
6613,7150,2024-03-24,1107.12
6614,14970,2024-03-05,1466.21
6615,27906,2024-02-07,1423.81
6616,14937,2024-01-14,1204.62
6617,28919,2024-01-30,175.8
6618,43952,2024-01-21,417.64
6619,37184,2024-01-16,1059.27
6620,16529,2024-01-12,500.0
6621,1662,2024-02-05,638.95
6622,20066,2024-03-12,1434.23
6623,31483,2024-02-15,202.56
6624,3735,2024-02-13,1302.97
6625,37085,2024-03-03,151.42
6626,25768,2024-02-15,559.88
6627,37656,2024-03-15,868.67
6628,2550,2024-01-20,586.07
6629,12605,2024-01-22,1439.16
6630,36424,2024-01-26,796.21
6631,4105,2024-02-06,1122.05
6632,5069,2024-03-20,1076.93
6633,43168,2024-01-26,1265.83
6634,47587,2024-03-16,1306.76
6635,39055,2024-03-19,742.17
6636,26287,2024-01-10,1305.46
6637,9168,2024-02-09,1007.9
6638,41768,2024-02-29,1054.21
6639,8471,2024-03-17,326.0
6640,25206,2024-02-26,428.04
6641,46511,2024-01-16,1056.48
6642,37760,2024-02-26,457.2
6643,35481,2024-02-16,775.86
6644,4982,2024-03-25,775.75
6645,31246,2024-01-31,412.33
6646,43199,2024-01-19,884.42
6647,47977,2024-03-17,880.53
6648,44425,2024-02-26,263.2
6649,45595,2024-03-17,621.18
6650,43225,2024-02-09,599.47
6651,49036,2024-03-04,878.17
6652,2306,2024-03-22,1144.05
6653,37978,2024-02-08,105.89
6654,14356,2024-01-12,268.24
6655,9929,2024-03-23,508.83
6656,23748,2024-02-03,1230.79
6657,8046,2024-04-03,762.34
6658,31200,2024-02-09,805.46
6659,4786,2024-02-29,661.08
6660,9593,2024-01-13,669.51
6661,6976,2024-04-01,1468.13
6662,18366,2024-02-06,1356.07
6663,12914,2024-01-07,1110.73
6664,14494,2024-01-04,540.2
6665,47157,2024-03-26,809.44
6666,37560,2024-03-13,1058.97
6667,7402,2024-04-03,640.3
6668,41838,2024-03-25,824.75
6669,6574,2024-03-22,286.91
6670,13095,2024-01-22,212.88
6671,6179,2024-02-03,317.58
6672,585,2024-02-16,1153.03
6673,44721,2024-02-10,349.75
6674,39146,2024-03-08,1393.1
6675,5327,2024-03-09,603.34
6676,37405,2024-03-18,320.03
6677,28966,2024-03-18,1251.85
6678,18237,2024-03-11,728.44
6679,22313,2024-03-24,631.61
6680,38311,2024-04-01,547.82
6681,47290,2024-01-21,549.33
6682,12896,2024-03-05,1022.09
6683,35820,2024-02-28,847.72
6684,424,2024-03-27,744.05
6685,24868,2024-01-18,714.8
6686,13748,2024-01-24,281.64
6687,26396,2024-01-09,1255.59
6688,35871,2024-01-23,1396.12
6689,43495,2024-02-05,1219.13
6690,12556,2024-01-28,720.8
6691,23271,2024-03-19,1460.51
6692,42187,2024-02-29,958.48
6693,29742,2024-01-16,1179.2
6694,5748,2024-02-19,1132.54
6695,4742,2024-02-24,1085.09
6696,44153,2024-03-08,991.62
6697,8963,2024-01-04,380.49
6698,39570,2024-02-14,498.12
6699,10318,2024-03-02,1339.14
6700,251,2024-02-17,335.54
6701,24130,2024-03-23,295.79
6702,11874,2024-03-11,483.51
6703,6419,2024-01-15,594.74
6704,49938,2024-02-10,865.44
6705,47848,2024-04-07,939.86
6706,33386,2024-03-19,1202.75
6707,38759,2024-02-11,184.24
6708,29732,2024-03-27,375.69
6709,15032,2024-02-23,797.33
6710,39,2024-03-26,436.15
6711,34903,2024-03-06,1320.35
6712,2693,2024-03-07,989.04
6713,19383,2024-02-03,776.13
6714,40891,2024-03-14,80.63
6715,2256,2024-03-27,1299.28
6716,19663,2024-01-04,734.42
6717,39459,2024-03-04,834.6
6718,21287,2024-02-08,1071.55
6719,22970,2024-03-13,1411.19
6720,22648,2024-01-21,304.66
6721,41434,2024-03-03,181.08
6722,33644,2024-01-12,253.11
6723,20349,2024-03-05,1131.83
6724,14468,2024-03-29,263.57
6725,28159,2024-03-17,791.39
6726,27922,2024-03-12,1083.22
6727,21212,2024-03-10,1092.12
6728,13733,2024-01-27,657.02
6729,11097,2024-02-17,1072.03
6730,26739,2024-02-08,1429.02
6731,36870,2024-01-27,119.73
6732,506,2024-02-26,1033.36
6733,44390,2024-03-23,822.12
6734,32119,2024-03-28,381.88
6735,42922,2024-03-03,516.95
6736,1101,2024-01-16,1268.75
6737,46668,2024-03-28,913.4
6738,36590,2024-01-02,100.63
6739,32508,2024-03-13,1450.81
6740,44074,2024-02-11,1025.98
6741,22812,2024-01-27,708.55
6742,35354,2024-01-23,1091.51
6743,40729,2024-01-22,370.49
6744,25610,2024-03-20,449.86
6745,1609,2024-03-23,296.02
6746,38879,2024-03-11,643.84
6747,32495,2024-03-06,1364.67
6748,20444,2024-01-16,631.8
6749,17847,2024-02-22,489.08
6750,20869,2024-01-17,1079.06
6751,10736,2024-01-15,1314.84
6752,5383,2024-02-09,426.81
6753,20866,2024-03-14,1227.25
6754,13105,2024-03-03,512.82
6755,15687,2024-03-18,431.19
6756,48673,2024-03-03,751.6
6757,31519,2024-02-24,174.76
6758,9622,2024-03-26,1304.38
6759,11236,2024-02-18,1321.56
6760,20286,2024-02-23,1041.87
6761,20242,2024-03-23,510.1
6762,18476,2024-02-29,316.73
6763,6432,2024-03-22,1072.3
6764,41662,2024-03-25,226.39
6765,47541,2024-03-19,663.77
6766,5926,2024-04-01,206.11
6767,43100,2024-01-09,685.57
6768,26644,2024-01-30,270.98
6769,17796,2024-03-02,125.7
6770,14872,2024-02-27,718.62
6771,1431,2024-02-14,886.13
6772,39636,2024-03-07,703.86
6773,39040,2024-03-09,330.13
6774,45847,2024-02-01,189.95
6775,28305,2024-02-27,259.44
6776,14506,2024-03-19,1112.5
6777,13626,2024-04-05,102.54
6778,26995,2024-03-22,1305.91
6779,622,2024-04-01,1272.93
6780,21715,2024-01-29,1330.27
6781,49029,2024-01-19,1327.82
6782,33280,2024-01-19,1027.87
6783,12236,2024-03-23,1283.35
6784,42975,2024-03-28,1117.07
6785,31794,2024-01-05,506.17
6786,16000,2024-01-29,1152.28
6787,7265,2024-02-10,954.12
6788,14239,2024-03-27,119.04
6789,25455,2024-02-23,1196.63
6790,36833,2024-02-10,1316.59
6791,12797,2024-03-24,814.81
6792,40535,2024-01-21,771.58
6793,48416,2024-03-28,686.72
6794,749,2024-02-14,1100.75
6795,16346,2024-02-05,385.94
6796,218,2024-01-16,1178.99
6797,32589,2024-04-02,495.13
6798,20193,2024-02-06,451.33
6799,42468,2024-03-29,1229.03
6800,45313,2024-03-23,327.61
6801,36459,2024-03-01,1304.78
6802,47549,2024-01-10,1468.57
6803,21071,2024-02-15,534.22
6804,12419,2024-02-25,1397.58
6805,15960,2024-03-24,884.31
6806,32654,2024-03-16,448.26
6807,7539,2024-03-14,722.74
6808,14402,2024-02-18,1216.08
6809,42786,2024-03-28,1026.62
6810,17162,2024-03-14,782.59
6811,8482,2024-02-16,445.39
6812,7322,2024-01-22,1110.63
6813,30060,2024-04-05,524.91
6814,13758,2024-01-10,549.95
6815,47845,2024-03-26,1140.57
6816,8511,2024-03-27,872.97
6817,23331,2024-01-29,343.88
6818,7340,2024-03-27,1055.7
6819,35862,2024-01-21,446.43
6820,39530,2024-03-13,1159.9
6821,7520,2024-03-16,759.78
6822,2944,2024-04-02,924.88
6823,41711,2024-03-12,933.39
6824,2617,2024-02-12,288.47
6825,49962,2024-01-06,1003.68
6826,23150,2024-03-25,1311.32
6827,36655,2024-03-01,1345.51
6828,47692,2024-02-05,1057.74
6829,42923,2024-03-14,1455.95
6830,27291,2024-01-27,929.55
6831,49373,2024-02-26,441.92
6832,7145,2024-02-19,1017.45
6833,6927,2024-03-19,1371.03
6834,5924,2024-02-04,589.57
6835,1860,2024-02-22,456.09
6836,22199,2024-02-23,1452.44
6837,43162,2024-01-31,1168.5
6838,38931,2024-02-24,150.69
6839,7653,2024-01-22,876.88
6840,23470,2024-03-18,412.89
6841,32210,2024-01-14,487.28
6842,6537,2024-02-27,204.37
6843,41773,2024-01-23,408.01
6844,24248,2024-03-09,797.42
6845,9314,2024-02-12,191.56
6846,26517,2024-01-24,1343.37
6847,37296,2024-03-29,1181.07
6848,5698,2024-03-21,621.56
6849,40002,2024-02-19,264.92
6850,28509,2024-01-26,1491.44
6851,12478,2024-03-05,879.9
6852,49580,2024-02-10,680.62
6853,35367,2024-02-08,362.07
6854,4153,2024-03-24,368.57
6855,32596,2024-01-16,1210.62
6856,28994,2024-04-05,818.23
6857,27508,2024-02-26,1477.28
6858,14683,2024-02-03,1433.4
6859,22497,2024-01-17,373.7
6860,2604,2024-01-10,1499.11
6861,9793,2024-03-20,1480.96
6862,35779,2024-03-08,1214.98
6863,9106,2024-01-31,635.09
6864,8322,2024-01-06,398.29
6865,39346,2024-02-16,226.49
6866,7162,2024-03-16,153.8
6867,35059,2024-03-15,1245.54
6868,46009,2024-01-20,1422.7
6869,24007,2024-03-02,1177.03
6870,30839,2024-02-13,1157.84
6871,42355,2024-02-23,669.55
6872,34992,2024-01-15,990.48
6873,48614,2024-03-09,1033.13
6874,29452,2024-02-04,445.34
6875,10540,2024-03-03,1128.92
6876,42687,2024-03-20,287.49
6877,1851,2024-01-09,496.71
6878,3800,2024-04-06,917.39
6879,37713,2024-03-03,846.2
6880,33918,2024-02-02,1080.51
6881,44866,2024-01-31,907.74
6882,33113,2024-03-28,150.35
6883,33364,2024-01-14,1468.34
6884,37687,2024-01-19,1164.15
6885,29875,2024-01-04,1330.21
6886,39114,2024-03-05,1221.58
6887,39899,2024-03-13,381.6
6888,46645,2024-01-16,1404.45
6889,22956,2024-04-03,1477.4
6890,14945,2024-03-23,191.71
6891,9193,2024-01-26,304.98
6892,7391,2024-03-03,1486.22
6893,23243,2024-03-15,496.72
6894,40797,2024-01-24,1244.12
6895,31092,2024-04-12,185.28
6896,7041,2024-03-21,1120.07
6897,16928,2024-03-24,1075.98
6898,22050,2024-01-21,1411.46
6899,36300,2024-02-04,1114.78
6900,47057,2024-02-13,138.79
6901,39084,2024-03-11,719.64
6902,32319,2024-01-31,574.0
6903,15748,2024-01-13,890.43
6904,24930,2024-01-15,688.22
6905,9684,2024-02-25,478.8
6906,35160,2024-03-30,1018.68
6907,9937,2024-01-22,521.81
6908,32717,2024-01-25,1287.93
6909,41200,2024-01-16,538.65
6910,31929,2024-01-28,811.77
6911,32123,2024-02-03,1252.95
6912,37435,2024-03-27,1248.5
6913,48863,2024-03-07,912.25
6914,46987,2024-02-07,619.49
6915,31629,2024-02-22,872.27
6916,21617,2024-02-12,1286.55
6917,41705,2024-02-19,390.67
6918,26074,2024-03-09,253.93
6919,42879,2024-03-13,906.49
6920,22775,2024-02-02,895.14
6921,11522,2024-01-14,496.27
6922,31259,2024-03-19,696.93
6923,13215,2024-04-07,205.71
6924,42446,2024-01-23,265.68
6925,27319,2024-03-26,1256.23
6926,29901,2024-02-22,739.55
6927,28361,2024-01-06,221.73
6928,20417,2024-03-05,1445.85
6929,27306,2024-04-04,378.12
6930,16818,2024-02-18,530.01
6931,34508,2024-02-21,1461.0
6932,39169,2024-02-03,336.86
6933,15898,2024-02-17,1455.59
6934,34573,2024-03-08,1105.58
6935,6197,2024-02-10,686.23
6936,41746,2024-02-27,924.8
6937,42215,2024-03-02,801.21
6938,11343,2024-03-27,1222.73
6939,14515,2024-03-31,169.24
6940,28628,2024-01-24,1235.02
6941,47322,2024-02-18,1458.28
6942,46710,2024-04-06,689.99
6943,19697,2024-01-31,351.79
6944,16983,2024-01-19,234.51
6945,14541,2024-01-28,572.39
6946,1228,2024-03-28,265.53
6947,10051,2024-01-14,406.19
6948,35173,2024-04-11,1009.3
6949,42915,2024-02-21,670.41
6950,7176,2024-03-12,1359.45
6951,32470,2024-03-08,738.74
6952,41750,2024-01-22,298.82
6953,18003,2024-02-19,276.87
6954,5081,2024-03-20,1064.23
6955,1184,2024-02-06,980.15
6956,28499,2024-01-29,1085.18
6957,280,2024-03-28,561.04
6958,35645,2024-03-26,1379.34
6959,23767,2024-02-20,241.54
6960,33471,2024-01-31,126.64
6961,18903,2024-02-24,1133.85
6962,45044,2024-01-20,1041.45
6963,24027,2024-04-10,780.86
6964,14604,2024-01-18,142.04
6965,38732,2024-02-17,242.16
6966,28570,2024-02-13,357.32
6967,11772,2024-02-02,986.99
6968,2831,2024-03-18,1021.53
6969,5342,2024-02-15,1041.22
6970,2035,2024-03-18,1220.33
6971,41385,2024-01-26,115.21
6972,44564,2024-04-11,993.43
6973,25938,2024-01-21,437.22
6974,2327,2024-03-05,890.87
6975,46239,2024-01-29,1127.78
6976,3694,2024-02-08,1102.47
6977,10389,2024-03-08,488.82
6978,1401,2024-02-26,584.54
6979,39135,2024-02-18,1382.57
6980,17037,2024-02-14,1285.42
6981,42280,2024-01-29,444.95
6982,3917,2024-03-06,913.59
6983,33657,2024-03-10,232.33
6984,16578,2024-01-19,1008.49
6985,21457,2024-02-29,962.32
6986,34758,2024-02-04,454.76
6987,41800,2024-02-17,679.01
6988,2731,2024-01-17,1190.88
6989,48351,2024-03-15,442.72
6990,20511,2024-03-07,1171.08
6991,5412,2024-02-22,529.27
6992,3641,2024-03-01,1272.18
6993,37121,2024-03-20,123.32
6994,17281,2024-03-19,446.57
6995,14014,2024-02-28,332.23
6996,32902,2024-03-24,1344.61
6997,4278,2024-02-05,688.5
6998,47841,2024-01-15,854.75
6999,27096,2024-02-09,423.75
7000,35765,2024-02-21,262.26
7001,31307,2024-01-13,929.5
7002,6312,2024-04-01,482.29
7003,38777,2024-02-16,1398.98
7004,17701,2024-02-25,756.42
7005,30575,2024-01-13,276.19
7006,17709,2024-02-02,113.78
7007,18599,2024-01-05,409.84
7008,48119,2024-02-25,534.29
7009,19244,2024-02-09,373.89
7010,2182,2024-03-26,599.15
7011,10281,2024-01-12,1328.13
7012,15695,2024-03-20,148.09
7013,15398,2024-03-23,1217.74
7014,35782,2024-01-26,684.62
7015,44970,2024-04-01,1367.11
7016,11211,2024-02-22,1027.21
7017,14241,2024-02-18,314.18
7018,44894,2024-02-11,1442.49
7019,36874,2024-03-13,299.69
7020,1166,2024-02-19,557.54
7021,30325,2024-01-28,1469.9
7022,20347,2024-02-12,380.82
7023,4158,2024-03-02,976.28
7024,40338,2024-02-05,1468.06
7025,48187,2024-01-29,1058.27
7026,37301,2024-03-24,1021.12
7027,8240,2024-03-04,962.59
7028,9061,2024-03-17,868.75
7029,1953,2024-03-08,1427.8
7030,43698,2024-03-30,852.13
7031,43483,2024-01-20,1021.88
7032,36243,2024-02-26,1129.15
7033,35514,2024-02-20,829.35
7034,38081,2024-01-31,1340.56
7035,36598,2024-03-21,112.37
7036,18573,2024-02-07,641.28
7037,23920,2024-01-23,955.61
7038,6632,2024-02-23,106.94
7039,6391,2024-01-15,1410.39
7040,6651,2024-01-18,1253.46
7041,34341,2024-03-25,391.03
7042,21736,2024-01-16,551.12
7043,30041,2024-04-05,1041.55
7044,33628,2024-02-22,564.24
7045,20083,2024-03-24,1296.6
7046,42125,2024-02-06,432.83
7047,42097,2024-02-05,1241.97
7048,30632,2024-03-08,739.73
7049,12567,2024-01-12,723.79
7050,8977,2024-01-23,319.18
7051,43939,2024-02-05,1476.39
7052,9021,2024-03-14,569.66
7053,49305,2024-02-23,370.56
7054,23389,2024-03-24,126.07
7055,19940,2024-02-26,780.79
7056,15517,2024-02-24,125.81
7057,24671,2024-02-15,726.61
7058,38073,2024-02-24,1361.75
7059,18103,2024-02-04,787.12
7060,10394,2024-03-05,141.5
7061,12436,2024-01-14,455.41
7062,15215,2024-02-10,149.22
7063,39612,2024-04-04,1332.49
7064,25900,2024-02-23,420.95
7065,17236,2024-03-02,172.38
7066,39044,2024-03-16,1449.64
7067,3106,2024-01-09,771.74
7068,42630,2024-02-05,656.01
7069,30990,2024-03-18,1396.45
7070,24251,2024-02-25,833.79
7071,45323,2024-03-16,479.66
7072,15554,2024-03-28,1204.6
7073,49063,2024-01-29,465.93
7074,18656,2024-02-06,708.81
7075,9094,2024-02-08,1220.5
7076,2332,2024-02-13,1402.65
7077,48686,2024-02-02,940.38
7078,11683,2024-02-19,796.83
7079,46448,2024-01-15,188.17
7080,580,2024-02-06,956.17
7081,20776,2024-03-20,543.77
7082,48786,2024-01-17,810.59
7083,7357,2024-01-26,1137.33
7084,20425,2024-02-29,989.09
7085,19646,2024-01-23,217.65
7086,37454,2024-03-12,644.09
7087,25115,2024-02-29,363.28
7088,35042,2024-04-06,294.59
7089,48304,2024-03-10,392.9
7090,48918,2024-03-07,1387.37
7091,13153,2024-02-23,1091.76
7092,24101,2024-03-02,1369.51
7093,14887,2024-02-10,799.17
7094,5995,2024-03-24,81.59
7095,30111,2024-03-28,128.89
7096,30362,2024-02-01,285.47
7097,13243,2024-01-09,1188.62
7098,1318,2024-01-17,366.35
7099,6810,2024-02-03,224.27
7100,9142,2024-02-07,1302.61
7101,44233,2024-01-15,404.53
7102,42055,2024-02-12,793.43
7103,32630,2024-02-12,562.05
7104,20205,2024-02-05,1353.1
7105,30923,2024-01-17,1080.75
7106,7407,2024-03-17,724.56
7107,49095,2024-03-04,1305.55
7108,35219,2024-03-13,1111.96
7109,18843,2024-03-21,1228.6
7110,26857,2024-03-24,1468.14
7111,17521,2024-02-05,368.48
7112,36258,2024-03-24,367.54
7113,38376,2024-03-24,870.23
7114,16148,2024-03-17,836.3
7115,40926,2024-02-15,1314.15
7116,39498,2024-03-06,301.4
7117,18717,2024-03-09,683.56
7118,24109,2024-03-21,829.63
7119,4181,2024-02-29,739.08
7120,18957,2024-01-13,175.29
7121,37705,2024-02-05,289.95
7122,48298,2024-02-03,298.06
7123,46420,2024-02-27,926.36
7124,44775,2024-02-21,688.98
7125,25828,2024-02-20,333.0
7126,7307,2024-01-23,1126.05
7127,3116,2024-03-12,1220.21
7128,21350,2024-02-28,378.39
7129,23894,2024-02-19,1106.33
7130,17174,2024-02-28,170.33
7131,4423,2024-03-07,1295.43
7132,8896,2024-02-10,1447.07
7133,11467,2024-04-01,301.33
7134,46867,2024-02-23,1196.35
7135,49381,2024-02-14,218.17
7136,20322,2024-01-29,1444.98
7137,43569,2024-03-18,721.94
7138,46768,2024-02-15,840.09
7139,43611,2024-01-27,1164.73
7140,37544,2024-02-11,433.27
7141,32496,2024-03-20,646.38
7142,2151,2024-02-15,179.42
7143,18160,2024-02-19,952.76
7144,32163,2024-03-07,1215.05
7145,43776,2024-04-10,1289.61
7146,32439,2024-03-07,841.62
7147,15125,2024-02-09,1167.44
7148,25312,2024-01-28,292.87
7149,9635,2024-03-18,1135.65
7150,3844,2024-04-01,86.45
7151,41302,2024-01-07,356.68
7152,38568,2024-04-07,981.19
7153,1272,2024-04-12,535.17
7154,43357,2024-01-30,663.07
7155,41427,2024-02-22,1253.01
7156,28102,2024-03-15,890.96
7157,2070,2024-01-16,646.53
7158,40106,2024-02-18,741.38
7159,38407,2024-02-22,1284.77
7160,7428,2024-03-19,769.54
7161,18978,2024-04-11,1323.0
7162,5876,2024-03-28,430.88
7163,33977,2024-03-08,837.94
7164,24987,2024-03-14,604.02
7165,47497,2024-03-24,919.64
7166,14696,2024-04-05,897.22
7167,17690,2024-01-09,891.26
7168,29044,2024-01-25,829.44
7169,5116,2024-01-08,725.29
7170,32573,2024-02-07,1372.73
7171,16689,2024-03-09,460.49
7172,21889,2024-03-23,696.21
7173,2732,2024-01-27,379.92
7174,21285,2024-04-05,551.8
7175,5542,2024-03-03,433.56
7176,43192,2024-03-16,1031.0
7177,43774,2024-02-25,1084.81
7178,22347,2024-02-12,472.97
7179,43828,2024-03-11,1476.73
7180,49433,2024-02-08,483.6
7181,33579,2024-02-06,1256.32
7182,15143,2024-01-24,495.49
7183,31408,2024-03-11,666.73
7184,31620,2024-02-07,1023.9
7185,33874,2024-03-22,871.89
7186,37049,2024-04-07,798.81
7187,27988,2024-03-21,1207.79
7188,16146,2024-04-06,1084.96
7189,1504,2024-03-17,1378.12
7190,46789,2024-03-25,407.8
7191,49549,2024-03-01,103.17
7192,903,2024-04-08,1499.8
7193,31331,2024-03-26,482.45
7194,21855,2024-03-06,140.98
7195,19592,2024-03-28,431.24
7196,8597,2024-03-26,1029.67
7197,9058,2024-03-01,915.12
7198,48426,2024-02-14,373.53
7199,7360,2024-01-29,344.44
7200,648,2024-02-08,710.97
7201,36521,2024-03-22,99.18
7202,25963,2024-04-08,83.38
7203,45752,2024-02-24,955.93
7204,26255,2024-04-02,541.91
7205,27185,2024-02-28,113.96
7206,44637,2024-03-12,732.93
7207,49833,2024-03-11,1408.49
7208,34311,2024-02-15,441.98
7209,11912,2024-02-28,436.51
7210,24937,2024-04-09,744.54
7211,25282,2024-02-08,290.81
7212,27350,2024-03-17,985.87
7213,9196,2024-01-17,1271.74
7214,42332,2024-04-11,356.23
7215,26691,2024-03-07,1015.4
7216,12657,2024-02-28,1340.97
7217,46958,2024-02-18,1362.37
7218,25051,2024-03-12,865.09
7219,30381,2024-03-25,296.26
7220,2545,2024-01-28,1016.02
7221,6840,2024-04-01,1123.44
7222,5856,2024-02-09,1151.13
7223,27401,2024-01-31,1406.76
7224,36121,2024-04-10,953.69
7225,49020,2024-02-19,741.88
7226,37797,2024-02-06,793.62
7227,46565,2024-01-13,536.59
7228,13169,2024-02-10,161.32
7229,33621,2024-02-22,1098.8
7230,28676,2024-03-03,108.19
7231,14487,2024-02-22,171.04
7232,26622,2024-03-26,554.46
7233,31895,2024-01-29,1402.11
7234,6416,2024-01-24,766.05
7235,9129,2024-02-05,385.55
7236,26761,2024-01-26,1353.81
7237,10937,2024-01-03,891.8
7238,172,2024-02-07,605.13
7239,23214,2024-01-25,1096.33
7240,42842,2024-03-31,706.39
7241,9909,2024-03-23,1116.57
7242,25911,2024-02-13,390.09
7243,48885,2024-03-01,293.26
7244,42173,2024-03-28,734.53
7245,19439,2024-03-20,533.83
7246,39504,2024-02-13,939.32
7247,38496,2024-01-16,1200.09
7248,18872,2024-01-22,1360.14
7249,20713,2024-03-30,1159.95
7250,17054,2024-03-30,565.28
7251,32673,2024-03-10,1112.86
7252,38809,2024-02-15,832.44
7253,9539,2024-03-02,1366.63
7254,15335,2024-03-13,1083.77
7255,21450,2024-01-14,293.34
7256,12893,2024-03-21,190.9
7257,40011,2024-01-04,852.25
7258,26335,2024-01-14,598.36
7259,16811,2024-01-21,318.7
7260,16602,2024-03-10,1212.67
7261,2681,2024-02-21,613.1
7262,43295,2024-03-16,202.14
7263,29030,2024-03-13,452.42
7264,26055,2024-01-29,1041.18
7265,44292,2024-03-25,1000.07
7266,18970,2024-03-08,452.7
7267,47814,2024-03-01,564.51
7268,21489,2024-03-26,150.75
7269,35581,2024-02-01,1433.63
7270,318,2024-02-29,544.56
7271,31248,2024-03-23,1399.76
7272,10709,2024-01-31,1235.71
7273,43463,2024-02-12,555.96
7274,7577,2024-03-25,1065.69
7275,23241,2024-02-04,752.55
7276,4897,2024-01-31,1466.84
7277,4565,2024-03-14,986.65
7278,25717,2024-02-19,817.09
7279,47238,2024-03-01,985.92
7280,41057,2024-03-24,392.75
7281,12427,2024-03-13,515.07
7282,9127,2024-02-28,1092.03
7283,5719,2024-03-01,198.88
7284,43358,2024-03-13,509.68
7285,31835,2024-02-11,959.78
7286,31143,2024-01-14,1493.89
7287,25507,2024-03-25,1394.45
7288,1913,2024-04-05,1261.76
7289,43161,2024-01-17,791.17
7290,21691,2024-02-01,1222.74
7291,49425,2024-02-21,873.68
7292,39223,2024-02-27,731.01
7293,28290,2024-02-17,397.4
7294,31045,2024-01-14,1430.32
7295,5206,2024-03-17,929.45
7296,26806,2024-03-02,1039.01
7297,33569,2024-03-23,280.33
7298,18662,2024-03-20,691.81
7299,19970,2024-02-10,1449.82
7300,27001,2024-01-22,1155.89
7301,46047,2024-03-16,1333.6
7302,14422,2024-03-30,642.15
7303,31006,2024-01-21,174.39
7304,40028,2024-01-20,579.1
7305,27111,2024-02-03,613.91
7306,15237,2024-03-10,507.59
7307,11338,2024-01-27,827.92
7308,13183,2024-01-28,352.83
7309,35247,2024-02-04,1411.49
7310,29004,2024-01-13,1368.68
7311,18488,2024-04-04,451.47
7312,9723,2024-01-15,1005.11
7313,10133,2024-04-06,791.62
7314,1682,2024-04-03,435.1
7315,45425,2024-02-11,1353.88
7316,41739,2024-02-08,408.11
7317,2280,2024-03-20,966.96
7318,35487,2024-03-14,556.21
7319,19021,2024-02-09,1253.07
7320,32800,2024-03-13,960.87
7321,22409,2024-03-19,1262.28
7322,13041,2024-04-09,573.75
7323,33349,2024-03-26,95.86
7324,46653,2024-02-26,394.75
7325,20664,2024-02-18,1236.47
7326,40241,2024-03-22,529.95
7327,41086,2024-01-11,533.92
7328,31353,2024-02-20,718.49
7329,32507,2024-01-20,470.04
7330,522,2024-03-21,1226.08
7331,19530,2024-03-06,536.83
7332,19415,2024-04-04,937.62
7333,19467,2024-01-09,720.46
7334,28629,2024-01-13,488.05
7335,5658,2024-01-24,456.74
7336,13193,2024-02-07,792.69
7337,29529,2024-03-22,379.4
7338,41601,2024-01-30,570.81
7339,735,2024-03-02,135.92
7340,7331,2024-02-19,1202.23
7341,4242,2024-04-12,141.97
7342,43816,2024-01-22,1318.63
7343,18155,2024-03-31,147.28
7344,26210,2024-01-26,1284.41
7345,15047,2024-01-28,994.71
7346,24207,2024-03-17,798.45
7347,22244,2024-02-05,285.83
7348,40923,2024-03-11,444.63
7349,8226,2024-01-17,1059.99
7350,22509,2024-01-17,807.25
7351,28225,2024-02-21,810.37
7352,20634,2024-03-30,269.19
7353,16954,2024-01-15,754.64
7354,27079,2024-03-16,918.19
7355,29641,2024-02-10,253.68
7356,19348,2024-02-19,1463.56
7357,39482,2024-01-06,1258.67
7358,24773,2024-03-24,530.8
7359,16145,2024-04-02,880.01
7360,47674,2024-02-06,873.73
7361,41,2024-04-10,231.42
7362,3030,2024-03-17,702.22
7363,10676,2024-03-14,375.02
7364,38731,2024-04-07,553.17
7365,42953,2024-02-01,1420.29
7366,24759,2024-01-09,862.88
7367,11961,2024-02-18,175.0
7368,18956,2024-01-25,1034.64
7369,19963,2024-03-24,1498.07
7370,12093,2024-02-29,318.13
7371,22644,2024-01-18,1049.75
7372,21392,2024-01-16,1250.45
7373,20110,2024-02-08,1278.57
7374,47247,2024-03-26,1084.69
7375,31421,2024-03-03,1372.01
7376,21670,2024-02-22,125.57
7377,49326,2024-02-07,171.12
7378,28978,2024-03-07,271.05
7379,3947,2024-03-26,141.51
7380,25809,2024-02-24,250.33
7381,17209,2024-01-09,1240.07
7382,32219,2024-04-06,1352.97
7383,29680,2024-02-17,557.1
7384,31603,2024-01-06,1439.2
7385,28745,2024-04-07,674.19
7386,14472,2024-04-07,324.21
7387,35116,2024-03-05,1047.45
7388,33234,2024-02-17,676.85
7389,46707,2024-03-02,107.6
7390,30901,2024-03-29,1452.23
7391,36764,2024-03-04,929.02
7392,45775,2024-01-25,950.93
7393,41817,2024-03-15,1475.4
7394,1046,2024-02-14,1263.58
7395,22958,2024-03-06,594.98
7396,39192,2024-03-17,139.39
7397,37237,2024-04-02,395.78
7398,47462,2024-03-08,579.17
7399,6203,2024-02-25,1443.56
7400,23652,2024-02-29,1341.91
7401,44529,2024-01-11,110.57
7402,26646,2024-01-28,1481.86
7403,19061,2024-03-08,445.11
7404,32591,2024-02-04,1181.03
7405,49587,2024-03-06,245.57
7406,14741,2024-03-30,392.85
7407,32402,2024-03-04,797.71
7408,6185,2024-01-21,1079.13
7409,5361,2024-02-10,570.47
7410,16085,2024-01-13,1320.02
7411,26847,2024-04-10,1415.08
7412,18918,2024-03-05,254.04
7413,4504,2024-01-05,1100.36
7414,2363,2024-02-01,267.31
7415,15263,2024-01-27,563.89
7416,8558,2024-03-05,1243.78
7417,14304,2024-03-24,557.62
7418,31343,2024-01-30,1368.5
7419,27581,2024-01-27,664.29
7420,20519,2024-01-23,519.91
7421,17888,2024-03-04,1484.56
7422,45979,2024-04-12,706.93
7423,26067,2024-01-16,1132.16
7424,41254,2024-01-20,931.22
7425,17010,2024-03-21,367.53
7426,17116,2024-03-23,790.44
7427,9857,2024-03-28,189.93
7428,26061,2024-02-05,1086.42
7429,2818,2024-03-11,816.9
7430,15464,2024-03-02,253.77
7431,12982,2024-04-06,1168.8
7432,1584,2024-04-02,1222.48
7433,11924,2024-02-28,1122.04
7434,14897,2024-03-10,547.26
7435,25456,2024-03-03,1106.9
7436,20393,2024-02-17,900.35
7437,3620,2024-01-26,852.31
7438,3901,2024-03-01,1001.21
7439,28601,2024-02-05,974.73
7440,33762,2024-01-27,1214.79
7441,21689,2024-03-20,1480.1
7442,10587,2024-01-05,1111.31
7443,9537,2024-03-14,707.32
7444,14841,2024-03-04,735.57
7445,6928,2024-01-17,121.58
7446,19444,2024-02-16,307.07
7447,27081,2024-02-06,404.0
7448,71,2024-02-01,1486.26
7449,2966,2024-03-07,1163.6
7450,44909,2024-02-11,280.99
7451,12901,2024-03-08,787.69
7452,15619,2024-02-11,383.22
7453,32943,2024-02-22,502.61
7454,5140,2024-01-13,938.5
7455,40597,2024-01-15,930.63
7456,9921,2024-03-21,1317.96
7457,5343,2024-01-12,313.7
7458,9206,2024-04-07,786.31
7459,29084,2024-01-24,930.34
7460,7156,2024-02-21,1401.27
7461,32425,2024-03-05,813.32
7462,38648,2024-01-20,563.74
7463,410,2024-01-16,494.84
7464,30962,2024-01-10,386.86
7465,43385,2024-04-01,1446.56
7466,25662,2024-03-02,936.17
7467,1681,2024-02-26,511.0
7468,33467,2024-04-03,1138.06
7469,44052,2024-03-10,490.77
7470,1491,2024-01-27,795.45
7471,27503,2024-01-22,116.89
7472,47004,2024-03-10,1282.13
7473,14783,2024-04-06,1438.3
7474,32330,2024-03-04,1309.37
7475,11639,2024-01-18,322.98
7476,39315,2024-03-20,1251.89
7477,44719,2024-02-28,572.75
7478,40180,2024-01-20,1409.52
7479,6433,2024-01-25,504.69
7480,46614,2024-01-07,206.95
7481,10605,2024-03-12,1291.15
7482,16409,2024-03-04,245.64
7483,23481,2024-03-18,848.84
7484,30556,2024-02-19,613.85
7485,49487,2024-02-12,1154.73
7486,47380,2024-02-06,1143.44
7487,37110,2024-02-02,1182.12
7488,47217,2024-04-04,169.86
7489,46175,2024-01-30,1298.89
7490,47101,2024-02-01,742.19
7491,4519,2024-01-22,391.24
7492,4731,2024-03-16,504.43
7493,215,2024-04-01,1361.89
7494,22288,2024-04-12,88.51
7495,39302,2024-01-07,1218.45
7496,30957,2024-03-31,1391.98
7497,14862,2024-02-08,435.08
7498,6167,2024-01-14,1247.24
7499,35102,2024-03-17,308.75
7500,3595,2024-02-08,103.04
7501,25245,2024-02-26,938.5
7502,34515,2024-01-27,997.61
7503,36233,2024-02-16,293.2
7504,25530,2024-04-01,807.7
7505,47696,2024-01-17,627.4
7506,33057,2024-03-10,188.29
7507,47908,2024-03-26,800.99
7508,40208,2024-01-12,910.89
7509,34572,2024-04-04,388.38
7510,20323,2024-02-23,1130.49
7511,8781,2024-03-17,183.09
7512,24413,2024-02-08,862.41
7513,41039,2024-03-15,510.81
7514,5200,2024-02-09,699.22
7515,29432,2024-03-20,1348.73
7516,40174,2024-02-29,1031.34
7517,3934,2024-01-27,291.41
7518,6979,2024-04-03,1338.55
7519,990,2024-02-04,609.42
7520,12424,2024-03-11,564.62
7521,38462,2024-03-19,792.18
7522,6268,2024-01-15,371.52
7523,14149,2024-03-23,1378.22
7524,5004,2024-04-01,744.4
7525,32626,2024-02-07,639.23
7526,10509,2024-02-19,322.77
7527,27230,2024-01-28,1219.81
7528,48388,2024-04-11,1433.03
7529,21115,2024-03-07,1314.82
7530,48634,2024-02-15,309.33
7531,35737,2024-03-29,1147.29
7532,35983,2024-03-22,369.91
7533,41015,2024-03-16,135.14
7534,21591,2024-01-07,767.95
7535,11595,2024-01-26,1031.94
7536,47716,2024-01-19,256.49
7537,11122,2024-04-04,939.84
7538,17996,2024-01-20,1277.98
7539,18906,2024-03-04,376.79
7540,44880,2024-03-15,687.46
7541,25912,2024-02-29,788.3
7542,5518,2024-03-29,1260.32
7543,31907,2024-03-18,1175.35
7544,31663,2024-02-12,1172.45
7545,32700,2024-02-27,1044.23
7546,4208,2024-02-26,957.26
7547,37142,2024-02-20,802.62
7548,39588,2024-04-02,604.86
7549,11876,2024-03-29,808.78
7550,41631,2024-01-25,1292.28
7551,36073,2024-02-29,890.24
7552,4420,2024-02-05,1479.56
7553,33091,2024-01-05,282.4
7554,1830,2024-01-16,706.44
7555,16251,2024-02-16,364.4
7556,48443,2024-02-19,598.44
7557,4631,2024-03-25,1201.47
7558,16947,2024-02-07,1251.18
7559,13973,2024-01-26,125.04
7560,9147,2024-01-31,1433.78
7561,12565,2024-03-02,1318.06
7562,3819,2024-02-26,1365.06
7563,16769,2024-03-12,615.03
7564,14006,2024-03-01,785.68
7565,13206,2024-03-05,319.27
7566,26304,2024-03-28,643.5
7567,34195,2024-01-14,259.13
7568,38183,2024-02-15,1305.87
7569,35621,2024-03-15,905.2
7570,40799,2024-02-20,273.09
7571,15665,2024-02-15,1328.27
7572,14045,2024-03-09,194.12
7573,19984,2024-03-05,1396.27
7574,14030,2024-03-30,230.16
7575,19033,2024-02-28,1099.53
7576,8920,2024-03-09,996.34
7577,9649,2024-01-24,1191.44
7578,3463,2024-03-13,881.97
7579,7679,2024-01-12,576.89
7580,20814,2024-02-17,469.65
7581,7218,2024-03-02,1422.57
7582,48594,2024-01-16,706.6
7583,36013,2024-03-04,1275.91
7584,25156,2024-03-29,1106.74
7585,5479,2024-03-03,1011.71
7586,35834,2024-03-30,1458.27
7587,20547,2024-03-30,882.94
7588,20091,2024-01-09,1120.88
7589,23857,2024-02-10,1286.53
7590,13950,2024-01-18,145.29
7591,21982,2024-02-26,1494.76
7592,27297,2024-02-22,452.29
7593,9520,2024-03-12,1077.57
7594,33641,2024-01-18,1434.14
7595,7034,2024-04-12,1163.65
7596,19201,2024-01-14,406.06
7597,22531,2024-02-12,594.49
7598,46996,2024-03-17,668.13
7599,7268,2024-01-14,912.61
7600,40617,2024-03-12,936.19
7601,26342,2024-02-21,1198.82
7602,39836,2024-02-16,1300.74
7603,31801,2024-01-25,207.14
7604,48966,2024-01-15,467.88
7605,36184,2024-03-30,568.0
7606,40659,2024-03-10,98.98
7607,49257,2024-01-11,672.97
7608,19007,2024-02-28,589.49
7609,2908,2024-03-01,826.05
7610,36306,2024-02-02,222.26
7611,13130,2024-04-01,667.87
7612,3483,2024-03-01,928.33
7613,5678,2024-02-15,1221.42
7614,45183,2024-01-23,1168.36
7615,38707,2024-01-28,654.9
7616,39980,2024-03-11,633.14
7617,11528,2024-02-19,133.21
7618,10491,2024-02-29,197.36
7619,24094,2024-03-31,1318.82
7620,21309,2024-03-09,1224.34
7621,45162,2024-03-10,109.94
7622,49335,2024-03-22,1333.4
7623,29096,2024-01-12,951.71
7624,27689,2024-02-13,1218.73
7625,8941,2024-03-26,793.59
7626,12631,2024-03-06,293.89
7627,44983,2024-03-17,586.78
7628,21228,2024-01-26,719.04
7629,36267,2024-02-20,1150.56
7630,27422,2024-03-23,1234.02
7631,27854,2024-02-21,1132.86
7632,8526,2024-03-29,756.84
7633,2105,2024-01-13,1022.46
7634,31453,2024-01-16,499.63
7635,29972,2024-02-28,1482.68
7636,35177,2024-03-03,318.85
7637,2008,2024-03-25,1107.52
7638,33431,2024-02-11,300.0
7639,1708,2024-02-27,478.83
7640,48823,2024-02-17,1143.33
7641,9745,2024-01-29,1115.34
7642,16630,2024-02-05,256.8
7643,22494,2024-02-08,1043.53
7644,7263,2024-02-29,369.45
7645,38792,2024-01-05,1461.61
7646,42648,2024-01-13,936.33
7647,42972,2024-03-01,84.94
7648,3924,2024-03-14,376.01
7649,2345,2024-03-25,406.04
7650,10464,2024-04-09,430.88
7651,19355,2024-02-01,871.07
7652,9313,2024-01-21,371.96
7653,26790,2024-02-25,666.16
7654,44179,2024-02-14,326.12
7655,45623,2024-01-10,1027.0
7656,41006,2024-02-25,887.56
7657,9521,2024-02-09,972.75
7658,37281,2024-01-17,1453.72
7659,35965,2024-01-07,647.01
7660,28753,2024-02-16,385.97
7661,47375,2024-02-28,1498.25
7662,31115,2024-01-17,162.47
7663,29208,2024-03-23,1230.7
7664,46985,2024-03-21,310.29
7665,7065,2024-03-30,1024.0
7666,6542,2024-03-17,752.79
7667,22002,2024-02-01,1271.42
7668,22717,2024-03-02,1118.15
7669,28561,2024-02-26,324.72
7670,37309,2024-02-22,1024.65
7671,3862,2024-03-01,388.27
7672,25737,2024-01-18,320.36
7673,31631,2024-03-11,199.44
7674,49823,2024-01-28,241.39
7675,6700,2024-01-12,1079.51
7676,4648,2024-03-07,1488.81
7677,48828,2024-03-03,1039.63
7678,14366,2024-02-13,1086.02
7679,2458,2024-02-08,1191.45
7680,34517,2024-03-11,1342.4
7681,49540,2024-03-21,460.18
7682,3126,2024-01-26,938.45
7683,42384,2024-03-29,387.62
7684,15461,2024-01-19,826.41
7685,23485,2024-02-16,376.31
7686,32980,2024-03-16,170.89
7687,38580,2024-02-17,205.36
7688,49913,2024-02-20,1466.35
7689,14807,2024-04-10,88.55
7690,2572,2024-03-03,1060.03
7691,44715,2024-02-17,1339.98
7692,2287,2024-03-27,639.06
7693,8452,2024-02-02,1085.52
7694,31699,2024-02-06,575.42
7695,3610,2024-02-23,831.13
7696,4194,2024-03-11,1408.69
7697,22284,2024-03-19,140.12
7698,46109,2024-01-19,459.39
7699,28104,2024-03-24,230.5
7700,17417,2024-03-28,784.21
7701,31885,2024-03-02,1174.08
7702,32052,2024-02-26,1466.77
7703,8036,2024-03-05,300.74
7704,19374,2024-01-07,142.38
7705,674,2024-03-15,276.46
7706,9445,2024-01-06,1455.63
7707,33858,2024-02-13,534.58
7708,28149,2024-02-14,459.38
7709,31317,2024-03-22,1123.8
7710,46292,2024-01-20,251.36
7711,30405,2024-02-04,575.69
7712,23157,2024-01-17,285.63
7713,26431,2024-01-16,1463.54
7714,8859,2024-03-26,484.87
7715,48945,2024-04-02,462.26
7716,35493,2024-04-05,980.85
7717,42043,2024-04-03,103.6
7718,29392,2024-03-12,1008.02
7719,13657,2024-01-24,724.47
7720,28837,2024-02-08,341.47
7721,28658,2024-01-09,770.61
7722,30480,2024-03-23,1498.56
7723,43211,2024-02-08,1271.1
7724,18167,2024-03-06,1463.31
7725,44484,2024-01-27,1395.01
7726,7681,2024-03-10,1244.99
7727,49269,2024-02-11,555.34
7728,35062,2024-01-18,1116.51
7729,34380,2024-02-06,635.98
7730,11635,2024-01-06,689.93
7731,40751,2024-03-14,1320.22
7732,29583,2024-03-27,371.36
7733,40855,2024-03-03,501.16
7734,3612,2024-01-16,1401.31
7735,19292,2024-03-25,1073.42
7736,32541,2024-01-06,172.16
7737,2947,2024-02-01,252.69
7738,41812,2024-03-22,902.96
7739,15615,2024-03-15,1214.23
7740,29397,2024-03-27,1205.79
7741,46533,2024-01-20,683.39
7742,30125,2024-01-14,447.08
7743,40308,2024-01-20,1198.55
7744,9448,2024-01-23,1420.58
7745,41142,2024-04-09,710.67
7746,9791,2024-03-15,274.93
7747,30892,2024-01-30,945.82
7748,8,2024-02-15,181.72
7749,45949,2024-02-03,948.33
7750,4096,2024-02-05,325.58
7751,25956,2024-01-16,812.69
7752,37500,2024-03-16,968.2
7753,37104,2024-01-25,714.35
7754,23693,2024-03-26,1254.76
7755,33516,2024-02-16,612.09
7756,6970,2024-02-15,300.15
7757,16244,2024-01-09,738.74
7758,17221,2024-02-04,1448.23
7759,34747,2024-03-19,1329.86
7760,48755,2024-02-26,521.74
7761,25830,2024-01-28,424.64
7762,43481,2024-01-27,766.27
7763,37653,2024-01-19,1010.32
7764,23913,2024-01-23,1395.94
7765,24610,2024-03-08,950.92
7766,1963,2024-03-31,1267.29
7767,44851,2024-01-16,1068.42
7768,22860,2024-03-19,224.16
7769,44349,2024-03-05,1346.34
7770,41581,2024-03-28,363.34
7771,7278,2024-03-28,600.64
7772,1484,2024-01-23,1273.17
7773,9533,2024-02-01,1470.48
7774,39915,2024-03-10,521.07
7775,46098,2024-01-30,624.18
7776,17129,2024-02-13,769.57
7777,26693,2024-03-26,787.15
7778,12789,2024-03-24,1145.53
7779,7365,2024-02-28,1240.31
7780,47570,2024-03-18,1487.27
7781,18702,2024-03-01,1222.0
7782,5101,2024-03-03,505.69
7783,16265,2024-02-09,588.57
7784,13290,2024-01-06,957.64
7785,12497,2024-04-06,1055.03
7786,40715,2024-03-17,207.75
7787,8808,2024-03-16,568.02
7788,30239,2024-02-01,367.79
7789,656,2024-03-21,801.15
7790,3119,2024-01-25,319.55
7791,11360,2024-03-05,904.65
7792,8648,2024-02-08,743.56
7793,46968,2024-01-21,653.57
7794,3383,2024-02-23,1001.51
7795,5458,2024-03-25,671.18
7796,13100,2024-01-30,646.96
7797,2909,2024-04-11,1004.59
7798,1896,2024-02-29,161.35
7799,3489,2024-02-25,694.12
7800,21956,2024-03-01,357.47
7801,8693,2024-01-28,134.77
7802,6748,2024-02-21,129.25
7803,19270,2024-02-25,318.02
7804,30380,2024-01-19,696.2
7805,26143,2024-01-14,884.71
7806,30597,2024-03-11,1210.18
7807,24033,2024-02-10,942.92
7808,45348,2024-01-26,818.48
7809,48205,2024-02-01,131.64
7810,34005,2024-02-23,503.02
7811,9710,2024-03-12,1063.02
7812,12377,2024-02-09,464.13
7813,35541,2024-03-16,923.96
7814,26609,2024-02-10,937.54
7815,49490,2024-01-18,513.28
7816,42018,2024-01-18,891.66
7817,20228,2024-01-21,241.84
7818,2756,2024-03-23,1112.3
7819,24416,2024-03-28,111.99
7820,16306,2024-01-20,130.16
7821,47177,2024-01-21,1315.77
7822,45931,2024-01-15,904.01
7823,183,2024-01-13,311.34
7824,46920,2024-02-15,934.33
7825,24899,2024-01-20,605.18
7826,1371,2024-02-23,463.21
7827,47771,2024-04-03,1232.08
7828,12617,2024-02-20,757.78
7829,35120,2024-02-13,496.73
7830,34499,2024-01-25,1420.05
7831,8242,2024-03-22,314.34
7832,49615,2024-03-07,281.65
7833,20823,2024-02-21,218.17
7834,19019,2024-01-11,256.7
7835,35105,2024-01-27,438.95
7836,5689,2024-01-29,1071.88
7837,35731,2024-03-28,1034.04
7838,25754,2024-03-23,1164.12
7839,36279,2024-01-06,897.31
7840,129,2024-03-09,779.51
7841,33835,2024-01-20,693.28
7842,24271,2024-03-11,1321.99
7843,9368,2024-03-11,567.78
7844,34444,2024-01-12,1345.96
7845,5355,2024-01-27,471.27
7846,49059,2024-02-19,303.39
7847,19705,2024-02-19,442.3
7848,40162,2024-01-14,788.62
7849,8386,2024-01-08,1394.76
7850,14748,2024-03-13,331.78
7851,29948,2024-02-14,903.46
7852,36566,2024-02-16,389.16
7853,15797,2024-03-21,1042.26
7854,21440,2024-03-11,740.35
7855,26930,2024-01-10,1121.62
7856,46375,2024-02-15,1295.67
7857,4305,2024-01-22,555.34
7858,111,2024-04-03,1412.23
7859,42273,2024-03-26,745.16
7860,33300,2024-03-19,1410.02
7861,29736,2024-01-17,407.48
7862,40563,2024-01-16,1353.86
7863,2837,2024-03-22,553.79
7864,21545,2024-02-02,1146.07
7865,17279,2024-04-09,1454.82
7866,1558,2024-02-27,1375.27
7867,16029,2024-02-13,738.39
7868,16484,2024-01-26,569.76
7869,49682,2024-03-14,949.94
7870,44562,2024-03-26,1082.25
7871,110,2024-03-01,847.15
7872,47651,2024-02-13,1284.84
7873,9962,2024-03-07,162.74
7874,42166,2024-04-02,931.49
7875,42586,2024-03-11,825.84
7876,28317,2024-03-13,135.9
7877,844,2024-03-19,98.05
7878,21680,2024-03-28,940.7
7879,2602,2024-03-27,247.56
7880,35167,2024-03-01,1171.31
7881,15786,2024-03-03,1427.93
7882,48270,2024-03-21,331.93
7883,25326,2024-03-25,1213.98
7884,32899,2024-02-02,919.81
7885,13478,2024-02-03,716.07
7886,38191,2024-02-18,1003.42
7887,11579,2024-02-22,1219.32
7888,16404,2024-01-19,1458.32
7889,36231,2024-02-08,1017.9
7890,48116,2024-01-24,1140.64
7891,8298,2024-02-20,942.68
7892,40991,2024-02-19,882.36
7893,47007,2024-03-11,171.99
7894,21188,2024-04-08,300.21
7895,7541,2024-03-10,618.54
7896,33179,2024-03-04,1002.3
7897,18447,2024-03-13,187.63
7898,10818,2024-01-08,853.02
7899,49038,2024-03-27,98.72
7900,31396,2024-02-09,1167.85
7901,2496,2024-02-20,1027.05
7902,10013,2024-02-12,819.36
7903,6429,2024-01-14,891.02
7904,9302,2024-02-26,1404.52
7905,26504,2024-02-02,1367.51
7906,22312,2024-01-17,1205.71
7907,36046,2024-03-09,557.44
7908,44877,2024-03-05,232.29
7909,23003,2024-01-23,536.43
7910,18183,2024-03-18,1147.79
7911,3837,2024-02-22,947.62
7912,10128,2024-02-04,1081.91
7913,7617,2024-02-01,229.57
7914,28494,2024-03-24,304.99
7915,1827,2024-03-07,1023.33
7916,47937,2024-03-05,607.96
7917,40105,2024-03-14,604.25
7918,30101,2024-03-01,637.58
7919,3911,2024-03-20,1210.23
7920,13460,2024-01-15,1072.66
7921,10690,2024-01-27,230.57
7922,46174,2024-02-12,568.99
7923,26455,2024-02-19,1036.84
7924,37582,2024-01-05,1466.1
7925,46514,2024-02-15,1375.4
7926,36843,2024-02-18,432.55
7927,19737,2024-04-06,173.77
7928,24013,2024-02-09,894.03
7929,2013,2024-03-10,656.88
7930,13300,2024-01-23,340.41
7931,27194,2024-02-04,1005.34
7932,7226,2024-02-06,307.7
7933,743,2024-03-11,579.1
7934,1672,2024-04-13,1208.29
7935,23504,2024-03-26,1051.7
7936,18239,2024-02-03,942.11
7937,36750,2024-03-21,1401.77
7938,48658,2024-02-18,258.08
7939,22902,2024-02-20,1061.17
7940,26011,2024-04-03,246.61
7941,49735,2024-02-12,273.65
7942,47956,2024-03-23,799.12
7943,9254,2024-04-06,114.24
7944,36529,2024-03-21,791.42
7945,47016,2024-03-11,93.46
7946,32247,2024-02-10,935.43
7947,23733,2024-02-10,523.05
7948,23901,2024-03-14,198.24
7949,6408,2024-03-21,1188.8
7950,29247,2024-02-03,633.69
7951,220,2024-02-19,710.51
7952,14327,2024-01-21,611.76
7953,42416,2024-03-30,198.76
7954,3703,2024-03-08,733.08
7955,6811,2024-03-30,1024.92
7956,14573,2024-04-08,1362.79
7957,24851,2024-04-09,1164.6
7958,46330,2024-04-04,192.59
7959,11973,2024-03-19,315.44
7960,2290,2024-03-10,143.65
7961,18642,2024-03-07,249.53
7962,22727,2024-01-20,762.35
7963,39678,2024-03-25,392.03
7964,29952,2024-02-27,1000.07
7965,5564,2024-04-06,125.96
7966,9208,2024-01-30,1297.29
7967,31486,2024-04-06,1042.25
7968,25760,2024-01-08,1456.09
7969,2343,2024-02-22,1433.02
7970,17639,2024-02-15,1063.96
7971,22608,2024-03-25,304.42
7972,35479,2024-02-21,395.36
7973,16078,2024-02-04,474.17
7974,31768,2024-02-22,685.88
7975,1787,2024-03-11,890.64
7976,12702,2024-03-16,1049.29
7977,29387,2024-02-22,187.4
7978,11478,2024-01-08,946.98
7979,17292,2024-02-11,164.05
7980,15986,2024-03-23,1254.38
7981,47962,2024-02-18,137.4
7982,14360,2024-03-01,633.87
7983,8845,2024-03-09,676.37
7984,14687,2024-01-13,889.95
7985,13489,2024-02-05,215.54
7986,37839,2024-02-27,1405.01
7987,49209,2024-02-04,624.15
7988,30697,2024-03-01,642.6
7989,28434,2024-03-22,425.18
7990,6384,2024-01-23,1188.62
7991,41079,2024-04-05,91.02
7992,13998,2024-03-24,230.81
7993,40178,2024-04-01,748.48
7994,24522,2024-03-15,1454.98
7995,7185,2024-01-10,130.53
7996,17191,2024-01-08,168.03
7997,35575,2024-02-23,1095.15
7998,40365,2024-03-24,1124.33
7999,5882,2024-03-05,1353.65
8000,13253,2024-03-03,898.81
8001,19175,2024-01-30,653.04
8002,3306,2024-02-15,720.53
8003,23874,2024-03-28,692.75
8004,45959,2024-01-04,1462.42
8005,36033,2024-01-26,619.72
8006,23303,2024-01-15,216.42
8007,3065,2024-01-30,491.27
8008,43141,2024-01-22,1443.33
8009,37032,2024-04-04,688.11
8010,37777,2024-02-03,528.83
8011,47759,2024-03-28,521.27
8012,6182,2024-02-07,92.87
8013,13578,2024-01-17,979.03
8014,46619,2024-02-03,1108.46
8015,32466,2024-02-07,581.19
8016,21040,2024-02-06,1319.36
8017,20341,2024-02-25,1134.9
8018,34145,2024-03-17,933.23
8019,41632,2024-01-31,1079.42
8020,23262,2024-02-05,1172.62
8021,30308,2024-01-28,828.41
8022,325,2024-03-05,644.88
8023,45339,2024-02-22,258.51
8024,14510,2024-03-15,655.02
8025,19885,2024-04-03,861.14
8026,29105,2024-02-23,1425.97
8027,27881,2024-02-14,299.95
8028,39054,2024-02-16,1154.88
8029,2542,2024-04-01,421.8
8030,19917,2024-02-14,1438.95
8031,26410,2024-03-07,924.63
8032,44555,2024-02-26,694.55
8033,8369,2024-01-12,572.49
8034,23446,2024-01-07,366.82
8035,81,2024-02-23,1094.59
8036,20049,2024-03-11,983.07
8037,1804,2024-01-27,1344.02
8038,35808,2024-01-17,928.22
8039,7626,2024-02-07,321.12
8040,49096,2024-03-17,1049.62
8041,9062,2024-02-10,1327.89
8042,1107,2024-03-13,1486.46
8043,48350,2024-02-21,1052.79
8044,11082,2024-03-10,491.14
8045,40804,2024-02-06,882.84
8046,22724,2024-03-21,811.28
8047,18966,2024-02-26,807.01
8048,13989,2024-02-05,191.64
8049,20089,2024-02-02,356.26
8050,20825,2024-04-07,824.24
8051,46083,2024-01-03,1213.42
8052,17386,2024-01-16,338.14
8053,38789,2024-01-14,313.28
8054,26031,2024-04-06,1158.99
8055,2993,2024-02-26,1060.59
8056,5182,2024-04-04,768.85
8057,15131,2024-03-13,151.51
8058,324,2024-02-19,751.21
8059,22534,2024-03-07,1265.49
8060,12052,2024-03-28,95.08
8061,8162,2024-04-01,225.7
8062,20758,2024-02-20,1229.26
8063,29618,2024-02-13,825.72
8064,15227,2024-01-18,1020.42
8065,8338,2024-03-29,1137.97
8066,19701,2024-02-06,506.3
8067,24167,2024-02-01,502.98
8068,28193,2024-03-02,454.82
8069,9805,2024-03-05,317.5
8070,41527,2024-03-15,512.74
8071,21432,2024-04-10,1433.02
8072,40933,2024-02-28,202.09
8073,38387,2024-04-06,421.7
8074,10856,2024-01-27,531.58
8075,29600,2024-03-09,298.42
8076,26333,2024-03-12,189.91
8077,29748,2024-02-26,309.84
8078,18591,2024-01-25,829.47
8079,24166,2024-02-17,927.39
8080,10950,2024-03-04,385.66
8081,44859,2024-01-23,795.4
8082,24158,2024-03-26,88.85
8083,46303,2024-03-31,934.87
8084,34535,2024-03-31,81.85
8085,19767,2024-01-25,992.74
8086,39679,2024-03-12,766.32
8087,1685,2024-02-13,235.17
8088,45267,2024-01-22,205.53
8089,24675,2024-02-03,89.78
8090,121,2024-02-29,863.34
8091,43102,2024-01-16,1225.3
8092,19309,2024-03-23,1296.29
8093,2745,2024-01-21,888.32
8094,17663,2024-01-22,1339.78
8095,951,2024-01-15,1304.01
8096,22048,2024-01-21,1071.48
8097,4063,2024-02-22,595.58
8098,49550,2024-03-13,1254.61
8099,3511,2024-01-22,636.18
8100,47330,2024-03-31,652.64
8101,8851,2024-03-31,1042.87
8102,10513,2024-03-21,1397.64
8103,6426,2024-01-25,790.03
8104,23145,2024-02-17,331.64
8105,17703,2024-01-21,282.28
8106,2326,2024-03-22,509.18
8107,30402,2024-02-28,729.87
8108,31684,2024-03-25,502.68
8109,47123,2024-04-12,1090.92
8110,39061,2024-01-23,850.57
8111,44760,2024-01-19,657.56
8112,32201,2024-03-25,383.04
8113,38077,2024-01-21,939.69
8114,39747,2024-01-10,1037.22
8115,1069,2024-03-12,1193.52
8116,47072,2024-01-20,1487.0
8117,37251,2024-01-24,408.49
8118,37945,2024-02-13,101.46
8119,6525,2024-02-17,790.63
8120,42747,2024-03-12,1392.09
8121,41372,2024-01-13,433.24
8122,45479,2024-01-22,1153.34
8123,29083,2024-04-10,533.71
8124,24794,2024-03-11,635.5
8125,27696,2024-02-03,1425.77
8126,49671,2024-01-30,734.65
8127,42109,2024-01-11,1109.96
8128,2779,2024-01-23,860.79
8129,17600,2024-01-12,1164.75
8130,47028,2024-02-16,530.66
8131,37014,2024-02-14,1325.19
8132,17517,2024-02-08,859.47
8133,32338,2024-03-25,519.01
8134,26344,2024-02-12,134.24
8135,10734,2024-04-01,98.76
8136,22331,2024-01-22,581.78
8137,17962,2024-03-23,386.29
8138,39458,2024-03-17,154.8
8139,48261,2024-02-11,865.04
8140,13997,2024-04-10,1484.08
8141,34552,2024-01-21,679.7
8142,42011,2024-03-04,864.0
8143,31687,2024-03-10,392.12
8144,3582,2024-02-12,370.98
8145,20972,2024-02-17,546.29
8146,26334,2024-02-21,1265.77
8147,46165,2024-02-07,1444.02
8148,27337,2024-01-19,1130.41
8149,20689,2024-02-18,109.19
8150,27063,2024-04-04,702.55
8151,16427,2024-01-20,677.4
8152,37837,2024-04-08,1407.98
8153,9442,2024-01-13,1138.71
8154,26986,2024-04-04,1094.43
8155,16972,2024-01-27,881.98
8156,48072,2024-02-29,997.09
8157,1636,2024-02-04,1072.02
8158,24966,2024-03-09,864.63
8159,49221,2024-04-04,1279.66
8160,13990,2024-01-16,132.39
8161,44580,2024-03-31,1416.76
8162,22214,2024-01-15,1178.49
8163,49977,2024-01-29,831.13
8164,15421,2024-02-02,1301.67
8165,19358,2024-03-23,1255.73
8166,36119,2024-03-07,675.53
8167,34457,2024-04-04,1272.54
8168,19093,2024-02-20,347.44
8169,37218,2024-03-02,746.27
8170,43960,2024-01-14,409.84
8171,3799,2024-02-11,256.65
8172,42176,2024-01-02,1350.34
8173,42115,2024-03-19,601.06
8174,14770,2024-02-24,1051.82
8175,29348,2024-02-29,612.64
8176,30916,2024-01-13,852.65
8177,12529,2024-01-20,574.22
8178,46537,2024-02-03,1134.67
8179,803,2024-01-25,1196.78
8180,46384,2024-02-27,691.36
8181,49993,2024-04-03,1300.65
8182,9421,2024-02-11,584.53
8183,25581,2024-02-08,1162.69
8184,28155,2024-02-25,1003.09
8185,40267,2024-02-16,727.49
8186,3906,2024-02-06,1342.26
8187,12339,2024-03-16,892.6
8188,10507,2024-01-10,1273.06
8189,9235,2024-01-16,1121.33
8190,36097,2024-03-01,836.26
8191,48890,2024-02-10,543.52
8192,23368,2024-01-29,1430.61
8193,18518,2024-02-25,160.58
8194,773,2024-03-16,1350.17
8195,10661,2024-01-30,799.08
8196,28354,2024-01-20,1143.21
8197,22948,2024-02-18,554.47
8198,18663,2024-03-13,625.58
8199,11716,2024-02-01,350.87
8200,38100,2024-02-01,1435.16
8201,5041,2024-03-01,141.48
8202,42804,2024-02-23,629.3
8203,46073,2024-01-16,555.28
8204,5960,2024-03-12,1234.57
8205,30456,2024-01-29,792.26
8206,20376,2024-03-15,320.13
8207,14223,2024-04-05,802.8
8208,22530,2024-01-27,415.14
8209,14204,2024-04-08,104.3
8210,31799,2024-03-22,853.25
8211,33947,2024-03-30,591.78
8212,47617,2024-01-27,419.22
8213,29977,2024-02-13,324.58
8214,7403,2024-01-23,724.24
8215,39323,2024-02-27,1314.86
8216,39585,2024-04-02,1156.54
8217,41416,2024-03-21,86.57
8218,15854,2024-02-10,1118.23
8219,3945,2024-03-09,183.27
8220,14884,2024-03-05,858.16
8221,7306,2024-02-29,1187.67
8222,37962,2024-01-14,723.67
8223,35318,2024-03-02,614.91
8224,9085,2024-04-01,1414.05
8225,7564,2024-01-16,121.56
8226,45232,2024-02-15,230.48
8227,36670,2024-02-27,1315.87
8228,19653,2024-02-10,1338.46
8229,47021,2024-02-15,609.28
8230,20202,2024-03-02,847.08
8231,35497,2024-01-05,313.44
8232,3232,2024-02-21,1335.68
8233,43205,2024-04-07,746.07
8234,40399,2024-03-10,881.01
8235,12594,2024-03-24,247.65
8236,40175,2024-03-01,953.05
8237,44189,2024-03-03,1068.07
8238,201,2024-01-31,498.5
8239,31215,2024-01-19,1352.53
8240,39677,2024-01-10,369.54
8241,15430,2024-02-15,1354.28
8242,30940,2024-02-09,1078.75
8243,31222,2024-03-11,1259.81
8244,34202,2024-03-11,1072.7
8245,48936,2024-01-14,688.36
8246,47151,2024-03-07,550.83
8247,24411,2024-01-19,1122.38
8248,17809,2024-02-06,503.39
8249,47268,2024-01-29,167.84
8250,3756,2024-02-09,430.75
8251,33142,2024-01-16,1152.43
8252,12587,2024-03-04,1206.37
8253,30438,2024-01-28,472.78
8254,13329,2024-03-09,545.65
8255,13062,2024-02-23,860.06
8256,28699,2024-03-03,451.99
8257,4297,2024-02-24,940.77
8258,30196,2024-01-16,480.5
8259,38037,2024-02-21,251.64
8260,4751,2024-02-16,299.86
8261,8649,2024-01-17,435.78
8262,44355,2024-02-11,318.43
8263,10637,2024-02-19,1463.57
8264,19241,2024-03-07,1014.89
8265,36310,2024-01-25,334.55
8266,24334,2024-03-29,681.94
8267,46017,2024-03-11,462.16
8268,22908,2024-02-15,1052.03
8269,48717,2024-03-09,1311.53
8270,4557,2024-01-28,649.17
8271,19923,2024-03-23,688.95
8272,28246,2024-02-12,645.82
8273,16262,2024-03-24,717.9
8274,20826,2024-02-09,130.91
8275,41176,2024-01-27,921.5
8276,36058,2024-03-28,1431.89
8277,858,2024-01-05,1195.16
8278,37969,2024-02-12,1303.2
8279,27823,2024-03-09,405.37
8280,33347,2024-01-26,942.2
8281,31165,2024-02-16,1348.02
8282,14284,2024-01-10,177.42
8283,20253,2024-02-27,1325.7
8284,5534,2024-04-08,171.59
8285,36335,2024-02-28,1475.96
8286,37215,2024-02-28,199.17
8287,44001,2024-01-13,602.51
8288,1878,2024-01-11,157.6
8289,29112,2024-01-10,160.62
8290,28474,2024-03-22,1310.12
8291,15028,2024-04-02,170.32
8292,25660,2024-03-02,1205.52
8293,25165,2024-04-02,1367.77
8294,6606,2024-03-26,1407.77
8295,22833,2024-01-28,1306.94
8296,32076,2024-03-27,1436.33
8297,41213,2024-03-20,153.55
8298,968,2024-01-04,1495.18
8299,45502,2024-04-02,109.09
8300,748,2024-03-14,316.45
8301,17408,2024-01-13,194.95
8302,1033,2024-01-28,1136.47
8303,39775,2024-02-21,203.58
8304,25161,2024-03-05,495.61
8305,12288,2024-02-12,986.07
8306,12038,2024-01-28,787.18
8307,28011,2024-02-21,273.44
8308,5271,2024-01-20,820.58
8309,4284,2024-02-08,563.74
8310,33455,2024-03-31,912.03
8311,47537,2024-03-26,844.66
8312,19680,2024-03-13,1485.1
8313,14553,2024-02-17,1306.19
8314,46177,2024-03-11,85.21
8315,6759,2024-03-17,329.94
8316,40682,2024-02-26,1376.66
8317,4904,2024-02-17,846.03
8318,6694,2024-01-26,1158.44
8319,36040,2024-04-13,794.98
8320,20507,2024-02-24,1195.79
8321,29571,2024-02-21,268.54
8322,6936,2024-01-24,1127.82
8323,16712,2024-03-08,1314.84
8324,26354,2024-04-11,457.22
8325,39638,2024-01-28,603.08
8326,29418,2024-02-22,918.63
8327,36999,2024-01-31,1312.9
8328,19438,2024-02-12,1369.07
8329,33494,2024-03-21,838.88
8330,41422,2024-02-06,1014.45
8331,44420,2024-01-27,1319.53
8332,3076,2024-02-16,408.44
8333,44260,2024-01-18,1251.8
8334,27584,2024-01-31,451.83
8335,46001,2024-01-22,905.03
8336,27405,2024-03-20,1407.22
8337,8676,2024-02-11,806.32
8338,42188,2024-02-02,212.64
8339,47960,2024-03-10,1352.05
8340,3564,2024-04-01,910.66
8341,49674,2024-03-27,181.03
8342,26777,2024-02-04,94.95
8343,3767,2024-02-24,451.02
8344,48090,2024-03-19,250.81
8345,2030,2024-02-25,972.38
8346,16550,2024-03-18,927.34
8347,12217,2024-01-16,1274.05
8348,44444,2024-03-13,808.97
8349,7194,2024-02-09,439.43
8350,21300,2024-03-07,151.4
8351,9355,2024-04-11,94.92
8352,31838,2024-01-10,1394.61
8353,22692,2024-03-14,285.21
8354,12365,2024-02-08,788.86
8355,23009,2024-02-02,1208.59
8356,12758,2024-01-26,1398.66
8357,2628,2024-03-12,366.41
8358,11606,2024-02-05,409.34
8359,29453,2024-02-09,335.24
8360,2500,2024-02-26,305.68
8361,45543,2024-03-09,726.04
8362,725,2024-01-07,982.99
8363,25698,2024-03-24,1082.89
8364,3856,2024-01-31,544.62
8365,17419,2024-03-27,965.81
8366,9171,2024-04-09,83.36
8367,39197,2024-02-27,1341.35
8368,16153,2024-04-02,1315.05
8369,41089,2024-03-03,852.6
8370,36998,2024-03-28,425.59
8371,12972,2024-01-19,1460.56
8372,14566,2024-02-20,1231.11
8373,8221,2024-01-20,104.07
8374,16648,2024-01-26,746.89
8375,42866,2024-02-07,224.95
8376,14730,2024-01-17,267.78
8377,21230,2024-02-05,81.86
8378,17842,2024-02-28,1056.55
8379,17583,2024-01-22,438.58
8380,44994,2024-01-07,512.88
8381,29195,2024-03-10,146.79
8382,32679,2024-03-21,91.28
8383,33809,2024-03-16,1205.67
8384,14742,2024-03-23,1019.2
8385,28443,2024-01-20,622.89
8386,16676,2024-01-17,179.26
8387,27698,2024-02-02,1181.65
8388,34986,2024-03-04,1395.42
8389,4238,2024-02-13,828.95
8390,46454,2024-01-15,277.31
8391,12640,2024-01-23,1006.6
8392,3357,2024-03-29,181.55
8393,31480,2024-02-04,315.05
8394,36123,2024-02-24,748.44
8395,48893,2024-02-11,433.63
8396,14540,2024-02-22,1400.9
8397,2663,2024-02-05,1228.6
8398,24544,2024-02-07,473.01
8399,5103,2024-01-10,1448.59
8400,5549,2024-02-15,617.18
8401,31649,2024-02-15,887.09
8402,2790,2024-02-04,880.9
8403,37786,2024-03-02,1002.41
8404,42405,2024-04-02,425.95
8405,24211,2024-02-03,1389.31
8406,21747,2024-02-11,457.26
8407,37972,2024-03-24,1024.07
8408,3549,2024-03-16,1167.38
8409,6083,2024-01-29,1331.75
8410,31996,2024-04-02,728.85
8411,25847,2024-01-29,1090.59
8412,13957,2024-02-16,201.25
8413,42075,2024-01-13,1184.79
8414,45869,2024-01-29,1153.03
8415,38338,2024-02-19,663.06
8416,20651,2024-02-03,525.11
8417,47347,2024-01-16,619.88
8418,35648,2024-02-28,208.6
8419,20957,2024-03-24,985.68
8420,36342,2024-02-01,1376.51
8421,19968,2024-01-19,1025.33
8422,33559,2024-02-07,904.34
8423,42186,2024-02-27,1486.8
8424,42576,2024-03-03,849.41
8425,30600,2024-02-19,571.08
8426,3453,2024-01-18,1080.62
8427,47862,2024-02-11,820.43
8428,36763,2024-03-02,1460.37
8429,31488,2024-03-08,1355.1
8430,48544,2024-01-18,1424.52
8431,32725,2024-02-29,81.45
8432,27681,2024-01-27,554.58
8433,21899,2024-03-21,970.65
8434,44101,2024-03-05,517.81
8435,4338,2024-04-04,1012.15
8436,16846,2024-02-08,1095.23
8437,2246,2024-02-23,965.06
8438,48914,2024-02-15,730.73
8439,44027,2024-01-26,1069.39
8440,36774,2024-03-15,1188.13
8441,42598,2024-02-15,1068.45
8442,20862,2024-03-12,1233.04
8443,36597,2024-03-25,1425.1
8444,14489,2024-03-29,225.57
8445,12516,2024-02-08,1367.12
8446,21402,2024-01-23,468.4
8447,34353,2024-01-19,880.55
8448,14644,2024-03-14,1418.17
8449,46443,2024-02-18,960.5
8450,37809,2024-02-25,199.52
8451,45525,2024-02-26,788.9
8452,29848,2024-02-08,1349.97
8453,26157,2024-02-21,665.17
8454,26177,2024-02-02,1284.1
8455,47961,2024-01-20,1207.74
8456,6921,2024-03-01,1367.13
8457,2305,2024-03-16,453.56
8458,7975,2024-04-04,785.11
8459,10997,2024-01-30,556.0
8460,1654,2024-01-23,838.66
8461,19056,2024-03-27,107.15
8462,39572,2024-02-17,423.18
8463,7118,2024-02-11,1463.13
8464,1244,2024-01-14,936.45
8465,17205,2024-02-24,326.12
8466,7680,2024-01-28,801.81
8467,45391,2024-02-20,1071.14
8468,5032,2024-03-27,937.28
8469,47604,2024-03-27,792.73
8470,18619,2024-02-27,1037.02
8471,19741,2024-03-08,317.06
8472,41188,2024-04-05,702.23
8473,41206,2024-01-15,1145.37
8474,14183,2024-02-02,902.83
8475,10478,2024-04-04,1366.92
8476,47559,2024-04-01,710.14
8477,42638,2024-03-18,267.69
8478,43054,2024-01-28,149.24
8479,14632,2024-01-23,757.97
8480,17731,2024-01-13,701.35
8481,9288,2024-01-16,444.25
8482,22112,2024-01-28,918.53
8483,29255,2024-01-17,435.25
8484,39006,2024-01-09,387.18
8485,41071,2024-04-01,963.55
8486,27071,2024-01-10,1421.82
8487,29003,2024-03-10,367.94
8488,11332,2024-02-01,339.61
8489,26132,2024-02-01,817.48
8490,42333,2024-03-25,249.6
8491,37060,2024-04-03,497.61
8492,8900,2024-03-21,1486.88
8493,15500,2024-03-19,1274.28
8494,39660,2024-03-20,1082.69
8495,22723,2024-01-29,116.95
8496,32527,2024-02-07,456.4
8497,34753,2024-01-29,888.93
8498,7386,2024-01-14,1088.6
8499,7957,2024-04-01,1029.09
8500,38104,2024-02-05,343.36
8501,42616,2024-01-29,742.13
8502,30052,2024-02-15,361.88
8503,8207,2024-03-03,1391.47
8504,3569,2024-02-14,871.53
8505,12734,2024-01-16,634.17
8506,16086,2024-03-08,1383.59
8507,16343,2024-02-15,1363.62
8508,46795,2024-02-23,795.82
8509,33231,2024-03-29,1055.22
8510,42523,2024-02-03,532.76
8511,37926,2024-04-10,516.88
8512,11498,2024-02-07,860.38
8513,41508,2024-01-24,1282.24
8514,7948,2024-04-01,927.97
8515,16178,2024-03-13,731.84
8516,25942,2024-02-20,1023.08
8517,45065,2024-03-16,1233.46
8518,43354,2024-02-29,1198.03
8519,48196,2024-01-31,606.25
8520,17053,2024-03-19,1408.64
8521,5226,2024-02-13,102.38
8522,1545,2024-04-07,720.12
8523,14732,2024-02-02,1368.69
8524,14085,2024-02-18,1068.33
8525,44503,2024-04-04,1079.67
8526,40348,2024-03-16,302.19
8527,1396,2024-01-17,906.52
8528,25194,2024-02-19,1453.07
8529,21767,2024-03-02,380.4
8530,32758,2024-01-31,544.6
8531,4645,2024-02-26,631.84
8532,40077,2024-04-03,591.04
8533,46143,2024-02-28,970.41
8534,26562,2024-03-28,413.09
8535,26102,2024-01-22,798.08
8536,10657,2024-02-08,648.34
8537,13279,2024-03-10,995.16
8538,14527,2024-01-19,423.56
8539,31962,2024-02-26,865.44
8540,47689,2024-04-08,1131.32
8541,31194,2024-02-21,1064.0
8542,11027,2024-01-25,1264.68
8543,8764,2024-03-26,1437.75
8544,22239,2024-02-06,1292.64
8545,11213,2024-02-26,1412.25
8546,3508,2024-01-17,104.86
8547,27090,2024-03-20,973.08
8548,9041,2024-02-17,460.17
8549,34800,2024-01-05,1228.77
8550,24781,2024-03-31,1243.03
8551,19899,2024-02-02,147.83
8552,29448,2024-02-24,925.69
8553,16881,2024-03-23,1288.25
8554,29497,2024-02-05,914.13
8555,37586,2024-04-02,684.27
8556,13042,2024-01-07,189.03
8557,38581,2024-01-26,1116.99
8558,5324,2024-04-01,185.99
8559,4010,2024-03-25,929.04
8560,37350,2024-03-26,1383.03
8561,27062,2024-03-18,675.14
8562,24634,2024-01-15,1173.63
8563,12351,2024-01-15,1215.73
8564,4544,2024-02-03,94.68
8565,21242,2024-01-28,1379.21
8566,38389,2024-01-28,348.07
8567,5596,2024-03-31,481.43
8568,32947,2024-03-11,1316.5
8569,24002,2024-01-29,1054.96
8570,41424,2024-02-15,608.04
8571,36830,2024-01-19,204.79
8572,11891,2024-03-12,628.45
8573,41766,2024-02-27,1452.19
8574,7450,2024-02-15,228.55
8575,20207,2024-01-31,1281.51
8576,14287,2024-03-18,541.93
8577,19091,2024-02-14,1009.48
8578,36084,2024-03-24,976.79
8579,40435,2024-03-30,542.34
8580,16715,2024-02-26,157.1
8581,29086,2024-03-16,291.32
8582,40311,2024-01-13,883.51
8583,30773,2024-01-20,1427.38
8584,28944,2024-02-10,1394.59
8585,49094,2024-01-23,241.13
8586,19809,2024-02-01,1322.83
8587,38188,2024-03-02,412.01
8588,24651,2024-03-28,1372.02
8589,48260,2024-03-17,1157.06
8590,36468,2024-01-28,1444.99
8591,6601,2024-02-13,707.25
8592,29338,2024-01-30,1118.85
8593,7862,2024-02-19,1124.09
8594,35414,2024-01-19,784.56
8595,9585,2024-02-19,1463.82
8596,32986,2024-04-05,426.0
8597,6553,2024-02-05,1480.42
8598,22915,2024-02-26,1233.21
8599,39353,2024-03-12,954.86
8600,19950,2024-03-01,187.33
8601,14305,2024-02-05,448.3
8602,35861,2024-03-02,1274.62
8603,2301,2024-04-13,1113.98
8604,18499,2024-02-17,1447.02
8605,7174,2024-02-03,643.44
8606,6709,2024-03-08,1350.12
8607,26937,2024-01-31,1303.79
8608,17572,2024-03-23,1451.91
8609,15247,2024-01-31,466.88
8610,35666,2024-04-01,782.24
8611,4590,2024-02-18,194.97
8612,25791,2024-02-28,919.1
8613,8593,2024-03-29,1119.9
8614,32426,2024-01-04,417.98
8615,13283,2024-03-21,320.91
8616,14093,2024-02-19,988.13
8617,38497,2024-01-22,638.24
8618,48895,2024-01-13,685.72
8619,32327,2024-01-31,748.99
8620,24425,2024-02-20,806.29
8621,22979,2024-02-07,357.65
8622,25685,2024-03-30,900.39
8623,19392,2024-02-22,178.12
8624,16054,2024-02-19,241.19
8625,17480,2024-04-11,1090.37
8626,47190,2024-02-05,1118.64
8627,46022,2024-03-18,458.18
8628,2825,2024-02-21,342.27
8629,1648,2024-02-15,156.67
8630,6207,2024-01-11,674.82
8631,22625,2024-02-09,802.84
8632,13898,2024-02-19,1357.23
8633,36004,2024-03-15,83.49
8634,16356,2024-01-23,656.32
8635,48236,2024-03-06,675.38
8636,11994,2024-03-15,1338.91
8637,741,2024-03-05,358.38
8638,8953,2024-02-29,173.99
8639,22568,2024-02-20,621.89
8640,26329,2024-03-06,949.49
8641,48993,2024-03-05,1298.57
8642,21479,2024-02-09,462.01
8643,22380,2024-03-09,436.86
8644,36749,2024-03-12,542.89
8645,32373,2024-02-07,247.89
8646,48230,2024-03-26,1467.65
8647,19851,2024-02-28,847.68
8648,34472,2024-02-09,466.56
8649,34281,2024-02-12,593.67
8650,32909,2024-01-17,1309.66
8651,39859,2024-04-11,1036.69
8652,5767,2024-03-13,865.55
8653,22869,2024-01-20,1109.23
8654,23263,2024-01-27,1153.27
8655,47168,2024-03-05,355.78
8656,21773,2024-01-23,305.32
8657,34931,2024-02-23,1452.71
8658,8306,2024-02-16,343.73
8659,2849,2024-02-08,739.96
8660,20569,2024-01-24,1475.55
8661,21446,2024-01-26,672.44
8662,18092,2024-02-13,811.09
8663,13260,2024-02-03,1213.68
8664,6864,2024-03-04,563.36
8665,27678,2024-02-17,692.07
8666,32224,2024-01-27,551.69
8667,20404,2024-03-09,488.1
8668,28760,2024-03-13,749.98
8669,11667,2024-02-14,1139.16
8670,20061,2024-01-28,1311.55
8671,16922,2024-03-03,747.56
8672,15321,2024-01-17,535.83
8673,38395,2024-02-24,1374.46
8674,40276,2024-03-27,557.01
8675,26822,2024-01-29,1180.51
8676,28119,2024-01-17,1143.04
8677,22396,2024-02-21,150.68
8678,15369,2024-01-15,332.25
8679,40667,2024-02-01,893.44
8680,31941,2024-03-23,1312.03
8681,20350,2024-03-10,923.47
8682,1978,2024-01-15,1134.65
8683,41808,2024-01-16,1122.86
8684,5941,2024-03-27,782.0
8685,8940,2024-01-25,876.34
8686,39637,2024-01-14,181.22
8687,33509,2024-03-14,1397.38
8688,8279,2024-02-09,1037.57
8689,21836,2024-03-07,299.39
8690,38562,2024-01-31,426.49
8691,48190,2024-01-24,86.61
8692,30835,2024-03-25,454.89
8693,6593,2024-03-20,529.6
8694,24800,2024-01-14,1050.06
8695,5304,2024-03-03,756.85
8696,35148,2024-03-23,1276.75
8697,30284,2024-02-09,203.24
8698,17447,2024-03-27,1083.97
8699,13981,2024-02-06,1322.35
8700,39217,2024-03-05,678.28
8701,36272,2024-03-27,490.0
8702,38130,2024-01-06,712.71
8703,9315,2024-02-08,1200.16
8704,11844,2024-03-18,1385.04
8705,49728,2024-02-20,173.13
8706,1053,2024-01-17,830.5
8707,1985,2024-03-17,988.39
8708,10853,2024-03-04,104.82
8709,48948,2024-01-26,337.37
8710,15654,2024-03-17,168.84
8711,20191,2024-02-19,492.32
8712,16405,2024-01-19,371.68
8713,7739,2024-02-18,771.26
8714,34996,2024-02-15,1010.58
8715,34307,2024-03-14,1275.95
8716,27539,2024-02-15,512.12
8717,43294,2024-03-05,151.58
8718,43505,2024-01-11,85.46
8719,19977,2024-04-02,1279.26
8720,3946,2024-02-06,1326.95
8721,48487,2024-03-29,223.41
8722,941,2024-01-23,94.45
8723,11458,2024-02-18,1216.38
8724,22034,2024-01-17,989.83
8725,37476,2024-02-02,869.73
8726,33034,2024-03-15,837.15
8727,19806,2024-02-01,1178.74
8728,45591,2024-01-29,496.51
8729,41211,2024-03-02,632.54
8730,33789,2024-01-31,190.55
8731,34983,2024-03-31,883.9
8732,44648,2024-03-15,1444.35
8733,31868,2024-01-27,483.07
8734,19619,2024-03-22,1399.53
8735,6676,2024-01-28,1115.47
8736,22390,2024-02-05,412.11
8737,20789,2024-02-05,1021.25
8738,24526,2024-02-07,600.05
8739,39013,2024-01-30,253.67
8740,21458,2024-03-24,211.66
8741,10100,2024-03-23,104.46
8742,7746,2024-01-24,1212.89
8743,43540,2024-01-19,1336.49
8744,12711,2024-03-23,765.2
8745,38148,2024-01-11,818.29
8746,20405,2024-01-16,1062.05
8747,16249,2024-04-08,1075.29
8748,7706,2024-02-07,540.26
8749,47206,2024-01-16,306.04
8750,25556,2024-03-25,691.19
8751,23286,2024-02-12,1069.76
8752,49299,2024-03-15,1221.98
8753,18400,2024-02-14,206.61
8754,31156,2024-01-09,915.41
8755,9831,2024-03-08,156.82
8756,3392,2024-03-25,1251.19
8757,19835,2024-03-09,1026.87
8758,12082,2024-01-21,1069.21
8759,41117,2024-03-28,1161.64
8760,9591,2024-02-26,783.81
8761,1522,2024-01-24,504.44
8762,3077,2024-01-13,1195.64
8763,31189,2024-02-10,1183.86
8764,20500,2024-02-28,271.62
8765,9025,2024-03-08,1361.92
8766,4048,2024-01-25,394.12
8767,1555,2024-02-04,515.17
8768,14576,2024-01-14,386.6
8769,20064,2024-03-15,1451.15
8770,4916,2024-03-02,505.24
8771,8583,2024-03-01,1459.39
8772,45099,2024-04-08,985.87
8773,43927,2024-04-07,330.72
8774,6313,2024-01-03,866.46
8775,18308,2024-03-10,1332.82
8776,23533,2024-03-31,877.58
8777,22250,2024-01-24,268.29
8778,21335,2024-03-18,487.45
8779,14738,2024-04-08,399.23
8780,24673,2024-02-03,258.71
8781,11837,2024-01-04,544.75
8782,45858,2024-03-16,1018.71
8783,3417,2024-01-31,623.16
8784,11128,2024-02-11,710.2
8785,517,2024-04-04,535.34
8786,8909,2024-02-19,1492.15
8787,26897,2024-03-30,912.4
8788,14189,2024-02-20,1264.11
8789,12660,2024-01-17,706.69
8790,24142,2024-03-08,319.47
8791,25816,2024-02-05,1282.47
8792,36355,2024-03-15,1164.08
8793,15681,2024-03-31,548.33
8794,5992,2024-03-20,941.11
8795,24689,2024-04-01,212.72
8796,14301,2024-03-22,117.38
8797,38378,2024-01-19,1238.38
8798,17525,2024-03-20,1417.54
8799,24754,2024-03-24,568.56
8800,9267,2024-01-19,928.55
8801,8380,2024-01-22,1098.55
8802,10965,2024-02-05,1139.38
8803,27992,2024-03-04,763.12
8804,20146,2024-01-15,950.86
8805,37122,2024-01-30,1013.01
8806,39536,2024-02-13,226.62
8807,99,2024-02-04,996.06
8808,49918,2024-03-28,805.42
8809,29150,2024-02-05,617.47
8810,44188,2024-02-22,451.67
8811,32911,2024-01-17,985.85
8812,33426,2024-01-22,316.8
8813,9633,2024-03-09,1231.39
8814,30183,2024-01-30,323.95
8815,46056,2024-02-18,1175.7
8816,33833,2024-03-27,1240.73
8817,2389,2024-03-23,1414.31
8818,35628,2024-03-28,737.87
8819,26703,2024-01-26,170.44
8820,5427,2024-01-24,1042.31
8821,34644,2024-03-11,481.32
8822,20666,2024-02-24,211.67
8823,8277,2024-04-07,1295.19
8824,7912,2024-01-27,278.43
8825,25838,2024-03-15,799.05
8826,25484,2024-03-04,1199.69
8827,48251,2024-02-21,362.71
8828,41376,2024-02-10,1353.22
8829,36479,2024-02-11,550.85
8830,20571,2024-01-14,642.91
8831,3754,2024-03-07,266.72
8832,36043,2024-04-06,995.13
8833,30748,2024-01-08,783.35
8834,46807,2024-02-08,1463.31
8835,29587,2024-03-02,1071.63
8836,14886,2024-02-28,1157.77
8837,31948,2024-04-05,362.7
8838,2021,2024-02-26,1092.14
8839,45644,2024-03-30,871.5
8840,43285,2024-02-10,653.44
8841,34187,2024-04-05,1191.38
8842,44356,2024-03-29,1469.54
8843,32594,2024-01-29,214.59
8844,8505,2024-03-15,1200.22
8845,16636,2024-02-25,1385.66
8846,9007,2024-04-08,527.56
8847,22938,2024-01-26,595.49
8848,36602,2024-01-21,1208.58
8849,12201,2024-03-20,1434.17
8850,39740,2024-02-25,1413.27
8851,5894,2024-04-02,158.99
8852,10423,2024-03-11,1317.43
8853,21248,2024-03-24,912.76
8854,6351,2024-02-29,678.0
8855,2508,2024-02-18,1280.66
8856,20273,2024-02-29,1216.62
8857,46068,2024-03-06,803.28
8858,39514,2024-02-06,663.22
8859,4254,2024-03-06,750.91
8860,5743,2024-01-19,532.07
8861,40361,2024-01-08,1046.34
8862,23395,2024-02-17,1346.69
8863,27835,2024-02-21,435.71
8864,954,2024-03-04,1252.22
8865,27157,2024-02-17,592.26
8866,46161,2024-03-08,267.2
8867,33264,2024-02-20,137.5
8868,34907,2024-02-13,760.69
8869,23442,2024-03-16,887.01
8870,26169,2024-02-15,88.57
8871,4013,2024-03-23,1006.73
8872,36050,2024-02-05,816.31
8873,45083,2024-02-04,1496.33
8874,45278,2024-03-28,228.41
8875,2659,2024-01-04,1081.13
8876,49536,2024-02-15,388.19
8877,42377,2024-01-07,373.01
8878,49601,2024-01-31,106.58
8879,42719,2024-01-16,89.29
8880,41570,2024-02-04,345.0
8881,27474,2024-02-08,329.21
8882,49983,2024-01-14,80.62
8883,4362,2024-03-10,1098.35
8884,2667,2024-01-22,795.22
8885,25335,2024-03-05,642.53
8886,29573,2024-03-26,227.39
8887,19052,2024-03-25,554.14
8888,48129,2024-01-18,748.24
8889,49352,2024-03-29,1497.23
8890,44693,2024-01-30,805.05
8891,12352,2024-03-01,107.7
8892,20402,2024-03-07,374.99
8893,3894,2024-01-13,583.42
8894,44830,2024-03-30,727.42
8895,25301,2024-01-15,1037.48
8896,48403,2024-03-24,918.64
8897,848,2024-01-17,803.16
8898,10850,2024-03-29,1269.81
8899,12693,2024-03-23,358.67
8900,17194,2024-01-18,190.59
8901,42874,2024-01-19,1270.25
8902,47134,2024-04-10,736.27
8903,46247,2024-03-31,865.76
8904,37070,2024-02-18,1269.09
8905,17357,2024-02-08,1423.06
8906,31839,2024-02-01,863.84
8907,42807,2024-02-13,1233.4
8908,49777,2024-04-02,853.59
8909,6758,2024-02-17,127.32
8910,18411,2024-02-14,1437.32
8911,17365,2024-03-10,1241.23
8912,20694,2024-02-03,1149.86
8913,14450,2024-03-24,707.39
8914,31060,2024-02-08,1418.41
8915,30710,2024-02-28,775.58
8916,16512,2024-04-01,1103.52
8917,20728,2024-03-22,222.84
8918,30935,2024-04-10,390.78
8919,28464,2024-02-16,682.37
8920,14556,2024-02-26,905.44
8921,46076,2024-02-25,1223.89
8922,40873,2024-01-27,422.04
8923,8141,2024-03-28,1179.59
8924,46332,2024-04-11,1343.79
8925,22461,2024-02-21,1242.2
8926,16181,2024-02-07,963.83
8927,41134,2024-01-11,1230.19
8928,31279,2024-02-18,1326.05
8929,24121,2024-03-16,868.24
8930,2291,2024-02-25,1230.43
8931,9027,2024-03-10,678.0
8932,24447,2024-02-27,821.92
8933,12484,2024-02-18,154.71
8934,47756,2024-01-16,1334.56
8935,8133,2024-03-06,279.33
8936,24164,2024-02-28,472.2
8937,28725,2024-02-15,530.8
8938,6982,2024-04-01,244.58
8939,20028,2024-04-06,1388.89
8940,21370,2024-03-29,1457.45
8941,14775,2024-02-14,1308.58
8942,6120,2024-02-06,571.84
8943,18296,2024-02-19,158.44
8944,32156,2024-04-09,339.71
8945,23935,2024-03-29,1176.38
8946,42674,2024-03-13,486.08
8947,49291,2024-03-16,1347.5
8948,39737,2024-01-20,1265.88
8949,10400,2024-03-06,416.46
8950,42997,2024-03-17,1064.71
8951,21057,2024-01-31,708.06
8952,9481,2024-01-20,385.22
8953,21123,2024-03-19,917.96
8954,25279,2024-04-09,1269.05
8955,1454,2024-03-28,1396.05
8956,45747,2024-02-17,163.4
8957,48826,2024-03-02,674.6
8958,41722,2024-02-17,938.28
8959,31070,2024-02-13,559.95
8960,27970,2024-03-26,531.08
8961,11484,2024-02-01,1176.15
8962,39760,2024-03-14,1191.16
8963,21612,2024-02-28,1115.07
8964,6405,2024-02-19,1355.91
8965,16378,2024-03-18,782.49
8966,23624,2024-02-25,1198.69
8967,46379,2024-04-01,95.92
8968,40414,2024-01-31,1482.15
8969,39224,2024-01-20,1385.31
8970,30919,2024-02-29,1274.72
8971,4616,2024-03-07,914.63
8972,9452,2024-01-27,852.7
8973,15281,2024-02-27,293.18
8974,8539,2024-03-02,156.63
8975,19812,2024-03-29,443.35
8976,34892,2024-02-27,294.39
8977,44102,2024-02-06,876.37
8978,28267,2024-02-06,552.22
8979,27255,2024-02-24,630.76
8980,18470,2024-03-03,117.48
8981,2195,2024-01-31,859.04
8982,29790,2024-01-15,1011.75
8983,13877,2024-02-29,554.86
8984,30588,2024-03-18,266.38
8985,37400,2024-01-22,1079.29
8986,15278,2024-03-14,263.15
8987,14615,2024-03-06,1239.94
8988,31202,2024-01-20,855.35
8989,26753,2024-01-08,417.17
8990,47695,2024-01-15,1356.2
8991,6731,2024-02-12,281.32
8992,44201,2024-03-03,933.68
8993,9009,2024-01-10,956.87
8994,46257,2024-03-20,132.98
8995,18311,2024-04-07,945.79
8996,34560,2024-02-10,1065.79
8997,5788,2024-02-24,1372.39
8998,18863,2024-01-11,1086.69
8999,45955,2024-03-16,767.89
9000,26879,2024-02-28,1291.69
9001,3278,2024-02-02,582.38
9002,31412,2024-04-01,1294.83
9003,29513,2024-03-24,1278.44
9004,14890,2024-03-02,937.2
9005,31594,2024-03-25,569.37
9006,10677,2024-02-05,919.51
9007,12672,2024-02-24,1366.38
9008,32139,2024-01-16,983.89
9009,33656,2024-03-06,1272.82
9010,31655,2024-04-03,569.37
9011,19254,2024-02-19,495.08
9012,14363,2024-02-24,443.3
9013,12185,2024-02-22,777.58
9014,32092,2024-03-18,693.41
9015,29407,2024-01-15,1292.99
9016,17013,2024-01-16,239.9
9017,46051,2024-02-04,866.75
9018,15395,2024-03-27,652.84
9019,305,2024-03-04,1411.35
9020,10884,2024-01-17,1199.51
9021,25251,2024-01-11,695.36
9022,22757,2024-03-25,989.67
9023,153,2024-01-12,1138.74
9024,5863,2024-04-03,181.02
9025,32857,2024-03-10,1036.68
9026,3446,2024-02-16,278.08
9027,18674,2024-03-22,348.31
9028,16421,2024-03-15,734.92
9029,43750,2024-02-19,1470.82
9030,1419,2024-02-22,1432.06
9031,4703,2024-02-16,1361.22
9032,15484,2024-01-12,128.75
9033,45565,2024-02-11,1291.03
9034,5562,2024-04-06,1182.16
9035,31565,2024-02-07,788.27
9036,7375,2024-02-27,542.1
9037,21024,2024-02-14,1152.94
9038,22202,2024-04-03,231.98
9039,30611,2024-02-08,1003.63
9040,27654,2024-01-15,1034.06
9041,22640,2024-01-17,866.25
9042,17803,2024-02-07,1326.45
9043,13730,2024-04-02,548.4
9044,39060,2024-02-16,758.99
9045,40752,2024-01-24,1157.3
9046,20413,2024-01-23,1097.7
9047,35198,2024-03-09,878.69
9048,30273,2024-01-24,466.43
9049,7816,2024-01-22,497.84
9050,41111,2024-02-12,1132.51
9051,28082,2024-02-27,88.16
9052,10631,2024-04-07,1006.88
9053,27919,2024-01-25,432.55
9054,10418,2024-03-25,1035.65
9055,42729,2024-02-16,345.45
9056,8257,2024-03-10,614.54
9057,44678,2024-02-01,1150.42
9058,8695,2024-04-10,1152.39
9059,6852,2024-02-28,377.76
9060,4727,2024-01-09,614.32
9061,3258,2024-03-25,793.56
9062,45477,2024-03-12,914.05
9063,24986,2024-03-05,1134.26
9064,46199,2024-03-09,113.56
9065,14444,2024-02-11,243.76
9066,46267,2024-01-26,303.97
9067,37025,2024-01-14,350.74
9068,31724,2024-03-05,122.99
9069,4833,2024-03-29,1387.07
9070,9318,2024-03-27,310.32
9071,6134,2024-02-27,184.57
9072,28816,2024-02-03,749.85
9073,4501,2024-02-26,1416.48
9074,11501,2024-02-24,1449.43
9075,2943,2024-01-18,1040.49
9076,12592,2024-03-18,333.26
9077,29552,2024-01-29,85.39
9078,6873,2024-01-18,555.75
9079,7398,2024-02-16,258.15
9080,26770,2024-03-22,1152.24
9081,44437,2024-01-08,1456.13
9082,39102,2024-01-16,198.89
9083,41672,2024-03-22,643.65
9084,23404,2024-04-09,1361.51
9085,37370,2024-02-18,1114.17
9086,42944,2024-02-21,1315.09
9087,10982,2024-03-05,1390.63
9088,5021,2024-02-14,665.92
9089,14829,2024-01-28,1065.0
9090,9827,2024-03-09,1087.26
9091,38297,2024-02-01,975.76
9092,37919,2024-02-22,542.6
9093,35351,2024-03-08,1261.68
9094,11108,2024-03-09,1171.83
9095,45132,2024-01-20,712.2
9096,21422,2024-02-23,677.77
9097,19354,2024-04-03,95.31
9098,12937,2024-03-31,1277.69
9099,41334,2024-01-28,483.26
9100,2902,2024-02-04,748.54
9101,5353,2024-03-14,664.05
9102,20583,2024-04-09,1042.96
9103,3629,2024-01-22,633.95
9104,19434,2024-02-09,335.23
9105,25949,2024-03-19,1313.44
9106,43278,2024-03-18,340.64
9107,25587,2024-03-30,120.37
9108,41676,2024-03-05,358.66
9109,9862,2024-01-14,726.3
9110,4202,2024-01-16,680.98
9111,11824,2024-01-16,1210.78
9112,15258,2024-03-05,356.8
9113,24608,2024-02-14,1181.37
9114,35943,2024-02-29,216.84
9115,38875,2024-01-29,752.6
9116,35679,2024-01-18,1308.77
9117,33750,2024-03-20,666.37
9118,6536,2024-03-19,1447.86
9119,25901,2024-03-26,976.08
9120,39109,2024-04-11,1154.45
9121,42868,2024-01-29,804.0
9122,34790,2024-01-10,690.26
9123,2241,2024-04-02,200.24
9124,30027,2024-04-03,250.33
9125,16179,2024-01-17,891.82
9126,32057,2024-03-25,951.36
9127,40071,2024-03-02,1478.35
9128,23407,2024-01-17,1298.0
9129,34355,2024-02-04,1279.17
9130,16471,2024-01-30,486.98
9131,13624,2024-01-26,664.73
9132,2238,2024-01-21,225.02
9133,22280,2024-02-09,905.78
9134,11445,2024-01-25,178.74
9135,6903,2024-02-13,714.5
9136,45701,2024-03-14,884.0
9137,33151,2024-02-24,404.02
9138,22776,2024-02-09,1181.13
9139,25687,2024-04-03,1038.28
9140,6275,2024-02-26,289.97
9141,18462,2024-03-30,1476.83
9142,21340,2024-02-22,849.7
9143,11563,2024-03-12,117.51
9144,4204,2024-01-28,577.16
9145,47783,2024-02-28,1470.62
9146,36880,2024-02-12,1361.28
9147,38917,2024-04-01,294.65
9148,18113,2024-04-01,1294.11
9149,46786,2024-01-11,958.14
9150,17475,2024-03-06,110.86
9151,12348,2024-01-31,1155.55
9152,45022,2024-02-14,666.23
9153,41648,2024-02-26,642.52
9154,30883,2024-04-10,623.58
9155,49486,2024-02-13,927.11
9156,28580,2024-01-12,1094.18
9157,45912,2024-02-08,999.65
9158,35003,2024-01-12,423.3
9159,13006,2024-03-13,1083.66
9160,14958,2024-01-28,272.44
9161,47922,2024-02-04,1459.3
9162,492,2024-02-06,752.53
9163,31121,2024-01-20,209.71
9164,20353,2024-03-25,898.81
9165,16931,2024-02-01,899.31
9166,28899,2024-03-01,135.11
9167,40585,2024-02-25,95.43
9168,11025,2024-03-14,1494.47
9169,38290,2024-02-07,633.92
9170,43660,2024-01-12,428.55
9171,13127,2024-02-20,857.77
9172,26264,2024-01-14,91.84
9173,32667,2024-02-04,98.31
9174,31833,2024-02-28,240.15
9175,25661,2024-04-06,1219.59
9176,35492,2024-03-12,432.51
9177,31005,2024-04-06,794.91
9178,37092,2024-02-14,397.54
9179,18118,2024-03-02,853.66
9180,35353,2024-03-11,802.5
9181,42154,2024-02-26,649.03
9182,7719,2024-02-07,695.14
9183,49031,2024-03-12,1007.8
9184,38701,2024-04-09,1275.86
9185,19053,2024-02-02,533.56
9186,2719,2024-02-04,835.65
9187,42984,2024-03-04,1292.93
9188,7558,2024-01-14,318.45
9189,5727,2024-03-27,1470.97
9190,22013,2024-03-06,1145.89
9191,12158,2024-03-05,599.88
9192,29624,2024-03-29,612.75
9193,7871,2024-03-11,371.59
9194,49193,2024-01-09,460.44
9195,18740,2024-03-20,913.59
9196,4365,2024-01-23,85.31
9197,47548,2024-02-26,112.89
9198,19714,2024-03-01,1480.8
9199,33036,2024-01-19,414.45
9200,42426,2024-03-10,1257.98
9201,42099,2024-02-25,949.61
9202,34720,2024-01-24,713.29
9203,35333,2024-02-12,1119.7
9204,5171,2024-03-01,151.03
9205,13603,2024-02-07,1153.63
9206,792,2024-02-24,1296.93
9207,30995,2024-03-23,477.92
9208,25759,2024-02-06,508.29
9209,41295,2024-02-08,226.28
9210,14859,2024-01-28,1295.37
9211,32062,2024-04-01,1227.23
9212,35057,2024-03-21,683.8
9213,12118,2024-02-01,616.36
9214,47902,2024-01-23,687.09
9215,1286,2024-03-06,676.89
9216,16774,2024-03-14,690.06
9217,16619,2024-02-14,286.96
9218,13298,2024-02-23,99.14
9219,27958,2024-04-02,1162.66
9220,39917,2024-02-24,568.12
9221,1044,2024-01-24,777.06
9222,27102,2024-04-04,516.56
9223,39077,2024-02-02,621.93
9224,41678,2024-03-22,186.31
9225,29913,2024-03-11,605.81
9226,17516,2024-03-23,737.62
9227,41444,2024-03-15,1262.63
9228,15885,2024-01-25,537.53
9229,3170,2024-03-26,205.73
9230,28639,2024-03-03,1158.06
9231,36153,2024-01-21,613.4
9232,427,2024-01-24,1379.82
9233,32716,2024-03-15,1441.83
9234,39431,2024-03-24,1318.03
9235,44335,2024-03-01,401.84
9236,34403,2024-01-25,440.41
9237,42189,2024-02-10,1207.65
9238,20437,2024-02-02,713.48
9239,15189,2024-01-22,502.88
9240,1191,2024-03-23,497.35
9241,3230,2024-03-30,900.0
9242,30791,2024-02-09,1350.94
9243,30249,2024-02-06,958.88
9244,26269,2024-01-29,960.8
9245,933,2024-02-28,1140.66
9246,40825,2024-02-10,1159.63
9247,5357,2024-03-25,1371.42
9248,33567,2024-03-01,310.2
9249,35330,2024-01-20,1478.18
9250,41541,2024-02-23,546.94
9251,30332,2024-02-27,479.83
9252,41918,2024-02-21,803.9
9253,14769,2024-02-02,455.39
9254,4531,2024-03-13,410.73
9255,2142,2024-01-25,1452.87
9256,37332,2024-01-19,227.67
9257,21222,2024-01-07,1485.72
9258,20208,2024-01-17,963.92
9259,46468,2024-02-23,1441.18
9260,45542,2024-03-03,1354.31
9261,9325,2024-01-15,1000.73
9262,32989,2024-03-21,917.57
9263,41729,2024-01-09,1489.54
9264,37155,2024-04-03,811.6
9265,25714,2024-02-11,333.84
9266,20019,2024-02-11,1489.98
9267,18925,2024-02-12,539.4
9268,2559,2024-01-23,204.13
9269,20092,2024-01-15,1097.99
9270,37106,2024-01-17,713.39
9271,14169,2024-03-09,630.99
9272,11271,2024-01-04,976.88
9273,16571,2024-01-19,155.05
9274,48308,2024-02-06,1071.48
9275,21400,2024-03-14,794.9
9276,24743,2024-02-20,776.14
9277,33637,2024-02-29,1358.05
9278,6886,2024-03-08,1260.32
9279,35570,2024-03-16,834.85
9280,46905,2024-01-05,901.24
9281,40451,2024-02-28,1225.89
9282,9003,2024-04-05,664.03
9283,958,2024-02-19,1033.15
9284,27073,2024-03-21,847.9
9285,2761,2024-01-23,789.47
9286,48919,2024-04-03,1478.3
9287,31010,2024-02-04,104.86
9288,6315,2024-02-28,668.77
9289,10895,2024-02-26,1400.85
9290,42968,2024-01-12,1397.97
9291,370,2024-04-03,1141.75
9292,39398,2024-03-24,920.51
9293,12692,2024-03-31,1061.0
9294,18474,2024-01-22,439.16
9295,34932,2024-03-04,773.52
9296,34219,2024-02-13,841.21
9297,14533,2024-02-05,170.48
9298,47602,2024-02-22,1310.03
9299,8872,2024-03-12,728.5
9300,16942,2024-01-24,1356.44
9301,46436,2024-02-07,633.74
9302,36525,2024-04-09,660.59
9303,36207,2024-03-18,426.79
9304,29250,2024-01-20,994.94
9305,24097,2024-03-11,858.87
9306,7887,2024-02-28,1376.42
9307,46150,2024-02-02,689.52
9308,43623,2024-04-04,1000.27
9309,16426,2024-03-14,1084.74
9310,21093,2024-02-09,534.2
9311,22189,2024-03-30,1330.77
9312,45538,2024-01-07,620.81
9313,5662,2024-03-01,985.05
9314,3310,2024-02-01,954.49
9315,19149,2024-03-21,678.4
9316,3057,2024-03-13,340.34
9317,1906,2024-01-14,921.35
9318,36957,2024-03-16,613.26
9319,4157,2024-01-26,618.31
9320,944,2024-02-18,779.95
9321,27437,2024-02-13,1041.68
9322,46778,2024-01-25,1116.06
9323,38242,2024-02-10,686.44
9324,12053,2024-01-31,250.23
9325,2295,2024-03-17,1204.23
9326,6804,2024-02-04,1030.57
9327,13660,2024-03-23,1216.98
9328,25024,2024-01-18,528.56
9329,45622,2024-01-16,1370.95
9330,24892,2024-03-06,453.08
9331,40377,2024-01-12,491.46
9332,44402,2024-01-19,841.65
9333,32280,2024-03-19,1496.23
9334,36412,2024-04-07,367.06
9335,44304,2024-02-13,1270.68
9336,290,2024-03-22,83.34
9337,30830,2024-01-16,417.28
9338,45552,2024-01-28,571.52
9339,9572,2024-01-17,1001.02
9340,8823,2024-01-18,241.54
9341,27478,2024-01-15,262.75
9342,45186,2024-01-29,287.83
9343,17708,2024-02-10,1020.83
9344,5117,2024-02-18,242.79
9345,29082,2024-02-13,645.48
9346,37138,2024-02-17,302.48
9347,22479,2024-02-05,622.54
9348,11637,2024-04-05,1093.94
9349,36697,2024-04-10,474.37
9350,32688,2024-02-11,957.06
9351,23574,2024-04-02,432.88
9352,38955,2024-01-26,1127.35
9353,22969,2024-03-25,1183.43
9354,27143,2024-03-08,520.76
9355,31878,2024-02-02,113.78
9356,24552,2024-01-21,263.3
9357,40284,2024-03-02,777.16
9358,14923,2024-03-15,622.52
9359,43231,2024-02-09,570.7
9360,39695,2024-02-19,902.61
9361,46748,2024-02-13,309.33
9362,43768,2024-02-07,728.49
9363,26843,2024-03-03,368.81
9364,30179,2024-03-25,1473.1
9365,9581,2024-03-05,149.05
9366,28680,2024-03-19,102.41
9367,32824,2024-01-24,881.14
9368,46876,2024-02-08,168.93
9369,38984,2024-01-17,1231.61
9370,49188,2024-02-14,1243.83
9371,6082,2024-01-30,693.81
9372,38420,2024-01-14,1270.49
9373,19493,2024-03-13,1131.52
9374,1128,2024-03-17,272.29
9375,27134,2024-01-27,1300.63
9376,27721,2024-02-15,1321.48
9377,36053,2024-03-15,538.25
9378,46373,2024-03-11,1180.49
9379,16414,2024-03-01,1354.25
9380,39880,2024-01-22,1138.81
9381,30452,2024-01-03,213.5
9382,15023,2024-02-28,214.39
9383,9236,2024-04-06,1475.0
9384,9846,2024-03-16,848.72
9385,10021,2024-02-21,995.11
9386,47257,2024-04-06,1375.41
9387,4852,2024-02-08,90.56
9388,20297,2024-03-10,685.9
9389,4094,2024-01-31,884.29
9390,38450,2024-02-11,83.04
9391,26263,2024-02-26,966.67
9392,48310,2024-04-07,1288.33
9393,6246,2024-04-08,157.97
9394,43657,2024-03-19,1222.0
9395,42309,2024-02-21,1468.09
9396,1465,2024-03-20,1386.81
9397,45437,2024-03-12,842.56
9398,40349,2024-02-12,1301.86
9399,24132,2024-01-27,1174.3
9400,33946,2024-01-09,1241.09
9401,23639,2024-01-23,645.23
9402,18390,2024-02-21,755.38
9403,38293,2024-01-16,419.56
9404,5287,2024-03-08,153.23
9405,10592,2024-02-27,928.07
9406,41191,2024-03-07,519.6
9407,38838,2024-02-06,793.84
9408,19081,2024-03-02,1447.02
9409,38551,2024-03-15,169.67
9410,31541,2024-01-25,1320.35
9411,42499,2024-03-21,203.2
9412,38977,2024-02-29,1008.08
9413,30672,2024-04-08,567.43
9414,43519,2024-01-14,222.21
9415,20386,2024-03-19,1154.85
9416,14866,2024-01-15,1071.99
9417,37975,2024-01-30,989.17
9418,8880,2024-02-21,1450.13
9419,26745,2024-02-24,113.62
9420,32881,2024-03-01,697.22
9421,42083,2024-01-27,878.98
9422,38488,2024-04-09,587.94
9423,46471,2024-03-18,1030.69
9424,22957,2024-01-21,1356.87
9425,10408,2024-02-23,1069.72
9426,38874,2024-02-09,888.51
9427,40121,2024-02-08,1127.73
9428,32682,2024-03-27,235.68
9429,28535,2024-03-08,974.59
9430,27563,2024-02-02,658.29
9431,22266,2024-03-07,532.69
9432,8327,2024-03-26,800.09
9433,10264,2024-02-05,1222.72
9434,38999,2024-02-17,665.85
9435,14855,2024-02-08,1077.48
9436,31700,2024-01-18,916.23
9437,15487,2024-04-01,1380.94
9438,18189,2024-01-13,711.68
9439,18686,2024-03-23,1244.29
9440,36875,2024-01-16,1275.61
9441,19232,2024-02-27,739.13
9442,2300,2024-02-11,773.8
9443,26384,2024-03-06,553.45
9444,39381,2024-04-01,783.68
9445,2187,2024-02-12,433.94
9446,46634,2024-02-13,1298.74
9447,13677,2024-03-27,434.88
9448,14658,2024-01-16,445.83
9449,26933,2024-03-22,1351.84
9450,22809,2024-03-17,835.67
9451,41469,2024-03-06,229.3
9452,22748,2024-01-25,570.93
9453,29254,2024-03-29,1081.65
9454,21800,2024-02-19,656.24
9455,4661,2024-03-24,680.91
9456,6395,2024-02-29,788.14
9457,649,2024-03-26,395.96
9458,48365,2024-03-18,682.16
9459,15312,2024-03-06,385.79
9460,1393,2024-03-18,578.06
9461,6015,2024-02-24,835.97
9462,24637,2024-01-29,1065.09
9463,13119,2024-02-26,980.17
9464,4549,2024-02-05,897.25
9465,44161,2024-01-21,925.66
9466,13299,2024-02-06,805.52
9467,6883,2024-02-22,952.75
9468,38573,2024-03-20,613.24
9469,13154,2024-02-02,1357.22
9470,44608,2024-04-07,918.6
9471,28975,2024-01-10,1409.96
9472,42387,2024-04-13,654.51
9473,6989,2024-03-17,640.21
9474,9124,2024-03-18,1450.33
9475,6206,2024-03-24,1115.26
9476,4403,2024-03-18,816.61
9477,16797,2024-03-03,1100.28
9478,6234,2024-03-26,643.35
9479,6254,2024-02-22,1157.51
9480,11913,2024-03-14,377.6
9481,2991,2024-04-12,1430.25
9482,25202,2024-02-07,734.41
9483,20077,2024-01-20,211.93
9484,6740,2024-03-02,1279.92
9485,34054,2024-02-10,1349.99
9486,46608,2024-03-13,1116.54
9487,49295,2024-03-06,974.18
9488,5263,2024-04-03,1398.35
9489,38019,2024-03-22,963.32
9490,36691,2024-03-14,1203.81
9491,26472,2024-02-13,749.17
9492,9265,2024-02-29,1112.63
9493,17535,2024-03-17,1498.55
9494,29470,2024-01-14,623.16
9495,33517,2024-02-24,1102.55
9496,39998,2024-02-12,291.43
9497,10566,2024-01-13,981.84
9498,17816,2024-02-17,538.5
9499,22825,2024-03-15,1310.57
9500,19870,2024-02-20,590.69
9501,26086,2024-02-19,712.1
9502,25116,2024-03-13,1472.04
9503,33597,2024-01-04,385.83
9504,24412,2024-03-22,881.96
9505,25529,2024-01-17,1306.54
9506,10553,2024-02-01,527.05
9507,1443,2024-01-20,101.69
9508,45178,2024-03-01,1352.8
9509,49015,2024-01-10,959.88
9510,19659,2024-03-01,407.2
9511,26004,2024-02-12,472.4
9512,44577,2024-03-19,1215.41
9513,37649,2024-02-22,991.78
9514,47241,2024-01-21,1120.29
9515,11078,2024-02-13,899.66
9516,9794,2024-03-29,1201.86
9517,21125,2024-03-19,1245.91
9518,13586,2024-02-09,629.39
9519,30750,2024-01-08,1359.37
9520,48933,2024-03-10,797.38
9521,36191,2024-02-13,307.44
9522,25807,2024-03-05,390.23
9523,8762,2024-02-09,1122.03
9524,41819,2024-03-04,615.82
9525,5439,2024-02-25,452.66
9526,10230,2024-03-23,938.78
9527,44193,2024-01-28,1190.82
9528,7463,2024-04-05,235.1
9529,23382,2024-04-02,717.76
9530,42103,2024-03-02,1175.49
9531,32792,2024-02-09,1363.15
9532,912,2024-02-03,99.24
9533,2773,2024-03-27,1011.65
9534,36533,2024-01-05,928.27
9535,2352,2024-01-31,815.19
9536,23049,2024-01-08,307.48
9537,35579,2024-01-18,1133.34
9538,28300,2024-03-14,637.77
9539,49929,2024-03-27,413.17
9540,27825,2024-02-16,1287.04
9541,3943,2024-03-05,515.98
9542,10080,2024-03-07,361.75
9543,30167,2024-01-16,523.11
9544,12039,2024-03-12,337.09
9545,2596,2024-03-14,1183.73
9546,17705,2024-03-27,338.54
9547,2443,2024-03-18,1097.67
9548,1296,2024-02-04,310.75
9549,34822,2024-02-10,401.36
9550,2650,2024-02-20,566.38
9551,1808,2024-03-09,1429.09
9552,23936,2024-03-26,1377.62
9553,2862,2024-03-07,200.86
9554,11169,2024-02-12,556.87
9555,12994,2024-03-02,571.81
9556,8898,2024-03-01,380.42
9557,9312,2024-02-03,698.58
9558,30399,2024-01-26,1142.15
9559,31023,2024-03-18,221.06
9560,32133,2024-02-28,1033.74
9561,1749,2024-01-09,450.28
9562,48916,2024-02-23,992.26
9563,18981,2024-02-29,1048.29
9564,18938,2024-02-19,1113.96
9565,9655,2024-02-06,1303.63
9566,28147,2024-03-03,1357.46
9567,20945,2024-02-05,1157.96
9568,4564,2024-01-22,763.16
9569,15260,2024-02-18,142.74
9570,4620,2024-02-26,1410.69
9571,8154,2024-02-16,933.88
9572,7812,2024-01-12,839.09
9573,9271,2024-01-12,420.07
9574,12866,2024-02-20,1051.62
9575,2159,2024-02-27,1492.52
9576,48337,2024-02-17,548.64
9577,19228,2024-01-18,1215.4
9578,49308,2024-03-25,493.39
9579,32249,2024-03-15,772.58
9580,14336,2024-02-22,382.87
9581,47573,2024-03-01,808.15
9582,12751,2024-01-22,732.21
9583,34668,2024-02-20,135.26
9584,31440,2024-02-15,622.16
9585,16467,2024-04-04,169.07
9586,12297,2024-01-09,719.89
9587,7063,2024-02-29,1471.84
9588,28495,2024-03-05,496.03
9589,11922,2024-01-30,812.21
9590,8569,2024-02-12,264.88
9591,3270,2024-03-31,298.64
9592,22467,2024-01-30,584.77
9593,49642,2024-01-25,775.43
9594,8403,2024-02-29,1076.0
9595,12482,2024-02-18,728.5
9596,10147,2024-01-26,114.63
9597,5862,2024-01-25,464.76
9598,37203,2024-02-09,115.18
9599,34799,2024-02-02,1383.48
9600,7937,2024-02-25,121.23
9601,41967,2024-01-13,150.42
9602,10379,2024-02-24,503.55
9603,13178,2024-03-21,977.91
9604,19365,2024-02-29,588.3
9605,12733,2024-01-19,167.42
9606,15218,2024-01-24,1267.48
9607,26983,2024-01-27,1074.31
9608,20451,2024-01-29,642.85
9609,33353,2024-02-05,1041.21
9610,22879,2024-01-15,469.91
9611,21713,2024-03-22,829.57
9612,32383,2024-02-01,1330.32
9613,32322,2024-03-30,232.91
9614,35903,2024-03-30,1282.59
9615,5905,2024-04-05,1199.74
9616,42165,2024-01-04,1427.72
9617,33202,2024-03-31,809.56
9618,26453,2024-01-11,470.37
9619,38925,2024-02-13,581.4
9620,14322,2024-02-24,988.53
9621,48607,2024-03-07,279.93
9622,39512,2024-01-17,579.37
9623,8933,2024-02-07,1111.53
9624,6464,2024-03-08,894.72
9625,12373,2024-03-05,169.11
9626,28114,2024-01-15,785.53
9627,31742,2024-03-20,824.39
9628,16936,2024-03-24,1075.14
9629,25000,2024-03-06,95.13
9630,26530,2024-02-06,688.33
9631,41235,2024-03-09,1339.0
9632,16729,2024-03-07,115.71
9633,20550,2024-01-21,1034.82
9634,34710,2024-01-30,396.92
9635,18174,2024-01-17,630.23
9636,11120,2024-03-02,1335.44
9637,17645,2024-03-11,594.79
9638,48334,2024-01-25,854.54
9639,26940,2024-04-09,207.29
9640,15506,2024-01-14,541.08
9641,12408,2024-02-19,281.14
9642,15521,2024-02-10,877.41
9643,25341,2024-02-25,732.9
9644,3127,2024-03-23,455.7
9645,19490,2024-02-24,1499.46
9646,35568,2024-01-27,297.65
9647,45032,2024-02-21,1252.18
9648,30388,2024-03-23,130.78
9649,27866,2024-03-07,1282.51
9650,16101,2024-03-13,757.33
9651,36782,2024-03-06,1256.03
9652,30513,2024-01-16,1141.01
9653,15573,2024-03-11,893.14
9654,45357,2024-02-02,607.62
9655,10584,2024-02-23,1025.03
9656,8843,2024-01-15,1262.22
9657,11381,2024-03-26,794.69
9658,17881,2024-02-16,669.11
9659,4521,2024-03-05,282.91
9660,35374,2024-02-22,1352.67
9661,16055,2024-03-08,459.57
9662,35706,2024-03-12,255.4
9663,21403,2024-01-26,174.03
9664,11336,2024-04-12,1146.11
9665,36198,2024-02-09,1038.49
9666,1290,2024-02-29,251.05
9667,11427,2024-02-15,832.8
9668,39991,2024-03-25,296.83
9669,3936,2024-03-10,624.67
9670,45618,2024-02-23,1191.67
9671,42346,2024-04-05,403.53
9672,37521,2024-03-26,119.36
9673,21073,2024-01-20,354.54
9674,48685,2024-03-31,648.7
9675,1452,2024-03-22,423.19
9676,1502,2024-01-16,1105.56
9677,42279,2024-02-21,1200.63
9678,35533,2024-02-23,421.51
9679,42306,2024-03-14,461.44
9680,2636,2024-01-03,875.3
9681,31112,2024-02-15,1148.57
9682,37914,2024-02-20,1442.3
9683,44288,2024-01-29,506.78
9684,43930,2024-03-19,1373.72
9685,47509,2024-03-08,338.1
9686,45359,2024-03-02,138.31
9687,45670,2024-02-12,1205.34
9688,13452,2024-02-10,759.63
9689,25951,2024-01-22,189.14
9690,19578,2024-01-31,180.97
9691,48565,2024-02-24,99.34
9692,31015,2024-01-15,514.98
9693,40491,2024-03-02,1124.22
9694,27755,2024-03-04,1024.75
9695,41667,2024-02-16,1499.53
9696,20686,2024-03-24,923.38
9697,40508,2024-03-21,236.87
9698,42385,2024-03-14,1469.47
9699,37755,2024-01-23,1064.02
9700,14294,2024-01-07,611.13
9701,27403,2024-01-13,430.73
9702,16876,2024-04-05,395.48
9703,48254,2024-04-03,1437.85
9704,5176,2024-02-27,675.58
9705,3316,2024-02-26,771.27
9706,46336,2024-03-17,1268.26
9707,8414,2024-02-19,1448.69
9708,11197,2024-02-11,86.24
9709,21413,2024-03-18,1486.15
9710,13658,2024-01-03,187.16
9711,2232,2024-03-24,1268.31
9712,4467,2024-01-30,1429.45
9713,49107,2024-02-25,876.78
9714,18593,2024-03-27,863.43
9715,3704,2024-02-17,1030.0
9716,11101,2024-04-04,581.02
9717,26595,2024-02-08,315.44
9718,30491,2024-03-30,174.31
9719,47847,2024-03-08,1331.16
9720,44175,2024-03-08,857.21
9721,1885,2024-03-09,1065.58
9722,458,2024-01-17,551.51
9723,32349,2024-01-26,1225.95
9724,20833,2024-02-19,576.89
9725,16621,2024-02-26,122.26
9726,589,2024-03-29,558.4
9727,42771,2024-01-20,1287.46
9728,16180,2024-02-21,1323.76
9729,22877,2024-03-16,1407.3
9730,30705,2024-01-06,789.26
9731,6099,2024-03-19,1438.36
9732,45926,2024-02-24,788.83
9733,1345,2024-02-27,298.56
9734,469,2024-03-04,792.89
9735,47124,2024-03-10,1313.43
9736,49008,2024-03-07,1195.68
9737,43702,2024-04-02,696.36
9738,12354,2024-02-29,381.81
9739,6302,2024-03-08,905.19
9740,44276,2024-02-08,1402.34
9741,15667,2024-01-30,332.04
9742,16299,2024-02-12,1254.4
9743,20586,2024-01-30,289.2
9744,3290,2024-02-27,1385.83
9745,42104,2024-01-20,1064.42
9746,4402,2024-03-17,235.04
9747,10124,2024-04-06,367.44
9748,27228,2024-02-12,1396.23
9749,13400,2024-03-27,800.74
9750,15698,2024-01-25,723.96
9751,19677,2024-02-08,162.75
9752,10391,2024-01-27,199.34
9753,16267,2024-01-06,1062.14
9754,2827,2024-01-28,1183.25
9755,20575,2024-03-24,1311.15
9756,8375,2024-03-12,793.99
9757,27513,2024-03-11,546.57
9758,40581,2024-02-01,968.24
9759,30659,2024-01-22,958.81
9760,29872,2024-02-22,129.23
9761,16324,2024-02-22,1413.1
9762,35543,2024-04-03,992.44
9763,24902,2024-03-06,89.19
9764,2994,2024-03-08,1442.68
9765,48981,2024-01-31,1432.76
9766,11575,2024-01-27,1423.21
9767,2089,2024-01-24,1342.24
9768,26153,2024-03-23,342.18
9769,27736,2024-02-12,1467.59
9770,29095,2024-01-26,1161.94
9771,23838,2024-03-30,989.87
9772,35980,2024-03-24,1418.59
9773,22918,2024-03-21,621.14
9774,26464,2024-02-22,1402.54
9775,29357,2024-01-17,940.07
9776,12946,2024-01-25,902.6
9777,9114,2024-01-22,997.25
9778,23826,2024-03-27,1150.91
9779,20187,2024-03-19,711.79
9780,36620,2024-01-13,1472.46
9781,10762,2024-02-27,205.7
9782,12947,2024-03-05,1377.63
9783,49638,2024-03-25,1013.54
9784,29286,2024-02-07,1372.08
9785,25337,2024-02-13,603.64
9786,3548,2024-02-23,1257.18
9787,10649,2024-01-30,954.7
9788,27219,2024-02-09,1260.17
9789,20832,2024-02-05,541.53
9790,29280,2024-03-12,1382.57
9791,21667,2024-01-22,1392.42
9792,33798,2024-02-20,754.25
9793,13540,2024-04-02,648.45
9794,24197,2024-02-20,896.78
9795,20756,2024-02-11,364.26
9796,13316,2024-02-18,784.62
9797,11807,2024-03-19,1353.49
9798,21168,2024-01-06,598.55
9799,32802,2024-01-30,1125.19
9800,20293,2024-02-18,964.83
9801,36205,2024-03-18,451.17
9802,10610,2024-03-31,835.11
9803,12784,2024-04-04,1290.68
9804,15567,2024-01-28,867.98
9805,36996,2024-02-10,1069.52
9806,24502,2024-03-08,1181.05
9807,27952,2024-01-27,150.15
9808,12125,2024-03-15,152.78
9809,16887,2024-03-24,243.24
9810,13498,2024-03-22,311.46
9811,4011,2024-02-27,1232.25
9812,15806,2024-03-03,698.53
9813,7497,2024-03-12,343.07
9814,41525,2024-03-11,835.16
9815,15481,2024-03-21,1163.94
9816,45669,2024-02-14,278.89
9817,1993,2024-03-23,569.05
9818,40969,2024-01-26,356.01
9819,9098,2024-03-04,997.85
9820,27848,2024-02-29,274.31
9821,21128,2024-02-27,1189.16
9822,19683,2024-04-01,375.11
9823,26056,2024-04-07,163.21
9824,18522,2024-02-01,1373.43
9825,5580,2024-01-13,553.16
9826,45819,2024-01-20,793.9
9827,8892,2024-03-21,223.41
9828,30236,2024-01-24,760.84
9829,8250,2024-01-28,396.04
9830,21838,2024-01-15,1273.34
9831,34010,2024-03-18,1093.53
9832,28125,2024-01-07,1021.89
9833,1424,2024-02-09,1189.39
9834,437,2024-03-16,497.08
9835,13085,2024-03-14,724.18
9836,45222,2024-02-02,202.93
9837,33979,2024-03-25,176.25
9838,37189,2024-03-22,547.31
9839,31525,2024-02-26,1248.3
9840,14340,2024-03-29,928.68
9841,41222,2024-01-09,682.8
9842,7239,2024-02-09,1453.13
9843,44197,2024-03-04,707.88
9844,20913,2024-02-08,745.81
9845,23965,2024-02-02,1489.39
9846,34114,2024-03-01,266.54
9847,43169,2024-03-29,442.97
9848,43762,2024-02-11,723.7
9849,43061,2024-01-31,891.23
9850,5643,2024-02-14,290.28
9851,2744,2024-03-11,546.93
9852,7248,2024-01-27,392.77
9853,26375,2024-01-25,1286.85
9854,26127,2024-01-12,1265.16
9855,24348,2024-01-10,420.57
9856,32556,2024-02-01,697.6
9857,30910,2024-01-15,1005.33
9858,31676,2024-01-25,148.39
9859,22238,2024-01-16,1334.72
9860,1566,2024-01-20,805.65
9861,16182,2024-03-24,401.69
9862,12230,2024-01-16,643.39
9863,49330,2024-04-07,1360.37
9864,42008,2024-02-10,115.19
9865,18849,2024-02-05,282.76
9866,21195,2024-02-19,353.69
9867,3773,2024-03-23,165.36
9868,5854,2024-02-25,399.86
9869,11542,2024-03-24,1240.36
9870,35463,2024-03-07,828.45
9871,26679,2024-01-31,939.71
9872,33421,2024-03-10,301.36
9873,30410,2024-02-23,475.21
9874,11813,2024-01-12,1382.83
9875,45920,2024-02-14,378.82
9876,7726,2024-02-21,1367.58
9877,21334,2024-01-04,1021.76
9878,31592,2024-02-26,793.94
9879,49065,2024-02-27,327.01
9880,37566,2024-03-15,1036.51
9881,22903,2024-03-24,1338.68
9882,48302,2024-03-31,306.89
9883,15518,2024-02-25,88.77
9884,48000,2024-02-26,1130.89
9885,30607,2024-03-25,932.65
9886,13977,2024-01-11,794.38
9887,29924,2024-03-02,727.59
9888,26788,2024-01-19,786.59
9889,43810,2024-02-23,611.91
9890,18193,2024-02-03,196.91
9891,37485,2024-02-26,1181.53
9892,5130,2024-01-23,744.32
9893,47289,2024-02-24,1251.44
9894,32351,2024-03-31,1474.75
9895,38062,2024-01-12,323.89
9896,18556,2024-03-30,1206.75
9897,3243,2024-03-13,1468.08
9898,41268,2024-03-16,1108.7
9899,29682,2024-03-24,429.28
9900,49870,2024-03-15,1353.01
9901,45871,2024-01-24,1206.38
9902,5145,2024-02-12,718.02
9903,31333,2024-03-03,893.05
9904,23797,2024-02-29,1105.13
9905,980,2024-02-08,256.82
9906,28746,2024-01-19,1396.32
9907,37010,2024-03-10,1482.17
9908,11916,2024-02-01,549.36
9909,46559,2024-02-20,1095.42
9910,43681,2024-02-12,678.25
9911,6283,2024-02-24,119.38
9912,15972,2024-03-04,1441.38
9913,29450,2024-03-14,282.1
9914,18454,2024-02-20,186.42
9915,41300,2024-01-24,1268.81
9916,5673,2024-01-17,128.09
9917,9977,2024-03-12,1056.8
9918,29215,2024-01-19,1400.71
9919,11620,2024-03-31,656.78
9920,7587,2024-04-05,177.06
9921,20346,2024-02-08,389.98
9922,47401,2024-03-16,1426.62
9923,45692,2024-03-09,740.85
9924,31058,2024-02-08,848.73
9925,45527,2024-01-21,301.61
9926,11263,2024-03-03,1383.58
9927,21490,2024-03-06,814.33
9928,16080,2024-03-29,830.98
9929,20987,2024-03-31,897.99
9930,32109,2024-02-27,1169.67
9931,28190,2024-03-13,368.19
9932,12001,2024-03-26,1418.11
9933,18286,2024-02-01,329.08
9934,3075,2024-03-26,360.33
9935,1079,2024-04-12,97.62
9936,10500,2024-03-29,107.95
9937,17371,2024-02-03,688.96
9938,48767,2024-02-19,339.82
9939,5666,2024-03-04,380.9
9940,2990,2024-01-16,1482.86
9941,28736,2024-01-04,1399.63
9942,45555,2024-01-30,537.88
9943,12488,2024-03-12,567.28
9944,2815,2024-02-01,494.78
9945,7517,2024-03-03,1332.77
9946,18680,2024-02-03,219.57
9947,17955,2024-03-23,909.4
9948,962,2024-01-13,344.55
9949,30929,2024-03-25,1156.58
9950,1792,2024-03-30,976.53
9951,48391,2024-01-26,630.74
9952,4394,2024-03-10,219.31
9953,22824,2024-02-03,1169.72
9954,40144,2024-03-07,189.39
9955,24016,2024-02-24,468.71
9956,25805,2024-01-12,440.18
9957,5750,2024-02-05,901.51
9958,35438,2024-03-08,809.5
9959,25375,2024-02-05,477.23
9960,11548,2024-03-11,691.13
9961,32997,2024-03-28,699.64
9962,39909,2024-02-07,894.45
9963,18315,2024-04-06,1355.5
9964,49926,2024-02-11,281.54
9965,4263,2024-02-28,871.93
9966,46757,2024-03-20,106.1
9967,1801,2024-02-20,1071.47
9968,18520,2024-01-13,989.36
9969,35825,2024-02-11,1065.5
9970,40152,2024-03-06,754.42
9971,22329,2024-03-01,345.34
9972,49240,2024-02-16,716.28
9973,33674,2024-01-28,113.51
9974,32274,2024-03-03,621.64
9975,34146,2024-03-18,1270.78
9976,9234,2024-01-24,560.79
9977,44245,2024-02-04,920.29
9978,29240,2024-03-01,450.78
9979,17203,2024-01-21,270.59
9980,42409,2024-01-21,819.71
9981,46841,2024-01-12,130.79
9982,40111,2024-01-29,1364.36
9983,48483,2024-01-22,1183.6
9984,38855,2024-01-23,1497.05
9985,6943,2024-02-22,1490.32
9986,35048,2024-02-23,1115.16
9987,29508,2024-02-01,1182.9
9988,33985,2024-01-24,829.89
9989,47734,2024-01-24,390.33
9990,5326,2024-01-30,1227.94
9991,29599,2024-03-31,462.96
9992,43516,2024-03-09,1002.98
9993,15833,2024-01-31,1117.85
9994,37693,2024-03-24,881.29
9995,26860,2024-01-17,1021.07
9996,28568,2024-01-28,495.93
9997,25080,2024-02-21,1159.93
9998,18708,2024-01-26,1419.84
9999,15201,2024-03-14,767.29
10000,5858,2024-01-14,251.79
10001,39088,2024-01-24,960.0
10002,30894,2024-03-05,564.81
10003,45279,2024-02-22,675.13
10004,16399,2024-03-21,295.31
10005,13654,2024-03-25,968.62
10006,13749,2024-01-21,1197.89
10007,23966,2024-01-15,1168.34
10008,45553,2024-01-16,1491.31
10009,30220,2024-03-27,381.32
10010,24080,2024-02-05,1378.08
10011,12182,2024-03-13,1120.32
10012,21849,2024-01-13,1084.63
10013,14291,2024-02-13,1050.94
10014,24756,2024-03-05,844.48
10015,35014,2024-02-01,617.68
10016,15362,2024-03-04,1419.55
10017,48039,2024-03-21,294.54
10018,36312,2024-01-30,329.89
10019,30240,2024-03-23,103.73
10020,7196,2024-03-13,1129.93
10021,3580,2024-01-20,1349.46
10022,36148,2024-01-19,344.18
10023,34096,2024-02-19,128.88
10024,10442,2024-03-27,426.63
10025,16308,2024-02-20,1334.81
10026,4205,2024-03-31,102.98
10027,6958,2024-03-08,223.64
10028,9164,2024-02-15,115.48
10029,20628,2024-03-09,1419.27
10030,17568,2024-01-23,272.41
10031,14833,2024-01-13,1358.59
10032,27030,2024-02-14,752.28
10033,44198,2024-01-18,640.7
10034,2,2024-03-09,685.65
10035,35450,2024-01-14,674.51
10036,30904,2024-01-08,565.26
10037,7649,2024-02-12,1231.34
10038,4218,2024-02-11,801.35
10039,10475,2024-02-15,1487.19
10040,1186,2024-01-15,815.24
10041,46702,2024-03-26,1242.23
10042,26827,2024-02-06,1138.04
10043,12091,2024-01-22,649.57
10044,5387,2024-03-15,1199.86
10045,17352,2024-03-15,300.05
10046,18845,2024-01-03,368.75
10047,28817,2024-02-16,958.81
10048,43053,2024-02-15,1090.42
10049,11348,2024-03-10,994.24
10050,42803,2024-03-27,803.41
10051,3980,2024-02-26,275.4
10052,7091,2024-01-20,609.32
10053,21600,2024-01-05,938.95
10054,34265,2024-01-19,401.02
10055,17931,2024-02-13,985.73
10056,41959,2024-02-14,412.68
10057,25485,2024-03-01,218.96
10058,21028,2024-03-24,540.56
10059,29094,2024-04-08,467.31
10060,24609,2024-01-14,1230.83
10061,44988,2024-03-06,766.73
10062,24543,2024-02-25,170.94
10063,24879,2024-01-08,1238.11
10064,18529,2024-01-16,461.54
10065,40248,2024-03-31,886.38
10066,7105,2024-02-05,848.96
10067,11490,2024-03-14,1459.65
10068,16073,2024-04-09,442.01
10069,4057,2024-02-13,286.16
10070,42724,2024-02-03,446.96
10071,24038,2024-03-20,898.58
10072,7192,2024-03-11,388.91
10073,35651,2024-02-09,563.47
10074,939,2024-02-11,1014.44
10075,19425,2024-02-08,245.4
10076,18116,2024-03-28,1422.33
10077,31660,2024-02-21,835.94
10078,1073,2024-03-11,766.71
10079,43348,2024-02-26,595.52
10080,35157,2024-03-08,428.84
10081,30666,2024-02-15,766.43
10082,44883,2024-02-11,770.51
10083,40154,2024-01-18,159.69
10084,42524,2024-03-06,1283.29
10085,16064,2024-01-25,1245.48
10086,34409,2024-02-25,715.89
10087,13656,2024-02-12,558.19
10088,45251,2024-03-16,788.48
10089,28136,2024-01-20,394.44
10090,17268,2024-02-18,81.2
10091,29672,2024-02-18,583.11
10092,28773,2024-01-12,105.57
10093,91,2024-01-20,137.8
10094,44128,2024-02-04,121.85
10095,26460,2024-03-16,1329.68
10096,49623,2024-01-07,283.92
10097,41141,2024-03-12,441.16
10098,11417,2024-01-28,776.18
10099,35989,2024-04-01,831.62
10100,499,2024-04-09,253.34
10101,22365,2024-02-13,1371.51
10102,35937,2024-01-27,408.14
10103,28244,2024-04-11,1418.48
10104,37230,2024-03-28,444.76
10105,15911,2024-02-29,83.68
10106,20851,2024-04-05,1460.04
10107,46506,2024-01-13,766.88
10108,29292,2024-03-12,1327.83
10109,30502,2024-03-08,1122.77
10110,5146,2024-03-23,334.21
10111,36138,2024-01-15,1280.28
10112,27391,2024-02-01,152.53
10113,7488,2024-03-29,800.73
10114,33924,2024-01-22,440.84
10115,24787,2024-03-06,593.45
10116,12489,2024-01-11,1154.98
10117,27744,2024-03-06,1050.4
10118,12957,2024-02-06,704.92
10119,21464,2024-04-03,145.2
10120,6494,2024-03-26,136.68
10121,29116,2024-02-07,1077.13
10122,47311,2024-02-14,1427.34
10123,37859,2024-02-10,1283.12
10124,31566,2024-03-23,253.5
10125,41202,2024-02-07,252.14
10126,28827,2024-01-12,946.95
10127,4646,2024-01-23,1013.81
10128,27092,2024-03-24,955.41
10129,25640,2024-01-10,1337.26
10130,31245,2024-01-20,408.03
10131,48650,2024-03-01,324.66
10132,5758,2024-03-28,1378.12
10133,41436,2024-03-15,1105.45
10134,28801,2024-04-03,1090.65
10135,19883,2024-02-06,556.24
10136,6141,2024-03-22,971.58
10137,6913,2024-03-06,1111.92
10138,10521,2024-03-16,932.39
10139,11533,2024-02-14,1125.43
10140,48957,2024-02-05,917.87
10141,40407,2024-01-26,1474.49
10142,20590,2024-01-17,778.64
10143,46433,2024-02-18,97.71
10144,7362,2024-03-31,311.95
10145,20073,2024-02-19,1449.1
10146,1458,2024-02-10,746.72
10147,5202,2024-01-26,251.14
10148,42217,2024-02-14,301.26
10149,14512,2024-03-07,121.11
10150,36416,2024-01-31,401.4
10151,45531,2024-02-15,1481.04
10152,32441,2024-03-28,546.92
10153,29017,2024-01-29,435.36
10154,1797,2024-03-24,1028.02
10155,21750,2024-03-20,1037.36
10156,46578,2024-02-18,1454.32
10157,3019,2024-02-05,1116.03
10158,33437,2024-03-18,236.15
10159,13372,2024-04-06,1479.55
10160,15648,2024-02-07,1145.34
10161,19259,2024-03-11,448.09
10162,17433,2024-01-18,450.9
10163,21369,2024-04-03,1443.2
10164,32828,2024-01-26,353.54
10165,12213,2024-02-23,403.17
10166,6704,2024-02-09,589.68
10167,35537,2024-02-12,1044.85
10168,44951,2024-04-10,690.21
10169,15031,2024-03-24,522.0
10170,2646,2024-02-26,460.03
10171,21795,2024-01-31,257.64
10172,15781,2024-02-29,855.68
10173,187,2024-03-18,468.25
10174,43431,2024-01-19,550.71
10175,8107,2024-04-03,91.07
10176,2167,2024-03-05,834.36
10177,6317,2024-03-06,1068.92
10178,32535,2024-02-05,1397.1
10179,11399,2024-01-27,359.92
10180,13131,2024-02-21,1385.49
10181,49385,2024-03-02,592.81
10182,30283,2024-02-06,1219.4
10183,24129,2024-01-31,1353.46
10184,45629,2024-03-12,1445.14
10185,49153,2024-03-05,542.13
10186,27558,2024-01-14,449.84
10187,4933,2024-04-05,704.18
10188,281,2024-01-11,867.61
10189,20967,2024-02-01,1060.72
10190,20095,2024-01-28,1062.47
10191,28566,2024-01-21,245.64
10192,39719,2024-03-03,948.78
10193,11098,2024-03-12,318.37
10194,29138,2024-02-03,1090.14
10195,39068,2024-03-31,1466.74
10196,28487,2024-02-22,1174.68
10197,3724,2024-02-18,1066.52
10198,24960,2024-03-01,190.03
10199,33351,2024-01-31,342.18
10200,30776,2024-01-27,584.44
10201,3282,2024-02-28,1405.54
10202,44438,2024-03-26,549.87
10203,10492,2024-02-09,1235.56
10204,12540,2024-03-03,227.33
10205,7733,2024-01-18,1020.04
10206,43646,2024-02-12,1186.33
10207,31387,2024-01-25,850.95
10208,9702,2024-03-02,1168.92
10209,25422,2024-02-15,1107.6
10210,16949,2024-02-13,757.31
10211,6320,2024-02-13,1309.04
10212,10119,2024-01-17,565.11
10213,17817,2024-02-07,684.08
10214,2846,2024-02-18,846.6
10215,20871,2024-02-04,265.59
10216,15542,2024-03-25,811.75
10217,41230,2024-03-31,540.24
10218,3579,2024-01-14,444.47
10219,30924,2024-01-20,899.11
10220,38041,2024-01-12,548.04
10221,14024,2024-01-28,1294.82
10222,41881,2024-03-08,662.17
10223,29881,2024-01-31,666.51
10224,683,2024-02-23,1474.36
10225,25619,2024-01-28,564.97
10226,4231,2024-03-04,266.71
10227,5936,2024-02-27,1324.75
10228,30234,2024-03-27,1382.14
10229,12900,2024-03-27,401.56
10230,16285,2024-03-26,1332.55
10231,5002,2024-02-26,782.27
10232,2924,2024-03-21,141.67
10233,21241,2024-03-08,859.34
10234,18095,2024-03-30,1285.26
10235,49719,2024-01-29,643.24
10236,2692,2024-03-18,862.42
10237,7828,2024-01-27,279.67
10238,4812,2024-02-06,1275.92
10239,36511,2024-01-16,231.78
10240,3447,2024-02-06,214.09
10241,28347,2024-03-17,1405.65
10242,41779,2024-02-25,1320.33
10243,8157,2024-04-07,896.32
10244,18766,2024-02-17,230.74
10245,17474,2024-01-07,855.3
10246,27184,2024-03-10,1387.17
10247,39560,2024-03-19,949.54
10248,44925,2024-03-08,361.5
10249,44415,2024-03-14,1366.28
10250,48324,2024-01-03,1308.95
10251,28782,2024-01-18,856.15
10252,44440,2024-03-15,1290.19
10253,44114,2024-02-19,160.03
10254,48930,2024-02-05,734.88
10255,1232,2024-02-15,332.89
10256,7752,2024-02-27,1269.31
10257,109,2024-01-18,1459.09
10258,40331,2024-01-07,1401.59
10259,22515,2024-04-02,794.75
10260,14147,2024-02-18,805.62
10261,16840,2024-02-21,1369.68
10262,48570,2024-02-09,1104.88
10263,3530,2024-01-16,185.94
10264,3111,2024-01-08,262.24
10265,23598,2024-04-02,1431.45
10266,19754,2024-02-09,599.56
10267,23130,2024-03-25,346.05
10268,45216,2024-01-19,1124.46
10269,24900,2024-03-29,1329.16
10270,38978,2024-03-03,373.31
10271,35828,2024-03-17,437.04
10272,48853,2024-01-25,1357.92
10273,33473,2024-03-29,98.7
10274,37984,2024-01-05,1369.29
10275,12499,2024-02-13,135.75
10276,37633,2024-02-11,215.47
10277,1397,2024-01-27,1304.43
10278,12359,2024-02-07,432.76
10279,44375,2024-02-10,399.07
10280,47997,2024-02-27,1278.66
10281,18422,2024-01-14,849.92
10282,15558,2024-01-09,577.88
10283,3142,2024-03-08,1094.21
10284,49219,2024-01-15,1229.84
10285,49183,2024-02-23,1305.13
10286,46546,2024-03-22,249.48
10287,16865,2024-03-31,907.21
10288,7337,2024-01-22,1043.07
10289,25146,2024-02-19,245.39
10290,34438,2024-03-28,946.38
10291,4290,2024-02-22,125.35
10292,38066,2024-02-29,565.03
10293,6664,2024-01-05,324.26
10294,36963,2024-04-04,876.91
10295,36711,2024-01-28,351.35
10296,17737,2024-03-04,1200.58
10297,3203,2024-02-25,252.03
10298,45848,2024-03-10,1156.12
10299,46889,2024-02-29,220.45
10300,41454,2024-02-08,708.2
10301,28056,2024-01-16,1071.92
10302,36872,2024-03-30,309.28
10303,30376,2024-03-12,1148.33
10304,8289,2024-03-21,1433.84
10305,33598,2024-01-20,610.23
10306,17835,2024-04-03,80.26
10307,35233,2024-01-28,757.1
10308,2324,2024-01-15,1361.47
10309,34823,2024-01-25,1024.31
10310,31489,2024-02-09,1078.67
10311,38009,2024-03-10,1205.3
10312,36664,2024-03-21,1369.65
10313,39036,2024-01-14,257.22
10314,37973,2024-02-18,918.1
10315,24736,2024-03-14,1343.42
10316,6754,2024-02-25,1181.76
10317,8481,2024-01-15,433.5
10318,10422,2024-01-18,1321.94
10319,42518,2024-01-06,497.63
10320,19909,2024-01-18,663.46
10321,16171,2024-03-17,343.61
10322,46874,2024-02-06,1337.02
10323,15382,2024-04-08,212.08
10324,42218,2024-01-07,1491.63
10325,42371,2024-04-01,546.73
10326,24857,2024-02-10,1089.35
10327,26700,2024-01-21,262.79
10328,35398,2024-03-31,772.77
10329,34128,2024-03-17,136.99
10330,4547,2024-03-09,1327.33
10331,43237,2024-02-02,713.93
10332,33282,2024-02-16,1134.71
10333,43744,2024-03-07,1350.21
10334,6150,2024-03-10,177.41
10335,10689,2024-02-29,806.25
10336,42708,2024-03-14,349.15
10337,44466,2024-01-27,177.99
10338,38933,2024-02-04,963.29
10339,8633,2024-03-23,242.02
10340,49280,2024-03-15,778.55
10341,19335,2024-04-02,359.62
10342,34665,2024-02-05,360.76
10343,13048,2024-03-13,822.65
10344,17596,2024-02-12,868.65
10345,24014,2024-01-04,84.94
10346,33193,2024-03-16,791.09
10347,39496,2024-03-22,1031.05
10348,42393,2024-03-17,1043.49
10349,27206,2024-01-29,1286.83
10350,19328,2024-02-13,1351.33
10351,1324,2024-01-25,964.46
10352,17083,2024-03-08,764.2
10353,34622,2024-02-05,369.83
10354,29781,2024-03-09,260.0
10355,41953,2024-02-02,944.92
10356,24596,2024-03-20,1424.15
10357,10352,2024-01-23,475.07
10358,14077,2024-03-29,221.22
10359,609,2024-03-09,681.88
10360,49584,2024-03-07,80.69
10361,41119,2024-01-18,866.08
10362,15259,2024-02-08,150.26
10363,41763,2024-02-28,1401.97
10364,16791,2024-02-01,1315.3
10365,32311,2024-01-29,243.16
10366,30071,2024-03-08,288.59
10367,37430,2024-02-05,1433.9
10368,17920,2024-03-03,1235.24
10369,49006,2024-02-18,1417.67
10370,384,2024-02-08,554.99
10371,15332,2024-03-04,237.56
10372,39310,2024-02-21,953.85
10373,22849,2024-03-30,1452.72
10374,12782,2024-01-10,264.55
10375,14525,2024-03-19,1242.83
10376,29006,2024-02-08,590.65
10377,24640,2024-01-29,244.02
10378,13833,2024-01-08,731.83
10379,42400,2024-02-03,774.0
10380,476,2024-03-10,92.9
10381,36801,2024-03-10,753.72
10382,18373,2024-01-21,999.42
10383,24107,2024-03-28,1165.82
10384,26759,2024-01-18,219.95
10385,1468,2024-02-22,1324.68
10386,46224,2024-02-03,318.2
10387,6725,2024-03-28,1014.77
10388,14019,2024-03-13,864.74
10389,14020,2024-02-28,1329.61
10390,37665,2024-02-26,134.88
10391,17463,2024-01-31,352.02
10392,34019,2024-02-02,253.19
10393,8123,2024-01-16,545.12
10394,14401,2024-03-16,561.16
10395,7601,2024-02-18,205.83
10396,36898,2024-02-28,810.34
10397,44430,2024-04-07,245.07
10398,47766,2024-01-26,185.58
10399,3304,2024-04-09,127.1
10400,6343,2024-02-28,1399.38
10401,23557,2024-01-30,643.37
10402,15465,2024-02-14,482.83
10403,924,2024-03-02,764.83
10404,20459,2024-03-22,303.92
10405,3602,2024-04-07,656.74
10406,39665,2024-03-28,350.57
10407,3876,2024-02-06,512.24
10408,6869,2024-03-27,1392.39
10409,7029,2024-01-29,291.15
10410,34520,2024-01-22,752.86
10411,4347,2024-02-24,1018.42
10412,42203,2024-01-17,1383.56
10413,20904,2024-01-03,1390.68
10414,41873,2024-01-31,431.11
10415,8542,2024-01-14,1419.28
10416,6007,2024-03-21,550.57
10417,15405,2024-03-26,1350.79
10418,23729,2024-02-15,212.35
10419,39783,2024-03-11,361.66
10420,11403,2024-02-04,192.18
10421,40076,2024-01-20,504.62
10422,30390,2024-02-28,1320.87
10423,2626,2024-02-10,306.16
10424,40572,2024-02-22,399.28
10425,16719,2024-03-14,386.98
10426,39071,2024-02-25,470.07
10427,14882,2024-03-20,106.53
10428,24627,2024-02-28,681.86
10429,45887,2024-02-01,1466.34
10430,39563,2024-03-25,716.28
10431,39571,2024-02-08,1234.94
10432,22176,2024-02-23,891.43
10433,14665,2024-03-22,101.13
10434,20736,2024-01-25,911.42
10435,18939,2024-02-16,1424.05
10436,33114,2024-02-19,865.98
10437,41688,2024-02-02,829.66
10438,47225,2024-03-15,1031.72
10439,18350,2024-03-24,1316.66
10440,32615,2024-03-14,881.95
10441,41824,2024-02-06,657.14
10442,5785,2024-02-04,132.65
10443,47762,2024-02-12,237.71
10444,43475,2024-01-29,1001.18
10445,27997,2024-02-02,958.89
10446,7990,2024-04-03,419.42
10447,24047,2024-01-27,1100.87
10448,37659,2024-03-21,477.13
10449,2358,2024-01-16,513.06
10450,48587,2024-03-16,167.18
10451,49351,2024-04-09,861.4
10452,1399,2024-01-21,488.53
10453,30360,2024-02-27,1242.89
10454,15275,2024-01-23,1218.08
10455,43314,2024-02-06,262.39
10456,13502,2024-03-06,307.19
10457,9280,2024-03-04,535.81
10458,38055,2024-02-25,904.81
10459,35521,2024-02-04,566.37
10460,41308,2024-02-10,577.36
10461,48423,2024-03-11,278.89
10462,38629,2024-01-11,556.55
10463,37468,2024-04-11,747.98
10464,16901,2024-02-08,1478.3
10465,18440,2024-03-24,1269.91
10466,40812,2024-01-31,1206.03
10467,471,2024-02-27,874.95
10468,17019,2024-03-21,591.33
10469,33442,2024-03-17,1296.86
10470,9039,2024-02-24,573.35
10471,32851,2024-03-19,921.77
10472,42368,2024-02-17,445.19
10473,42220,2024-02-11,1182.5
10474,14972,2024-03-31,810.64
10475,45350,2024-03-26,1351.14
10476,7970,2024-01-14,887.84
10477,39258,2024-02-16,313.31
10478,46279,2024-02-11,1489.99
10479,46593,2024-02-09,792.79
10480,31455,2024-02-28,436.01
10481,22418,2024-03-27,547.58
10482,13927,2024-03-31,252.15
10483,37402,2024-02-01,185.0
10484,43738,2024-03-21,719.8
10485,30780,2024-02-22,1431.66
10486,3644,2024-02-02,254.63
10487,9725,2024-03-27,1361.87
10488,33615,2024-01-16,1211.36
10489,27845,2024-02-22,1225.13
10490,34915,2024-03-09,1088.13
10491,8502,2024-02-26,920.41
10492,9393,2024-01-23,252.37
10493,3249,2024-04-01,897.43
10494,8914,2024-02-03,579.81
10495,10428,2024-02-24,229.53
10496,27039,2024-02-20,1221.44
10497,25238,2024-03-14,856.1
10498,25928,2024-03-29,1137.84
10499,38179,2024-02-24,760.9
10500,17181,2024-04-05,863.44
10501,10073,2024-02-09,1091.53
10502,32149,2024-03-21,430.66
10503,33137,2024-02-19,1282.81
10504,41097,2024-01-17,677.75
10505,11633,2024-02-14,1086.05
10506,18045,2024-04-04,543.03
10507,182,2024-03-17,1077.51
10508,9207,2024-01-25,141.8
10509,13661,2024-03-02,1399.55
10510,49199,2024-03-17,1197.39
10511,23924,2024-02-13,1024.02
10512,14767,2024-01-31,539.91
10513,1144,2024-02-21,1276.47
10514,29226,2024-03-16,1170.11
10515,19486,2024-01-29,723.38
10516,44867,2024-03-16,360.38
10517,37959,2024-03-15,329.23
10518,20022,2024-01-17,773.24
10519,38220,2024-03-29,1192.44
10520,40064,2024-03-22,1094.54
10521,46918,2024-01-08,780.86
10522,24698,2024-01-16,370.29
10523,13646,2024-03-08,419.71
10524,37894,2024-03-13,161.85
10525,30389,2024-03-09,331.05
10526,1009,2024-01-28,98.12
10527,33453,2024-02-15,1037.78
10528,37176,2024-02-03,915.3
10529,24363,2024-02-14,1482.9
10530,16065,2024-03-25,1163.14
10531,8148,2024-02-11,429.66
10532,48372,2024-01-12,1085.21
10533,18822,2024-03-23,97.28
10534,40310,2024-02-03,1480.34
10535,25099,2024-02-26,952.5
10536,10309,2024-03-05,249.93
10537,41326,2024-01-23,787.9
10538,23588,2024-02-12,1415.67
10539,13444,2024-02-15,1286.57
10540,46796,2024-02-20,504.46
10541,35824,2024-02-12,642.53
10542,45303,2024-02-06,1292.05
10543,20668,2024-01-14,1358.02
10544,35111,2024-03-07,1378.73
10545,33505,2024-03-16,1426.0
10546,37965,2024-02-14,790.77
10547,12737,2024-03-28,1303.36
10548,10609,2024-04-01,572.7
10549,21454,2024-04-02,1270.11
10550,4286,2024-03-09,573.4
10551,37496,2024-01-21,943.81
10552,41500,2024-03-05,745.22
10553,37441,2024-03-31,1347.97
10554,33208,2024-03-12,174.46
10555,1624,2024-02-15,1427.29
10556,38431,2024-03-04,736.17
10557,43779,2024-01-03,763.58
10558,8135,2024-04-12,1255.5
10559,29538,2024-01-16,1025.98
10560,9738,2024-03-02,1434.27
10561,17211,2024-01-14,856.19
10562,7610,2024-04-07,873.29
10563,20624,2024-01-08,1459.82
10564,31348,2024-01-25,1395.55
10565,16468,2024-03-30,376.34
10566,25418,2024-03-05,515.86
10567,26560,2024-03-11,967.98
10568,2878,2024-04-01,1413.91
10569,24434,2024-01-17,879.97
10570,43715,2024-01-10,1120.61
10571,44229,2024-02-15,213.48
10572,34576,2024-02-17,822.13
10573,40895,2024-01-11,289.59
10574,6111,2024-03-14,450.1
10575,30072,2024-01-19,316.15
10576,4920,2024-04-01,315.6
10577,23603,2024-02-17,1488.22
10578,38567,2024-03-01,503.51
10579,38520,2024-03-16,882.99
10580,43736,2024-01-18,108.52
10581,41049,2024-01-27,1225.07
10582,10179,2024-01-30,1045.92
10583,47492,2024-03-19,404.87
10584,35020,2024-01-09,131.21
10585,3705,2024-01-29,469.91
10586,26849,2024-03-04,972.58
10587,49627,2024-03-26,101.59
10588,22255,2024-01-17,187.01
10589,12839,2024-01-23,661.27
10590,39270,2024-01-30,329.92
10591,31342,2024-04-09,977.17
10592,33037,2024-03-08,328.02
10593,31228,2024-03-27,1490.93
10594,2260,2024-01-18,698.85
10595,1336,2024-04-09,290.61
10596,44091,2024-04-13,184.84
10597,12574,2024-01-25,677.2
10598,9233,2024-04-06,1228.91
10599,13421,2024-02-04,703.15
10600,26638,2024-03-25,280.33
10601,47828,2024-02-22,773.97
10602,27523,2024-01-11,559.07
10603,2454,2024-02-15,792.65
10604,14000,2024-02-04,635.41
10605,22599,2024-02-14,1000.0
10606,42517,2024-03-25,1221.15
10607,34072,2024-01-09,1338.76
10608,47040,2024-03-23,1132.63
10609,37895,2024-01-16,584.13
10610,18327,2024-03-09,716.81
10611,35566,2024-01-27,991.31
10612,18597,2024-04-03,392.16
10613,44019,2024-03-28,1076.5
10614,28853,2024-02-15,1002.7
10615,5039,2024-03-10,1012.21
10616,28823,2024-03-06,553.32
10617,23788,2024-02-29,934.22
10618,46906,2024-01-28,360.78
10619,29224,2024-03-04,349.37
10620,33532,2024-03-10,1171.3
10621,19410,2024-01-17,618.98
10622,36194,2024-01-30,853.33
10623,44586,2024-01-30,495.69
10624,29687,2024-02-01,414.91
10625,4401,2024-03-03,1187.41
10626,29561,2024-01-11,1207.74
10627,42633,2024-03-08,1267.52
10628,15999,2024-02-04,1293.31
10629,25920,2024-02-07,664.16
10630,38097,2024-02-01,1228.73
10631,8673,2024-01-30,571.23
10632,36700,2024-02-21,154.58
10633,46167,2024-02-29,1058.86
10634,40052,2024-04-04,362.52
10635,28632,2024-02-02,721.09
10636,3834,2024-02-01,312.69
10637,22020,2024-04-02,635.98
10638,49428,2024-03-03,1336.51
10639,10060,2024-02-10,950.68
10640,36530,2024-03-25,290.36
10641,18833,2024-03-01,1110.21
10642,47780,2024-03-25,1283.94
10643,38747,2024-01-23,316.28
10644,35244,2024-02-10,1136.62
10645,35418,2024-03-10,859.76
10646,27946,2024-01-18,938.05
10647,30292,2024-02-04,1413.42
10648,1285,2024-03-09,131.92
10649,15533,2024-03-08,987.08
10650,46284,2024-02-12,195.72
10651,26892,2024-03-20,1201.21
10652,36067,2024-01-18,1352.51
10653,11948,2024-02-10,202.87
10654,18651,2024-03-28,116.69
10655,45148,2024-02-16,1437.05
10656,1024,2024-03-07,1395.67
10657,17542,2024-03-04,1391.72
10658,34367,2024-03-04,1414.35
10659,32623,2024-03-30,790.14
10660,34337,2024-01-18,1467.2
10661,7276,2024-03-29,1347.08
10662,23983,2024-03-24,218.68
10663,44486,2024-03-24,1234.05
10664,20808,2024-01-28,1091.67
10665,38768,2024-02-09,270.42
10666,46142,2024-01-11,1127.85
10667,26626,2024-04-05,768.59
10668,42068,2024-02-14,1292.43
10669,6198,2024-02-03,1242.69
10670,48228,2024-01-04,1418.11
10671,26508,2024-03-03,186.9
10672,15084,2024-03-11,1088.55
10673,10891,2024-02-28,615.44
10674,43641,2024-01-23,1181.91
10675,4161,2024-03-29,935.64
10676,19470,2024-02-27,783.72
10677,32271,2024-01-24,86.01
10678,37559,2024-02-02,942.18
10679,40989,2024-03-07,676.94
10680,18143,2024-02-18,552.19
10681,45203,2024-01-24,1484.05
10682,2634,2024-03-05,1074.52
10683,26125,2024-02-12,846.64
10684,32214,2024-01-18,1313.59
10685,34406,2024-03-29,402.48
10686,9138,2024-02-04,960.27
10687,31373,2024-02-08,1302.51
10688,11901,2024-04-06,255.49
10689,4179,2024-03-30,415.25
10690,44059,2024-04-06,197.34
10691,20925,2024-03-27,1489.27
10692,32987,2024-03-05,904.9
10693,551,2024-02-17,775.07
10694,43000,2024-03-14,560.58
10695,41262,2024-02-29,718.22
10696,45855,2024-02-28,1181.72
10697,39404,2024-01-31,1381.74
10698,47794,2024-02-22,229.02
10699,11464,2024-01-19,505.47
10700,37093,2024-03-30,348.56
10701,20296,2024-02-25,698.39
10702,34464,2024-03-29,833.29
10703,28812,2024-01-31,1104.22
10704,29384,2024-03-24,1323.43
10705,13425,2024-01-05,849.82
10706,4950,2024-01-08,774.05
10707,18731,2024-03-16,897.57
10708,3317,2024-04-02,1341.54
10709,31665,2024-04-04,1000.94
10710,37318,2024-03-21,1198.07
10711,21580,2024-02-19,1101.68
10712,25923,2024-03-19,1391.38
10713,41242,2024-02-07,1240.05
10714,13463,2024-02-02,564.51
10715,48502,2024-03-10,1293.2
10716,43224,2024-03-28,743.77
10717,47156,2024-03-18,1283.06
10718,29353,2024-03-06,1366.16
10719,6238,2024-03-31,1053.08
10720,31909,2024-01-31,1100.81
10721,13465,2024-01-19,280.37
10722,3525,2024-02-20,539.86
10723,40672,2024-03-05,871.98
10724,11154,2024-01-22,84.99
10725,48287,2024-03-16,1283.13
10726,44602,2024-02-06,604.66
10727,24589,2024-02-19,1107.23
10728,42053,2024-01-30,1172.4
10729,30095,2024-02-12,858.28
10730,29958,2024-03-31,1202.12
10731,41219,2024-03-11,1049.02
10732,10344,2024-01-12,590.98
10733,41794,2024-04-12,1238.94
10734,41583,2024-02-09,983.2
10735,10843,2024-02-24,307.49
10736,43607,2024-02-22,1177.41
10737,3720,2024-01-30,1040.19
10738,6356,2024-01-20,484.2
10739,6522,2024-04-03,1275.61
10740,9289,2024-01-27,611.09
10741,45562,2024-02-07,864.89
10742,33316,2024-02-09,567.29
10743,18399,2024-04-01,1108.6
10744,2285,2024-02-18,905.26
10745,49852,2024-02-11,747.82
10746,34997,2024-02-15,108.85
10747,40966,2024-01-07,942.2
10748,3504,2024-04-04,963.74
10749,12713,2024-04-05,337.35
10750,49875,2024-04-06,551.88
10751,28797,2024-03-28,1327.88
10752,35542,2024-01-27,859.82
10753,31610,2024-02-26,697.81
10754,24140,2024-02-15,1409.07
10755,41457,2024-03-13,1232.96
10756,27573,2024-03-21,218.41
10757,26181,2024-03-02,1299.68
10758,10253,2024-03-26,292.62
10759,44409,2024-03-05,328.22
10760,19887,2024-02-03,186.99
10761,34706,2024-01-21,763.52
10762,32332,2024-02-02,995.46
10763,3288,2024-01-05,1150.28
10764,8662,2024-01-25,117.95
10765,5395,2024-02-20,332.56
10766,31014,2024-03-04,962.14
10767,10830,2024-01-29,826.33
10768,4160,2024-01-09,152.92
10769,1241,2024-02-15,1408.28
10770,38050,2024-01-17,1157.08
10771,268,2024-03-03,589.49
10772,46234,2024-04-03,841.69
10773,23455,2024-03-23,611.44
10774,30682,2024-03-09,726.51
10775,48636,2024-01-26,926.58
10776,8092,2024-01-31,645.82
10777,36131,2024-01-14,961.42
10778,12010,2024-02-12,740.51
10779,39992,2024-03-13,1013.31
10780,36671,2024-03-25,452.35
10781,7612,2024-02-01,323.09
10782,15216,2024-03-17,99.29
10783,19491,2024-02-26,934.81
10784,6544,2024-04-03,1472.71
10785,18398,2024-03-29,676.95
10786,33260,2024-02-07,381.93
10787,6861,2024-01-21,98.61
10788,39946,2024-02-10,808.15
10789,43871,2024-02-11,1489.64
10790,21246,2024-03-21,1476.96
10791,18912,2024-01-27,223.92
10792,21481,2024-02-07,1239.3
10793,27502,2024-03-10,326.12
10794,10251,2024-02-17,1229.28
10795,37319,2024-03-22,1292.04
10796,31295,2024-02-17,90.98
10797,48038,2024-02-05,416.91
10798,25274,2024-02-15,160.3
10799,38944,2024-01-13,788.45
10800,14066,2024-04-06,117.94
10801,18552,2024-02-28,969.04
10802,29206,2024-02-22,872.83
10803,40794,2024-01-11,618.74
10804,24096,2024-02-03,735.76
10805,9399,2024-01-18,1485.93
10806,45520,2024-03-25,318.07
10807,39784,2024-01-24,1118.07
10808,36307,2024-01-20,996.34
10809,20249,2024-01-14,1022.45
10810,39967,2024-01-13,570.91
10811,46350,2024-04-07,387.39
10812,42239,2024-03-18,1004.17
10813,20880,2024-03-10,1376.07
10814,9563,2024-01-21,1465.9
10815,41721,2024-02-10,762.89
10816,7081,2024-01-29,684.37
10817,15872,2024-03-13,575.5
10818,12336,2024-02-16,1230.17
10819,32617,2024-01-23,442.67
10820,36110,2024-04-06,808.5
10821,26611,2024-02-18,569.98
10822,25045,2024-03-05,1323.5
10823,11668,2024-04-05,481.4
10824,29519,2024-03-10,1054.81
10825,4030,2024-03-07,916.02
10826,16270,2024-03-11,546.29
10827,26760,2024-01-29,441.79
10828,17724,2024-03-27,1221.38
10829,48743,2024-01-15,804.91
10830,11000,2024-01-26,948.28
10831,36775,2024-02-23,1446.16
10832,42056,2024-03-25,645.18
10833,39222,2024-02-24,1236.28
10834,49414,2024-02-07,987.04
10835,17296,2024-01-26,922.82
10836,33671,2024-04-01,157.48
10837,31738,2024-01-15,1375.55
10838,16425,2024-03-04,404.61
10839,36727,2024-02-18,751.93
10840,19461,2024-03-05,1147.86
10841,49782,2024-02-09,821.7
10842,39932,2024-03-07,86.16
10843,15364,2024-02-19,1427.63
10844,10952,2024-01-25,109.09
10845,46803,2024-03-15,207.68
10846,20605,2024-03-31,398.27
10847,21105,2024-03-13,930.52
10848,25014,2024-02-15,1459.02
10849,2150,2024-01-24,1390.18
10850,16667,2024-03-26,1004.9
10851,33566,2024-02-06,1133.2
10852,35159,2024-01-11,1090.87
10853,17225,2024-01-14,1055.47
10854,34752,2024-02-18,1233.6
10855,2375,2024-03-31,562.64
10856,29067,2024-02-18,393.99
10857,43248,2024-03-28,573.66
10858,17727,2024-02-12,149.02
10859,2098,2024-03-04,1453.19
10860,34436,2024-01-13,1130.1
10861,24865,2024-02-18,383.08
10862,45118,2024-02-19,443.22
10863,15976,2024-03-30,1489.5
10864,10038,2024-03-21,1170.71
10865,4765,2024-01-14,684.44
10866,1411,2024-02-13,373.44
10867,20178,2024-03-31,137.41
10868,19059,2024-03-05,1030.42
10869,34221,2024-02-26,1187.57
10870,10008,2024-01-24,233.0
10871,16367,2024-03-17,83.39
10872,13512,2024-04-01,587.54
10873,10803,2024-01-29,1027.78
10874,45253,2024-02-29,1391.79
10875,227,2024-03-25,1328.94
10876,32661,2024-02-01,1057.71
10877,46344,2024-02-08,1235.95
10878,14037,2024-01-13,585.33
10879,5129,2024-02-02,428.05
10880,10338,2024-03-30,256.38
10881,49910,2024-02-07,337.92
10882,21883,2024-03-31,1447.36
10883,27164,2024-02-22,1400.54
10884,48437,2024-02-16,146.63
10885,8629,2024-01-31,747.32
10886,12897,2024-02-02,610.13
10887,2950,2024-03-10,1005.53
10888,1175,2024-04-02,546.33
10889,7902,2024-01-16,478.47
10890,23981,2024-04-03,1229.02
10891,44827,2024-03-11,1424.9
10892,44162,2024-01-27,367.97
10893,20483,2024-03-15,414.12
10894,2892,2024-01-27,675.15
10895,37875,2024-02-10,1082.95
10896,12034,2024-03-10,317.23
10897,47585,2024-03-29,744.47
10898,29654,2024-02-14,1274.01
10899,24622,2024-03-10,412.37
10900,32011,2024-01-23,147.68
10901,34473,2024-02-22,1367.7
10902,35165,2024-03-29,1198.29
10903,49631,2024-03-20,1072.31
10904,32259,2024-02-17,204.01
10905,18897,2024-03-28,1357.05
10906,21540,2024-03-13,513.48
10907,21442,2024-01-16,380.32
10908,37710,2024-01-19,772.25
10909,48762,2024-01-08,1390.38
10910,48210,2024-03-26,1492.27
10911,19046,2024-02-16,952.03
10912,43553,2024-02-20,1436.82
10913,42200,2024-02-02,723.73
10914,17952,2024-02-24,122.12
10915,6552,2024-02-16,471.43
10916,35403,2024-02-16,508.59
10917,47105,2024-01-12,1191.44
10918,49363,2024-03-13,256.43
10919,41732,2024-01-16,328.36
10920,1699,2024-02-21,952.26
10921,19445,2024-02-16,265.47
10922,27272,2024-03-16,783.63
10923,5550,2024-02-09,129.79
10924,26613,2024-03-07,1029.81
10925,7657,2024-01-25,1369.89
10926,47785,2024-02-11,1322.36
10927,49329,2024-03-19,184.54
10928,11488,2024-03-01,919.23
10929,25589,2024-02-26,227.45
10930,48719,2024-02-12,156.0
10931,34151,2024-02-20,946.75
10932,42156,2024-02-24,892.89
10933,35163,2024-02-15,213.25
10934,47372,2024-03-27,591.0
10935,20555,2024-02-05,529.65
10936,12803,2024-01-19,566.3
10937,34280,2024-04-09,553.13
10938,44374,2024-03-09,1251.01
10939,25250,2024-02-20,582.12
10940,31639,2024-01-20,549.22
10941,32305,2024-03-28,122.06
10942,27309,2024-01-15,1202.38
10943,6037,2024-02-24,1017.03
10944,24442,2024-01-22,564.84
10945,1498,2024-02-01,721.61
10946,39194,2024-01-15,1207.58
10947,11822,2024-03-23,568.79
10948,27174,2024-02-16,752.18
10949,16157,2024-01-16,108.1
10950,18963,2024-03-24,1384.01
10951,25570,2024-01-28,607.16
10952,3283,2024-04-03,500.94
10953,31628,2024-01-04,944.95
10954,39056,2024-02-12,827.91
10955,30507,2024-02-03,649.31
10956,32128,2024-02-05,1389.74
10957,19409,2024-02-10,595.43
10958,29186,2024-02-12,1497.69
10959,12371,2024-03-12,1200.56
10960,38771,2024-01-13,1362.73
10961,751,2024-02-29,481.51
10962,41600,2024-01-16,179.74
10963,20517,2024-04-12,675.26
10964,28327,2024-02-22,525.01
10965,19111,2024-03-14,166.15
10966,11298,2024-02-09,181.51
10967,39634,2024-01-04,327.46
10968,24574,2024-03-28,616.47
10969,312,2024-02-07,1408.04
10970,21909,2024-03-08,1014.03
10971,19588,2024-02-21,645.75
10972,29745,2024-01-14,1215.15
10973,4666,2024-03-04,887.26
10974,35751,2024-04-01,672.78
10975,39148,2024-01-23,285.0
10976,22129,2024-02-10,1396.4
10977,1697,2024-01-26,965.92
10978,7417,2024-04-09,703.75
10979,12641,2024-02-26,702.37
10980,6866,2024-01-24,1166.35
10981,28386,2024-02-20,334.82
10982,19650,2024-02-15,672.91
10983,5054,2024-02-22,169.48
10984,49770,2024-03-31,193.48
10985,23636,2024-01-21,827.34
10986,33250,2024-01-07,620.74
10987,7600,2024-02-12,1101.71
10988,43393,2024-04-03,1481.16
10989,43457,2024-03-11,1300.38
10990,37408,2024-03-24,707.5
10991,41025,2024-04-04,616.56
10992,47279,2024-03-20,910.8
10993,48264,2024-01-30,210.14
10994,11073,2024-03-28,1482.48
10995,12170,2024-03-06,1473.01
10996,39202,2024-02-28,1390.59
10997,8305,2024-01-26,1020.32
10998,48482,2024-03-24,794.43
10999,47650,2024-01-07,1083.5
11000,2490,2024-01-23,526.44
