[0m15:13:05.929287 [debug] [MainThread]: Sending event: {'category': 'dbt', 'action': 'invocation', 'label': 'start', 'context': [<snowplow_tracker.self_describing_json.SelfDescribingJson object at 0x7f6b7f433470>, <snowplow_tracker.self_describing_json.SelfDescribingJson object at 0x7f6b7f220c80>, <snowplow_tracker.self_describing_json.SelfDescribingJson object at 0x7f6b7f220a40>]}


============================== 15:13:05.931679 | e728d364-1f3c-46be-8beb-5fc9b9a988e2 ==============================
[0m15:13:05.931679 [info ] [MainThread]: Running with dbt=1.11.8
[0m15:13:05.932112 [debug] [MainThread]: running dbt with arguments {'warn_error': 'None', 'introspect': 'True', 'write_json': 'True', 'version_check': 'True', 'use_colors': 'True', 'cache_selected_only': 'False', 'fail_fast': 'False', 'profiles_dir': '/home/murilo/.dbt', 'no_print': 'None', 'printer_width': '80', 'warn_error_options': 'WarnErrorOptionsV2(error=[], warn=[], silence=[])', 'log_format': 'default', 'partial_parse': 'True', 'use_experimental_parser': 'False', 'log_path': '/home/murilo/Área de trabalho/dbt-analytics-project/dbt_marketing_analytics/logs', 'quiet': 'False', 'target_path': 'None', 'indirect_selection': 'eager', 'invocation_command': 'dbt debug', 'static_parser': 'True', 'send_anonymous_usage_stats': 'True', 'debug': 'False', 'empty': 'None', 'log_cache_events': 'False'}
[0m15:13:05.938367 [info ] [MainThread]: dbt version: 1.11.8
[0m15:13:05.938677 [info ] [MainThread]: python version: 3.12.13
[0m15:13:05.938955 [info ] [MainThread]: python path: /home/murilo/Área de trabalho/dbt-analytics-project/.venv/bin/python3.12
[0m15:13:05.939266 [info ] [MainThread]: os info: Linux-6.19.11-200.fc43.x86_64-x86_64-with-glibc2.42
[0m15:13:05.972067 [info ] [MainThread]: Using profiles dir at /home/murilo/.dbt
[0m15:13:05.972450 [info ] [MainThread]: Using profiles.yml file at /home/murilo/.dbt/profiles.yml
[0m15:13:05.972730 [info ] [MainThread]: Using dbt_project.yml file at /home/murilo/Área de trabalho/dbt-analytics-project/dbt_marketing_analytics/dbt_project.yml
[0m15:13:05.973104 [info ] [MainThread]: adapter type: postgres
[0m15:13:05.973398 [info ] [MainThread]: adapter version: 1.10.0
[0m15:13:06.051342 [info ] [MainThread]: Configuration:
[0m15:13:06.051730 [info ] [MainThread]:   profiles.yml file [[32mOK found and valid[0m]
[0m15:13:06.052014 [info ] [MainThread]:   dbt_project.yml file [[32mOK found and valid[0m]
[0m15:13:06.052293 [info ] [MainThread]: Required dependencies:
[0m15:13:06.052579 [debug] [MainThread]: Executing "git --help"
[0m15:13:06.054424 [debug] [MainThread]: STDOUT: "b"usage: git [-v | --version] [-h | --help] [-C <path>] [-c <name>=<value>]\n           [--exec-path[=<path>]] [--html-path] [--man-path] [--info-path]\n           [-p | --paginate | -P | --no-pager] [--no-replace-objects] [--no-lazy-fetch]\n           [--no-optional-locks] [--no-advice] [--bare] [--git-dir=<path>]\n           [--work-tree=<path>] [--namespace=<name>] [--config-env=<name>=<envvar>]\n           <command> [<args>]\n\nThese are common Git commands used in various situations:\n\nstart a working area (see also: git help tutorial)\n   clone      Clone a repository into a new directory\n   init       Create an empty Git repository or reinitialize an existing one\n\nwork on the current change (see also: git help everyday)\n   add        Add file contents to the index\n   mv         Move or rename a file, a directory, or a symlink\n   restore    Restore working tree files\n   rm         Remove files from the working tree and from the index\n\nexamine the history and state (see also: git help revisions)\n   bisect     Use binary search to find the commit that introduced a bug\n   diff       Show changes between commits, commit and working tree, etc\n   grep       Print lines matching a pattern\n   log        Show commit logs\n   show       Show various types of objects\n   status     Show the working tree status\n\ngrow, mark and tweak your common history\n   backfill   Download missing objects in a partial clone\n   branch     List, create, or delete branches\n   commit     Record changes to the repository\n   merge      Join two or more development histories together\n   rebase     Reapply commits on top of another base tip\n   reset      Set `HEAD` or the index to a known state\n   switch     Switch branches\n   tag        Create, list, delete or verify tags\n\ncollaborate (see also: git help workflows)\n   fetch      Download objects and refs from another repository\n   pull       Fetch from and integrate with another repository or a local branch\n   push       Update remote refs along with associated objects\n\n'git help -a' and 'git help -g' list available subcommands and some\nconcept guides. See 'git help <command>' or 'git help <concept>'\nto read about a specific subcommand or concept.\nSee 'git help git' for an overview of the system.\n""
[0m15:13:06.054785 [debug] [MainThread]: STDERR: "b''"
[0m15:13:06.055089 [info ] [MainThread]:  - git [[32mOK found[0m]

[0m15:13:06.055444 [info ] [MainThread]: Connection:
[0m15:13:06.055737 [info ] [MainThread]:   host: localhost
[0m15:13:06.056019 [info ] [MainThread]:   port: 5432
[0m15:13:06.056295 [info ] [MainThread]:   user: postgres
[0m15:13:06.056549 [info ] [MainThread]:   database: dw_analytics
[0m15:13:06.056803 [info ] [MainThread]:   schema: public
[0m15:13:06.057055 [info ] [MainThread]:   connect_timeout: 10
[0m15:13:06.057337 [info ] [MainThread]:   role: None
[0m15:13:06.057585 [info ] [MainThread]:   search_path: None
[0m15:13:06.057830 [info ] [MainThread]:   keepalives_idle: 0
[0m15:13:06.058066 [info ] [MainThread]:   sslmode: None
[0m15:13:06.058312 [info ] [MainThread]:   sslcert: None
[0m15:13:06.058550 [info ] [MainThread]:   sslkey: None
[0m15:13:06.058784 [info ] [MainThread]:   sslrootcert: None
[0m15:13:06.059017 [info ] [MainThread]:   application_name: dbt
[0m15:13:06.059261 [info ] [MainThread]:   retries: 1
[0m15:13:06.059600 [info ] [MainThread]: Registered adapter: postgres=1.10.0
[0m15:13:06.131873 [debug] [MainThread]: Acquiring new postgres connection 'debug'
[0m15:13:06.149841 [debug] [MainThread]: Using postgres connection "debug"
[0m15:13:06.150166 [debug] [MainThread]: On debug: select 1 as id
[0m15:13:06.150429 [debug] [MainThread]: Opening a new connection, currently in state init
[0m15:13:06.159386 [debug] [MainThread]: SQL status: SELECT 1 in 0.009 seconds
[0m15:13:06.160069 [debug] [MainThread]: On debug: Close
[0m15:13:06.160380 [info ] [MainThread]:   Connection test: [[32mOK connection ok[0m]

[0m15:13:06.160662 [info ] [MainThread]: [32mAll checks passed![0m
[0m15:13:06.161339 [debug] [MainThread]: Resource report: {"command_name": "debug", "command_success": true, "command_wall_clock_time": 0.27447575, "process_in_blocks": "0", "process_kernel_time": 0.146141, "process_mem_max_rss": "120952", "process_out_blocks": "56", "process_user_time": 1.146909}
[0m15:13:06.161716 [debug] [MainThread]: Command `dbt debug` succeeded at 15:13:06.161638 after 0.27 seconds
[0m15:13:06.161983 [debug] [MainThread]: Connection 'debug' was properly closed.
[0m15:13:06.162279 [debug] [MainThread]: Sending event: {'category': 'dbt', 'action': 'invocation', 'label': 'end', 'context': [<snowplow_tracker.self_describing_json.SelfDescribingJson object at 0x7f6b7f220c80>, <snowplow_tracker.self_describing_json.SelfDescribingJson object at 0x7f6b7ef2d640>, <snowplow_tracker.self_describing_json.SelfDescribingJson object at 0x7f6b7e3dd0a0>]}
[0m15:13:06.162608 [debug] [MainThread]: Flushing usage events
[0m15:13:07.220816 [debug] [MainThread]: An error was encountered while trying to flush usage events
[0m15:47:23.528357 [debug] [MainThread]: Sending event: {'category': 'dbt', 'action': 'invocation', 'label': 'start', 'context': [<snowplow_tracker.self_describing_json.SelfDescribingJson object at 0x7fdb927b7b30>, <snowplow_tracker.self_describing_json.SelfDescribingJson object at 0x7fdb9160dac0>, <snowplow_tracker.self_describing_json.SelfDescribingJson object at 0x7fdb927b7410>]}


============================== 15:47:23.533007 | 6dec3992-99db-459e-b5df-70124aa6f934 ==============================
[0m15:47:23.533007 [info ] [MainThread]: Running with dbt=1.11.8
[0m15:47:23.533502 [debug] [MainThread]: running dbt with arguments {'send_anonymous_usage_stats': 'True', 'debug': 'False', 'quiet': 'False', 'no_print': 'None', 'target_path': 'None', 'log_path': '/home/murilo/Área de trabalho/dbt-analytics-project/dbt_marketing_analytics/logs', 'printer_width': '80', 'use_experimental_parser': 'False', 'profiles_dir': '/home/murilo/.dbt', 'log_format': 'default', 'warn_error': 'None', 'cache_selected_only': 'False', 'version_check': 'True', 'introspect': 'True', 'fail_fast': 'False', 'indirect_selection': 'eager', 'warn_error_options': 'WarnErrorOptionsV2(error=[], warn=[], silence=[])', 'static_parser': 'True', 'log_cache_events': 'False', 'invocation_command': 'dbt seed', 'use_colors': 'True', 'empty': 'None', 'partial_parse': 'True', 'write_json': 'True'}
[0m15:47:23.657438 [debug] [MainThread]: Sending event: {'category': 'dbt', 'action': 'project_id', 'label': '6dec3992-99db-459e-b5df-70124aa6f934', 'context': [<snowplow_tracker.self_describing_json.SelfDescribingJson object at 0x7fdb9146bda0>]}
[0m15:47:23.704981 [debug] [MainThread]: Sending event: {'category': 'dbt', 'action': 'adapter_info', 'label': '6dec3992-99db-459e-b5df-70124aa6f934', 'context': [<snowplow_tracker.self_describing_json.SelfDescribingJson object at 0x7fdb90d2e9f0>]}
[0m15:47:23.705710 [info ] [MainThread]: Registered adapter: postgres=1.10.0
[0m15:47:23.795493 [debug] [MainThread]: checksum: 7d524ac048c2100769df89d592e662e060a73ca564e31bd9c2a37efdfe8d8ab6, vars: {}, profile: , target: , version: 1.11.8
[0m15:47:23.796280 [info ] [MainThread]: Unable to do partial parsing because saved manifest not found. Starting full parse.
[0m15:47:23.796575 [debug] [MainThread]: Sending event: {'category': 'dbt', 'action': 'partial_parser', 'label': '6dec3992-99db-459e-b5df-70124aa6f934', 'context': [<snowplow_tracker.self_describing_json.SelfDescribingJson object at 0x7fdb9146bdd0>]}
[0m15:47:24.339787 [error] [MainThread]: Encountered an error:
Parsing Error
  at path []: A seed must have a materialized value of 'seed'
[0m15:47:24.341220 [debug] [MainThread]: Resource report: {"command_name": "seed", "command_success": false, "command_wall_clock_time": 0.85680103, "process_in_blocks": "808", "process_kernel_time": 0.157853, "process_mem_max_rss": "114816", "process_out_blocks": "16", "process_user_time": 1.743184}
[0m15:47:24.341657 [debug] [MainThread]: Command `dbt seed` failed at 15:47:24.341573 after 0.86 seconds
[0m15:47:24.342001 [debug] [MainThread]: Sending event: {'category': 'dbt', 'action': 'invocation', 'label': 'end', 'context': [<snowplow_tracker.self_describing_json.SelfDescribingJson object at 0x7fdb913a7980>, <snowplow_tracker.self_describing_json.SelfDescribingJson object at 0x7fdb9126c560>, <snowplow_tracker.self_describing_json.SelfDescribingJson object at 0x7fdb91cd4bf0>]}
[0m15:47:24.342347 [debug] [MainThread]: Flushing usage events
[0m15:47:25.286697 [debug] [MainThread]: An error was encountered while trying to flush usage events
[0m15:47:39.558474 [debug] [MainThread]: Sending event: {'category': 'dbt', 'action': 'invocation', 'label': 'start', 'context': [<snowplow_tracker.self_describing_json.SelfDescribingJson object at 0x7fd7f6574920>, <snowplow_tracker.self_describing_json.SelfDescribingJson object at 0x7fd7f4164890>, <snowplow_tracker.self_describing_json.SelfDescribingJson object at 0x7fd7f41d42c0>]}


============================== 15:47:39.561192 | ce5ef2e8-2477-4851-971b-b83fed133874 ==============================
[0m15:47:39.561192 [info ] [MainThread]: Running with dbt=1.11.8
[0m15:47:39.561725 [debug] [MainThread]: running dbt with arguments {'partial_parse': 'True', 'use_colors': 'True', 'log_path': '/home/murilo/Área de trabalho/dbt-analytics-project/dbt_marketing_analytics/logs', 'debug': 'False', 'introspect': 'True', 'static_parser': 'True', 'no_print': 'None', 'log_format': 'default', 'cache_selected_only': 'False', 'version_check': 'True', 'log_cache_events': 'False', 'target_path': 'None', 'use_experimental_parser': 'False', 'invocation_command': 'dbt debug', 'quiet': 'False', 'fail_fast': 'False', 'indirect_selection': 'eager', 'warn_error': 'None', 'warn_error_options': 'WarnErrorOptionsV2(error=[], warn=[], silence=[])', 'send_anonymous_usage_stats': 'True', 'printer_width': '80', 'write_json': 'True', 'empty': 'None', 'profiles_dir': '/home/murilo/.dbt'}
[0m15:47:39.570525 [info ] [MainThread]: dbt version: 1.11.8
[0m15:47:39.570904 [info ] [MainThread]: python version: 3.12.13
[0m15:47:39.571183 [info ] [MainThread]: python path: /home/murilo/Área de trabalho/dbt-analytics-project/.venv/bin/python3.12
[0m15:47:39.571447 [info ] [MainThread]: os info: Linux-6.19.11-200.fc43.x86_64-x86_64-with-glibc2.42
[0m15:47:39.605730 [info ] [MainThread]: Using profiles dir at /home/murilo/.dbt
[0m15:47:39.606213 [info ] [MainThread]: Using profiles.yml file at /home/murilo/.dbt/profiles.yml
[0m15:47:39.606663 [info ] [MainThread]: Using dbt_project.yml file at /home/murilo/Área de trabalho/dbt-analytics-project/dbt_marketing_analytics/dbt_project.yml
[0m15:47:39.607130 [info ] [MainThread]: adapter type: postgres
[0m15:47:39.607402 [info ] [MainThread]: adapter version: 1.10.0
[0m15:47:39.697113 [info ] [MainThread]: Configuration:
[0m15:47:39.697667 [info ] [MainThread]:   profiles.yml file [[32mOK found and valid[0m]
[0m15:47:39.698051 [info ] [MainThread]:   dbt_project.yml file [[32mOK found and valid[0m]
[0m15:47:39.698421 [info ] [MainThread]: Required dependencies:
[0m15:47:39.698814 [debug] [MainThread]: Executing "git --help"
[0m15:47:39.700620 [debug] [MainThread]: STDOUT: "b"usage: git [-v | --version] [-h | --help] [-C <path>] [-c <name>=<value>]\n           [--exec-path[=<path>]] [--html-path] [--man-path] [--info-path]\n           [-p | --paginate | -P | --no-pager] [--no-replace-objects] [--no-lazy-fetch]\n           [--no-optional-locks] [--no-advice] [--bare] [--git-dir=<path>]\n           [--work-tree=<path>] [--namespace=<name>] [--config-env=<name>=<envvar>]\n           <command> [<args>]\n\nThese are common Git commands used in various situations:\n\nstart a working area (see also: git help tutorial)\n   clone      Clone a repository into a new directory\n   init       Create an empty Git repository or reinitialize an existing one\n\nwork on the current change (see also: git help everyday)\n   add        Add file contents to the index\n   mv         Move or rename a file, a directory, or a symlink\n   restore    Restore working tree files\n   rm         Remove files from the working tree and from the index\n\nexamine the history and state (see also: git help revisions)\n   bisect     Use binary search to find the commit that introduced a bug\n   diff       Show changes between commits, commit and working tree, etc\n   grep       Print lines matching a pattern\n   log        Show commit logs\n   show       Show various types of objects\n   status     Show the working tree status\n\ngrow, mark and tweak your common history\n   backfill   Download missing objects in a partial clone\n   branch     List, create, or delete branches\n   commit     Record changes to the repository\n   merge      Join two or more development histories together\n   rebase     Reapply commits on top of another base tip\n   reset      Set `HEAD` or the index to a known state\n   switch     Switch branches\n   tag        Create, list, delete or verify tags\n\ncollaborate (see also: git help workflows)\n   fetch      Download objects and refs from another repository\n   pull       Fetch from and integrate with another repository or a local branch\n   push       Update remote refs along with associated objects\n\n'git help -a' and 'git help -g' list available subcommands and some\nconcept guides. See 'git help <command>' or 'git help <concept>'\nto read about a specific subcommand or concept.\nSee 'git help git' for an overview of the system.\n""
[0m15:47:39.701134 [debug] [MainThread]: STDERR: "b''"
[0m15:47:39.701492 [info ] [MainThread]:  - git [[32mOK found[0m]

[0m15:47:39.701865 [info ] [MainThread]: Connection:
[0m15:47:39.702254 [info ] [MainThread]:   host: localhost
[0m15:47:39.702612 [info ] [MainThread]:   port: 5432
[0m15:47:39.702961 [info ] [MainThread]:   user: postgres
[0m15:47:39.703320 [info ] [MainThread]:   database: dw_analytics
[0m15:47:39.703659 [info ] [MainThread]:   schema: public
[0m15:47:39.704012 [info ] [MainThread]:   connect_timeout: 10
[0m15:47:39.704389 [info ] [MainThread]:   role: None
[0m15:47:39.704757 [info ] [MainThread]:   search_path: None
[0m15:47:39.705117 [info ] [MainThread]:   keepalives_idle: 0
[0m15:47:39.705453 [info ] [MainThread]:   sslmode: None
[0m15:47:39.705773 [info ] [MainThread]:   sslcert: None
[0m15:47:39.706086 [info ] [MainThread]:   sslkey: None
[0m15:47:39.706443 [info ] [MainThread]:   sslrootcert: None
[0m15:47:39.706713 [info ] [MainThread]:   application_name: dbt
[0m15:47:39.706981 [info ] [MainThread]:   retries: 1
[0m15:47:39.707409 [info ] [MainThread]: Registered adapter: postgres=1.10.0
[0m15:47:39.786414 [debug] [MainThread]: Acquiring new postgres connection 'debug'
[0m15:47:39.812806 [debug] [MainThread]: Using postgres connection "debug"
[0m15:47:39.813210 [debug] [MainThread]: On debug: select 1 as id
[0m15:47:39.813470 [debug] [MainThread]: Opening a new connection, currently in state init
[0m15:47:39.819126 [debug] [MainThread]: SQL status: SELECT 1 in 0.006 seconds
[0m15:47:39.819849 [debug] [MainThread]: On debug: Close
[0m15:47:39.820177 [info ] [MainThread]:   Connection test: [[32mOK connection ok[0m]

[0m15:47:39.820604 [info ] [MainThread]: [32mAll checks passed![0m
[0m15:47:39.821560 [debug] [MainThread]: Resource report: {"command_name": "debug", "command_success": true, "command_wall_clock_time": 0.3082796, "process_in_blocks": "728", "process_kernel_time": 0.161149, "process_mem_max_rss": "118876", "process_out_blocks": "16", "process_user_time": 1.217295}
[0m15:47:39.822094 [debug] [MainThread]: Command `dbt debug` succeeded at 15:47:39.822006 after 0.31 seconds
[0m15:47:39.822387 [debug] [MainThread]: Connection 'debug' was properly closed.
[0m15:47:39.822679 [debug] [MainThread]: Sending event: {'category': 'dbt', 'action': 'invocation', 'label': 'end', 'context': [<snowplow_tracker.self_describing_json.SelfDescribingJson object at 0x7fd7f410b620>, <snowplow_tracker.self_describing_json.SelfDescribingJson object at 0x7fd7f45ba930>, <snowplow_tracker.self_describing_json.SelfDescribingJson object at 0x7fd7f5d76180>]}
[0m15:47:39.823004 [debug] [MainThread]: Flushing usage events
[0m15:47:40.385719 [debug] [MainThread]: An error was encountered while trying to flush usage events
[0m15:47:46.530960 [debug] [MainThread]: Sending event: {'category': 'dbt', 'action': 'invocation', 'label': 'start', 'context': [<snowplow_tracker.self_describing_json.SelfDescribingJson object at 0x7f35b3690b90>, <snowplow_tracker.self_describing_json.SelfDescribingJson object at 0x7f35b53aac60>, <snowplow_tracker.self_describing_json.SelfDescribingJson object at 0x7f35b3ad43e0>]}


============================== 15:47:46.533770 | 043fa263-d005-4baa-95db-d24759a58ec2 ==============================
[0m15:47:46.533770 [info ] [MainThread]: Running with dbt=1.11.8
[0m15:47:46.534204 [debug] [MainThread]: running dbt with arguments {'introspect': 'True', 'write_json': 'True', 'printer_width': '80', 'log_cache_events': 'False', 'no_print': 'None', 'static_parser': 'True', 'partial_parse': 'True', 'indirect_selection': 'eager', 'version_check': 'True', 'invocation_command': 'dbt seed', 'warn_error': 'None', 'debug': 'False', 'cache_selected_only': 'False', 'use_colors': 'True', 'log_path': '/home/murilo/Área de trabalho/dbt-analytics-project/dbt_marketing_analytics/logs', 'quiet': 'False', 'target_path': 'None', 'warn_error_options': 'WarnErrorOptionsV2(error=[], warn=[], silence=[])', 'fail_fast': 'False', 'profiles_dir': '/home/murilo/.dbt', 'use_experimental_parser': 'False', 'send_anonymous_usage_stats': 'True', 'log_format': 'default', 'empty': 'None'}
[0m15:47:46.655023 [debug] [MainThread]: Sending event: {'category': 'dbt', 'action': 'project_id', 'label': '043fa263-d005-4baa-95db-d24759a58ec2', 'context': [<snowplow_tracker.self_describing_json.SelfDescribingJson object at 0x7f35b2b89bb0>]}
[0m15:47:46.704557 [debug] [MainThread]: Sending event: {'category': 'dbt', 'action': 'adapter_info', 'label': '043fa263-d005-4baa-95db-d24759a58ec2', 'context': [<snowplow_tracker.self_describing_json.SelfDescribingJson object at 0x7f35b2e8d4f0>]}
[0m15:47:46.705235 [info ] [MainThread]: Registered adapter: postgres=1.10.0
[0m15:47:46.786463 [debug] [MainThread]: checksum: 7d524ac048c2100769df89d592e662e060a73ca564e31bd9c2a37efdfe8d8ab6, vars: {}, profile: , target: , version: 1.11.8
[0m15:47:46.787297 [info ] [MainThread]: Unable to do partial parsing because saved manifest not found. Starting full parse.
[0m15:47:46.787623 [debug] [MainThread]: Sending event: {'category': 'dbt', 'action': 'partial_parser', 'label': '043fa263-d005-4baa-95db-d24759a58ec2', 'context': [<snowplow_tracker.self_describing_json.SelfDescribingJson object at 0x7f35b2b8b230>]}
[0m15:47:47.313872 [error] [MainThread]: Encountered an error:
Parsing Error
  at path []: A seed must have a materialized value of 'seed'
[0m15:47:47.314730 [debug] [MainThread]: Resource report: {"command_name": "seed", "command_success": false, "command_wall_clock_time": 0.8269479, "process_in_blocks": "0", "process_kernel_time": 0.141087, "process_mem_max_rss": "114656", "process_out_blocks": "8", "process_user_time": 1.753605}
[0m15:47:47.315144 [debug] [MainThread]: Command `dbt seed` failed at 15:47:47.315054 after 0.83 seconds
[0m15:47:47.315482 [debug] [MainThread]: Sending event: {'category': 'dbt', 'action': 'invocation', 'label': 'end', 'context': [<snowplow_tracker.self_describing_json.SelfDescribingJson object at 0x7f35b3117d70>, <snowplow_tracker.self_describing_json.SelfDescribingJson object at 0x7f35b276f0e0>, <snowplow_tracker.self_describing_json.SelfDescribingJson object at 0x7f35b276f9e0>]}
[0m15:47:47.315809 [debug] [MainThread]: Flushing usage events
[0m15:47:47.880470 [debug] [MainThread]: An error was encountered while trying to flush usage events
[0m15:48:07.635450 [debug] [MainThread]: Sending event: {'category': 'dbt', 'action': 'invocation', 'label': 'start', 'context': [<snowplow_tracker.self_describing_json.SelfDescribingJson object at 0x7f170d712ae0>, <snowplow_tracker.self_describing_json.SelfDescribingJson object at 0x7f170dcfeea0>, <snowplow_tracker.self_describing_json.SelfDescribingJson object at 0x7f170ff61b50>]}


============================== 15:48:07.638072 | 1d8c89c9-661d-4aea-a75e-2d6b293787ef ==============================
[0m15:48:07.638072 [info ] [MainThread]: Running with dbt=1.11.8
[0m15:48:07.638527 [debug] [MainThread]: running dbt with arguments {'introspect': 'True', 'no_print': 'None', 'use_colors': 'True', 'partial_parse': 'True', 'log_cache_events': 'False', 'log_format': 'default', 'target_path': 'None', 'indirect_selection': 'eager', 'log_path': '/home/murilo/Área de trabalho/dbt-analytics-project/dbt_marketing_analytics/logs', 'warn_error_options': 'WarnErrorOptionsV2(error=[], warn=[], silence=[])', 'empty': 'None', 'debug': 'False', 'printer_width': '80', 'static_parser': 'True', 'cache_selected_only': 'False', 'invocation_command': 'dbt seed', 'warn_error': 'None', 'profiles_dir': '/home/murilo/.dbt', 'write_json': 'True', 'fail_fast': 'False', 'send_anonymous_usage_stats': 'True', 'quiet': 'False', 'use_experimental_parser': 'False', 'version_check': 'True'}
[0m15:48:07.758777 [debug] [MainThread]: Sending event: {'category': 'dbt', 'action': 'project_id', 'label': '1d8c89c9-661d-4aea-a75e-2d6b293787ef', 'context': [<snowplow_tracker.self_describing_json.SelfDescribingJson object at 0x7f170ccdb350>]}
[0m15:48:07.807174 [debug] [MainThread]: Sending event: {'category': 'dbt', 'action': 'adapter_info', 'label': '1d8c89c9-661d-4aea-a75e-2d6b293787ef', 'context': [<snowplow_tracker.self_describing_json.SelfDescribingJson object at 0x7f170d6d01a0>]}
[0m15:48:07.807837 [info ] [MainThread]: Registered adapter: postgres=1.10.0
[0m15:48:07.890027 [debug] [MainThread]: checksum: 7d524ac048c2100769df89d592e662e060a73ca564e31bd9c2a37efdfe8d8ab6, vars: {}, profile: , target: , version: 1.11.8
[0m15:48:07.890842 [info ] [MainThread]: Unable to do partial parsing because saved manifest not found. Starting full parse.
[0m15:48:07.891152 [debug] [MainThread]: Sending event: {'category': 'dbt', 'action': 'partial_parser', 'label': '1d8c89c9-661d-4aea-a75e-2d6b293787ef', 'context': [<snowplow_tracker.self_describing_json.SelfDescribingJson object at 0x7f170c30cf80>]}
[0m15:48:08.415408 [error] [MainThread]: Encountered an error:
Parsing Error
  at path []: A seed must have a materialized value of 'seed'
[0m15:48:08.416261 [debug] [MainThread]: Resource report: {"command_name": "seed", "command_success": false, "command_wall_clock_time": 0.8244392, "process_in_blocks": "0", "process_kernel_time": 0.140864, "process_mem_max_rss": "114512", "process_out_blocks": "16", "process_user_time": 1.762031}
[0m15:48:08.416668 [debug] [MainThread]: Command `dbt seed` failed at 15:48:08.416587 after 0.82 seconds
[0m15:48:08.416998 [debug] [MainThread]: Sending event: {'category': 'dbt', 'action': 'invocation', 'label': 'end', 'context': [<snowplow_tracker.self_describing_json.SelfDescribingJson object at 0x7f170cf6d5b0>, <snowplow_tracker.self_describing_json.SelfDescribingJson object at 0x7f170c78a570>, <snowplow_tracker.self_describing_json.SelfDescribingJson object at 0x7f170cd09d00>]}
[0m15:48:08.417331 [debug] [MainThread]: Flushing usage events
[0m15:48:08.966849 [debug] [MainThread]: An error was encountered while trying to flush usage events
[0m15:50:51.505740 [debug] [MainThread]: Sending event: {'category': 'dbt', 'action': 'invocation', 'label': 'start', 'context': [<snowplow_tracker.self_describing_json.SelfDescribingJson object at 0x7f44865b0e60>, <snowplow_tracker.self_describing_json.SelfDescribingJson object at 0x7f4486b1f1d0>, <snowplow_tracker.self_describing_json.SelfDescribingJson object at 0x7f44863cc200>]}


============================== 15:50:51.511754 | b98f3528-6001-4991-99ef-a55d95f8365f ==============================
[0m15:50:51.511754 [info ] [MainThread]: Running with dbt=1.11.8
[0m15:50:51.512196 [debug] [MainThread]: running dbt with arguments {'target_path': 'None', 'cache_selected_only': 'False', 'fail_fast': 'False', 'warn_error': 'None', 'introspect': 'True', 'log_path': '/home/murilo/Área de trabalho/dbt-analytics-project/dbt_marketing_analytics/logs', 'empty': 'None', 'debug': 'False', 'version_check': 'True', 'use_colors': 'True', 'partial_parse': 'True', 'log_format': 'default', 'warn_error_options': 'WarnErrorOptionsV2(error=[], warn=[], silence=[])', 'indirect_selection': 'eager', 'static_parser': 'True', 'send_anonymous_usage_stats': 'True', 'printer_width': '80', 'no_print': 'None', 'invocation_command': 'dbt seed', 'quiet': 'False', 'profiles_dir': '/home/murilo/.dbt', 'write_json': 'True', 'use_experimental_parser': 'False', 'log_cache_events': 'False'}
[0m15:50:51.637470 [debug] [MainThread]: Sending event: {'category': 'dbt', 'action': 'project_id', 'label': 'b98f3528-6001-4991-99ef-a55d95f8365f', 'context': [<snowplow_tracker.self_describing_json.SelfDescribingJson object at 0x7f4485779a90>]}
[0m15:50:51.686671 [debug] [MainThread]: Sending event: {'category': 'dbt', 'action': 'adapter_info', 'label': 'b98f3528-6001-4991-99ef-a55d95f8365f', 'context': [<snowplow_tracker.self_describing_json.SelfDescribingJson object at 0x7f4486532ae0>]}
[0m15:50:51.687360 [info ] [MainThread]: Registered adapter: postgres=1.10.0
[0m15:50:51.771022 [debug] [MainThread]: checksum: 7d524ac048c2100769df89d592e662e060a73ca564e31bd9c2a37efdfe8d8ab6, vars: {}, profile: , target: , version: 1.11.8
[0m15:50:51.771818 [info ] [MainThread]: Unable to do partial parsing because saved manifest not found. Starting full parse.
[0m15:50:51.772125 [debug] [MainThread]: Sending event: {'category': 'dbt', 'action': 'partial_parser', 'label': 'b98f3528-6001-4991-99ef-a55d95f8365f', 'context': [<snowplow_tracker.self_describing_json.SelfDescribingJson object at 0x7f4486532ae0>]}
[0m15:50:52.508423 [warn ] [MainThread]: [[33mWARNING[0m]: Configuration paths exist in your dbt_project.yml file which do not apply to any resources.
There are 2 unused configuration paths:
- models.dbt_marketing_analytics.marts
- models.dbt_marketing_analytics.staging
[0m15:50:52.512430 [debug] [MainThread]: Sending event: {'category': 'dbt', 'action': 'load_project', 'label': 'b98f3528-6001-4991-99ef-a55d95f8365f', 'context': [<snowplow_tracker.self_describing_json.SelfDescribingJson object at 0x7f4484347080>]}
[0m15:50:52.552309 [debug] [MainThread]: Wrote artifact WritableManifest to /home/murilo/Área de trabalho/dbt-analytics-project/dbt_marketing_analytics/target/manifest.json
[0m15:50:52.553830 [debug] [MainThread]: Wrote artifact SemanticManifest to /home/murilo/Área de trabalho/dbt-analytics-project/dbt_marketing_analytics/target/semantic_manifest.json
[0m15:50:52.563794 [debug] [MainThread]: Sending event: {'category': 'dbt', 'action': 'resource_counts', 'label': 'b98f3528-6001-4991-99ef-a55d95f8365f', 'context': [<snowplow_tracker.self_describing_json.SelfDescribingJson object at 0x7f448533d6a0>]}
[0m15:50:52.564235 [info ] [MainThread]: Found 4 seeds, 465 macros
[0m15:50:52.564653 [debug] [MainThread]: Sending event: {'category': 'dbt', 'action': 'runnable_timing', 'label': 'b98f3528-6001-4991-99ef-a55d95f8365f', 'context': [<snowplow_tracker.self_describing_json.SelfDescribingJson object at 0x7f4484b8ac00>]}
[0m15:50:52.566041 [info ] [MainThread]: 
[0m15:50:52.566364 [info ] [MainThread]: Concurrency: 4 threads (target='dev')
[0m15:50:52.566636 [info ] [MainThread]: 
[0m15:50:52.567045 [debug] [MainThread]: Acquiring new postgres connection 'master'
[0m15:50:52.569942 [debug] [ThreadPool]: Acquiring new postgres connection 'list_dw_analytics'
[0m15:50:52.602946 [debug] [ThreadPool]: Using postgres connection "list_dw_analytics"
[0m15:50:52.603329 [debug] [ThreadPool]: On list_dw_analytics: /* {"app": "dbt", "dbt_version": "1.11.8", "profile_name": "dbt_marketing_analytics", "target_name": "dev", "connection_name": "list_dw_analytics"} */

    select distinct nspname from pg_namespace
  
[0m15:50:52.603596 [debug] [ThreadPool]: Opening a new connection, currently in state init
[0m15:50:52.611798 [debug] [ThreadPool]: SQL status: SELECT 4 in 0.008 seconds
[0m15:50:52.612937 [debug] [ThreadPool]: On list_dw_analytics: Close
[0m15:50:52.613509 [debug] [ThreadPool]: Re-using an available connection from the pool (formerly list_dw_analytics, now create_dw_analytics_public_raw)
[0m15:50:52.613881 [debug] [ThreadPool]: Creating schema "database: "dw_analytics"
schema: "public_raw"
"
[0m15:50:52.617981 [debug] [ThreadPool]: Using postgres connection "create_dw_analytics_public_raw"
[0m15:50:52.618321 [debug] [ThreadPool]: On create_dw_analytics_public_raw: /* {"app": "dbt", "dbt_version": "1.11.8", "profile_name": "dbt_marketing_analytics", "target_name": "dev", "connection_name": "create_dw_analytics_public_raw"} */
create schema if not exists "public_raw"
[0m15:50:52.618571 [debug] [ThreadPool]: Opening a new connection, currently in state closed
[0m15:50:52.623791 [debug] [ThreadPool]: SQL status: CREATE SCHEMA in 0.005 seconds
[0m15:50:52.624628 [debug] [ThreadPool]: On create_dw_analytics_public_raw: COMMIT
[0m15:50:52.624904 [debug] [ThreadPool]: Using postgres connection "create_dw_analytics_public_raw"
[0m15:50:52.625178 [debug] [ThreadPool]: On create_dw_analytics_public_raw: COMMIT
[0m15:50:52.632478 [debug] [ThreadPool]: SQL status: COMMIT in 0.007 seconds
[0m15:50:52.632912 [debug] [ThreadPool]: On create_dw_analytics_public_raw: Close
[0m15:50:52.634172 [debug] [ThreadPool]: Re-using an available connection from the pool (formerly create_dw_analytics_public_raw, now list_dw_analytics_public_raw)
[0m15:50:52.638926 [debug] [ThreadPool]: Using postgres connection "list_dw_analytics_public_raw"
[0m15:50:52.639230 [debug] [ThreadPool]: On list_dw_analytics_public_raw: /* {"app": "dbt", "dbt_version": "1.11.8", "profile_name": "dbt_marketing_analytics", "target_name": "dev", "connection_name": "list_dw_analytics_public_raw"} */
select
      'dw_analytics' as database,
      tablename as name,
      schemaname as schema,
      'table' as type
    from pg_tables
    where schemaname ilike 'public_raw'
    union all
    select
      'dw_analytics' as database,
      viewname as name,
      schemaname as schema,
      'view' as type
    from pg_views
    where schemaname ilike 'public_raw'
    union all
    select
      'dw_analytics' as database,
      matviewname as name,
      schemaname as schema,
      'materialized_view' as type
    from pg_matviews
    where schemaname ilike 'public_raw'
  
[0m15:50:52.639505 [debug] [ThreadPool]: Opening a new connection, currently in state closed
[0m15:50:52.649788 [debug] [ThreadPool]: SQL status: SELECT 0 in 0.010 seconds
[0m15:50:52.650881 [debug] [ThreadPool]: On list_dw_analytics_public_raw: ROLLBACK
[0m15:50:52.651256 [debug] [ThreadPool]: On list_dw_analytics_public_raw: Close
[0m15:50:52.655159 [debug] [MainThread]: Using postgres connection "master"
[0m15:50:52.655494 [debug] [MainThread]: On master: /* {"app": "dbt", "dbt_version": "1.11.8", "profile_name": "dbt_marketing_analytics", "target_name": "dev", "connection_name": "master"} */
select distinct
        dependent_namespace.nspname as dependent_schema,
        dependent_class.relname as dependent_name,
        referenced_namespace.nspname as referenced_schema,
        referenced_class.relname as referenced_name

    -- Query for views: views are entries in pg_class with an entry in pg_rewrite, but we avoid
    -- a seq scan on pg_rewrite by leveraging the fact there is an "internal" row in pg_depend for
    -- the view...
    from pg_class as dependent_class
    join pg_namespace as dependent_namespace on dependent_namespace.oid = dependent_class.relnamespace
    join pg_depend as dependent_depend on dependent_depend.refobjid = dependent_class.oid
        and dependent_depend.classid = 'pg_rewrite'::regclass
        and dependent_depend.refclassid = 'pg_class'::regclass
        and dependent_depend.deptype = 'i'

    -- ... and via pg_depend (that has a row per column, hence the need for "distinct" above, and
    -- making sure to exclude the internal row to avoid a view appearing to depend on itself)...
    join pg_depend as joining_depend on joining_depend.objid = dependent_depend.objid
        and joining_depend.classid = 'pg_rewrite'::regclass
        and joining_depend.refclassid = 'pg_class'::regclass
        and joining_depend.refobjid != dependent_depend.refobjid

    -- ... we can find the tables they query from in pg_class, but excluding system tables. Note we
    -- don't need need to exclude _dependent_ system tables, because they only query from other
    -- system tables, and so are automatically excluded by excluding _referenced_ system tables
    join pg_class as referenced_class on referenced_class.oid = joining_depend.refobjid
    join pg_namespace as referenced_namespace on referenced_namespace.oid = referenced_class.relnamespace
        and referenced_namespace.nspname != 'information_schema'
        and referenced_namespace.nspname not like 'pg\_%'

    order by
        dependent_schema, dependent_name, referenced_schema, referenced_name;
[0m15:50:52.655832 [debug] [MainThread]: Opening a new connection, currently in state init
[0m15:50:52.664432 [debug] [MainThread]: SQL status: SELECT 0 in 0.009 seconds
[0m15:50:52.665583 [debug] [MainThread]: Sending event: {'category': 'dbt', 'action': 'runnable_timing', 'label': 'b98f3528-6001-4991-99ef-a55d95f8365f', 'context': [<snowplow_tracker.self_describing_json.SelfDescribingJson object at 0x7f4485a200e0>]}
[0m15:50:52.665953 [debug] [MainThread]: On master: ROLLBACK
[0m15:50:52.666328 [debug] [MainThread]: On master: COMMIT
[0m15:50:52.666596 [debug] [MainThread]: Using postgres connection "master"
[0m15:50:52.666842 [debug] [MainThread]: On master: COMMIT
[0m15:50:52.667264 [debug] [MainThread]: SQL status: COMMIT in 0.000 seconds
[0m15:50:52.667538 [debug] [MainThread]: On master: Close
[0m15:50:52.671456 [debug] [Thread-1 (]: Began running node seed.dbt_marketing_analytics.ad_spend
[0m15:50:52.671894 [debug] [Thread-2 (]: Began running node seed.dbt_marketing_analytics.campaigns
[0m15:50:52.672302 [debug] [Thread-3 (]: Began running node seed.dbt_marketing_analytics.conversions
[0m15:50:52.673037 [debug] [Thread-4 (]: Began running node seed.dbt_marketing_analytics.leads
[0m15:50:52.672740 [info ] [Thread-1 (]: 1 of 4 START seed file public_raw.ad_spend ..................................... [RUN]
[0m15:50:52.673601 [info ] [Thread-2 (]: 2 of 4 START seed file public_raw.campaigns .................................... [RUN]
[0m15:50:52.674069 [info ] [Thread-3 (]: 3 of 4 START seed file public_raw.conversions .................................. [RUN]
[0m15:50:52.674515 [info ] [Thread-4 (]: 4 of 4 START seed file public_raw.leads ........................................ [RUN]
[0m15:50:52.675092 [debug] [Thread-1 (]: Re-using an available connection from the pool (formerly list_dw_analytics_public_raw, now seed.dbt_marketing_analytics.ad_spend)
[0m15:50:52.675623 [debug] [Thread-2 (]: Acquiring new postgres connection 'seed.dbt_marketing_analytics.campaigns'
[0m15:50:52.676130 [debug] [Thread-3 (]: Acquiring new postgres connection 'seed.dbt_marketing_analytics.conversions'
[0m15:50:52.676613 [debug] [Thread-4 (]: Acquiring new postgres connection 'seed.dbt_marketing_analytics.leads'
[0m15:50:52.676962 [debug] [Thread-1 (]: Began compiling node seed.dbt_marketing_analytics.ad_spend
[0m15:50:52.677292 [debug] [Thread-2 (]: Began compiling node seed.dbt_marketing_analytics.campaigns
[0m15:50:52.677598 [debug] [Thread-3 (]: Began compiling node seed.dbt_marketing_analytics.conversions
[0m15:50:52.677904 [debug] [Thread-4 (]: Began compiling node seed.dbt_marketing_analytics.leads
[0m15:50:52.678317 [debug] [Thread-1 (]: Began executing node seed.dbt_marketing_analytics.ad_spend
[0m15:50:52.678780 [debug] [Thread-2 (]: Began executing node seed.dbt_marketing_analytics.campaigns
[0m15:50:52.679135 [debug] [Thread-3 (]: Began executing node seed.dbt_marketing_analytics.conversions
[0m15:50:52.679446 [debug] [Thread-4 (]: Began executing node seed.dbt_marketing_analytics.leads
[0m15:50:52.718827 [debug] [Thread-1 (]: Using postgres connection "seed.dbt_marketing_analytics.ad_spend"
[0m15:50:52.721991 [debug] [Thread-2 (]: Using postgres connection "seed.dbt_marketing_analytics.campaigns"
[0m15:50:52.724412 [debug] [Thread-1 (]: On seed.dbt_marketing_analytics.ad_spend: /* {"app": "dbt", "dbt_version": "1.11.8", "profile_name": "dbt_marketing_analytics", "target_name": "dev", "node_id": "seed.dbt_marketing_analytics.ad_spend"} */

    create table "dw_analytics"."public_raw"."ad_spend" ("date" date,"canal" text,"spend" float8)
  
[0m15:50:52.734973 [debug] [Thread-2 (]: On seed.dbt_marketing_analytics.campaigns: /* {"app": "dbt", "dbt_version": "1.11.8", "profile_name": "dbt_marketing_analytics", "target_name": "dev", "node_id": "seed.dbt_marketing_analytics.campaigns"} */

    create table "dw_analytics"."public_raw"."campaigns" ("campaign_id" integer,"canal" text,"nome_campanha" text,"orcamento" integer)
  
[0m15:50:52.740510 [debug] [Thread-1 (]: Opening a new connection, currently in state closed
[0m15:50:52.753731 [debug] [Thread-2 (]: Opening a new connection, currently in state init
[0m15:50:52.873147 [debug] [Thread-2 (]: SQL status: CREATE TABLE in 0.119 seconds
[0m15:50:52.887161 [debug] [Thread-2 (]: Using postgres connection "seed.dbt_marketing_analytics.campaigns"
[0m15:50:52.887754 [debug] [Thread-2 (]: On seed.dbt_marketing_analytics.campaigns: 
          insert into "dw_analytics"."public_raw"."campaigns" ("campaign_id", "canal", "nome_campanha", "orcamento") values
          (%s,%s,%s,%s),(%s,%s,%s,%s),(%s,%s,%s,%s)
      ...
[0m15:50:52.888686 [debug] [Thread-2 (]: SQL status: INSERT 0 3 in 0.000 seconds
[0m15:50:52.892703 [debug] [Thread-2 (]: Writing runtime SQL for node "seed.dbt_marketing_analytics.campaigns"
[0m15:50:52.899127 [debug] [Thread-1 (]: SQL status: CREATE TABLE in 0.159 seconds
[0m15:50:52.908191 [debug] [Thread-2 (]: On seed.dbt_marketing_analytics.campaigns: COMMIT
[0m15:50:52.919257 [debug] [Thread-2 (]: Using postgres connection "seed.dbt_marketing_analytics.campaigns"
[0m15:50:52.950279 [debug] [Thread-2 (]: On seed.dbt_marketing_analytics.campaigns: COMMIT
[0m15:50:53.011399 [debug] [Thread-2 (]: SQL status: COMMIT in 0.020 seconds
[0m15:50:53.024463 [debug] [Thread-1 (]: Using postgres connection "seed.dbt_marketing_analytics.ad_spend"
[0m15:50:53.025473 [debug] [Thread-1 (]: On seed.dbt_marketing_analytics.ad_spend: 
          insert into "dw_analytics"."public_raw"."ad_spend" ("date", "canal", "spend") values
          (%s,%s,%s),(%s,%s,%s),(%s,%s,%s),(%s,%s,%s),(%s,%s,%s),(%s,%s,%s),(%s,%s,%s),(%s,%s,%s),(%s,%s,%s),(%s,%s,%s),(%s,%s,%s),(%s,%s,%s),(%s,%s,%s),(%s,%s,%s),(%s,%s,%s),(%s,%s,%s),(%s,%s,%s),(%s,%s,%s),(%s,%s,%s),(%s,%s,%s),(%s,%s,%s),(%s,%s,%s),(%s,%s,%s),(%s,%s,%s),(%s,%s,%s),(%s,%s,%s),(%s,%s,%s),(%s,%s,%s),(%s,%s,%s),(%s,%s,%s),(%s,%s,%s),(%s,%s,%s),(%s,%s,%s),(%s,%s,%s),(%s,%s,%s),(%s,%s,%s),(%s,%s,%s)...
[0m15:50:53.026471 [debug] [Thread-2 (]: On seed.dbt_marketing_analytics.campaigns: Close
[0m15:50:53.029468 [debug] [Thread-2 (]: Sending event: {'category': 'dbt', 'action': 'run_model', 'label': 'b98f3528-6001-4991-99ef-a55d95f8365f', 'context': [<snowplow_tracker.self_describing_json.SelfDescribingJson object at 0x7f4483bc64b0>]}
[0m15:50:53.029991 [debug] [Thread-1 (]: SQL status: INSERT 0 273 in 0.003 seconds
[0m15:50:53.030326 [info ] [Thread-2 (]: 2 of 4 OK loaded seed file public_raw.campaigns ................................ [[32mINSERT 3[0m in 0.35s]
[0m15:50:53.031075 [debug] [Thread-1 (]: Writing runtime SQL for node "seed.dbt_marketing_analytics.ad_spend"
[0m15:50:53.033179 [debug] [Thread-1 (]: On seed.dbt_marketing_analytics.ad_spend: COMMIT
[0m15:50:53.033730 [debug] [Thread-1 (]: Using postgres connection "seed.dbt_marketing_analytics.ad_spend"
[0m15:50:53.033903 [debug] [Thread-2 (]: Finished running node seed.dbt_marketing_analytics.campaigns
[0m15:50:53.034279 [debug] [Thread-1 (]: On seed.dbt_marketing_analytics.ad_spend: COMMIT
[0m15:50:53.042051 [debug] [Thread-1 (]: SQL status: COMMIT in 0.007 seconds
[0m15:50:53.043241 [debug] [Thread-1 (]: On seed.dbt_marketing_analytics.ad_spend: Close
[0m15:50:53.043928 [debug] [Thread-1 (]: Sending event: {'category': 'dbt', 'action': 'run_model', 'label': 'b98f3528-6001-4991-99ef-a55d95f8365f', 'context': [<snowplow_tracker.self_describing_json.SelfDescribingJson object at 0x7f4484330ef0>]}
[0m15:50:53.044545 [info ] [Thread-1 (]: 1 of 4 OK loaded seed file public_raw.ad_spend ................................. [[32mINSERT 273[0m in 0.37s]
[0m15:50:53.045471 [debug] [Thread-1 (]: Finished running node seed.dbt_marketing_analytics.ad_spend
[0m15:50:53.908406 [debug] [Thread-3 (]: Using postgres connection "seed.dbt_marketing_analytics.conversions"
[0m15:50:53.913974 [debug] [Thread-3 (]: On seed.dbt_marketing_analytics.conversions: /* {"app": "dbt", "dbt_version": "1.11.8", "profile_name": "dbt_marketing_analytics", "target_name": "dev", "node_id": "seed.dbt_marketing_analytics.conversions"} */

    create table "dw_analytics"."public_raw"."conversions" ("conversion_id" integer,"lead_id" integer,"converted_at" date,"revenue" float8)
  
[0m15:50:53.919497 [debug] [Thread-3 (]: Opening a new connection, currently in state init
[0m15:50:53.940295 [debug] [Thread-3 (]: SQL status: CREATE TABLE in 0.021 seconds
[0m15:50:55.848670 [debug] [Thread-4 (]: Using postgres connection "seed.dbt_marketing_analytics.leads"
[0m15:50:55.854196 [debug] [Thread-4 (]: On seed.dbt_marketing_analytics.leads: /* {"app": "dbt", "dbt_version": "1.11.8", "profile_name": "dbt_marketing_analytics", "target_name": "dev", "node_id": "seed.dbt_marketing_analytics.leads"} */

    create table "dw_analytics"."public_raw"."leads" ("lead_id" integer,"user_id" integer,"campaign_id" integer,"created_at" date,"canal" text)
  
[0m15:50:55.859695 [debug] [Thread-4 (]: Opening a new connection, currently in state init
[0m15:50:55.888163 [debug] [Thread-4 (]: SQL status: CREATE TABLE in 0.028 seconds
[0m15:51:05.151252 [debug] [Thread-3 (]: Using postgres connection "seed.dbt_marketing_analytics.conversions"
[0m15:51:05.156830 [debug] [Thread-3 (]: On seed.dbt_marketing_analytics.conversions: 
          insert into "dw_analytics"."public_raw"."conversions" ("conversion_id", "lead_id", "converted_at", "revenue") values
          (%s,%s,%s,%s),(%s,%s,%s,%s),(%s,%s,%s,%s),(%s,%s,%s,%s),(%s,%s,%s,%s),(%s,%s,%s,%s),(%s,%s,%s,%s),(%s,%s,%s,%s),(%s,%s,%s,%s),(%s,%s,%s,%s),(%s,%s,%s,%s),(%s,%s,%s,%s),(%s,%s,%s,%s),(%s,%s,%s,%s),(%s,%s,%s,%s),(%s,%s,%s,%s),(%s,%s,%s,%s),(%s,%s,%s,%s),(%s,%s,%s,%s),(%s,%s,%s,%s),(%s,%s,%s,%s),(%s,%s,%s,%s),(%s,%s,%s,%s),(%s,%s,%s,%s),(%s,%s,%s,%s),(%s,%s,%s,%s),(%s,%s,%s,...
[0m15:51:05.246850 [debug] [Thread-3 (]: SQL status: INSERT 0 10000 in 0.084 seconds
[0m15:51:06.367982 [debug] [Thread-3 (]: Using postgres connection "seed.dbt_marketing_analytics.conversions"
[0m15:51:06.373553 [debug] [Thread-3 (]: On seed.dbt_marketing_analytics.conversions: 
          insert into "dw_analytics"."public_raw"."conversions" ("conversion_id", "lead_id", "converted_at", "revenue") values
          (%s,%s,%s,%s),(%s,%s,%s,%s),(%s,%s,%s,%s),(%s,%s,%s,%s),(%s,%s,%s,%s),(%s,%s,%s,%s),(%s,%s,%s,%s),(%s,%s,%s,%s),(%s,%s,%s,%s),(%s,%s,%s,%s),(%s,%s,%s,%s),(%s,%s,%s,%s),(%s,%s,%s,%s),(%s,%s,%s,%s),(%s,%s,%s,%s),(%s,%s,%s,%s),(%s,%s,%s,%s),(%s,%s,%s,%s),(%s,%s,%s,%s),(%s,%s,%s,%s),(%s,%s,%s,%s),(%s,%s,%s,%s),(%s,%s,%s,%s),(%s,%s,%s,%s),(%s,%s,%s,%s),(%s,%s,%s,%s),(%s,%s,%s,...
[0m15:51:06.392503 [debug] [Thread-3 (]: SQL status: INSERT 0 1000 in 0.013 seconds
[0m15:51:06.398517 [debug] [Thread-3 (]: Writing runtime SQL for node "seed.dbt_marketing_analytics.conversions"
[0m15:51:06.425833 [debug] [Thread-3 (]: On seed.dbt_marketing_analytics.conversions: COMMIT
[0m15:51:06.431315 [debug] [Thread-3 (]: Using postgres connection "seed.dbt_marketing_analytics.conversions"
[0m15:51:06.436756 [debug] [Thread-3 (]: On seed.dbt_marketing_analytics.conversions: COMMIT
[0m15:51:06.454918 [debug] [Thread-3 (]: SQL status: COMMIT in 0.013 seconds
[0m15:51:06.460793 [debug] [Thread-3 (]: On seed.dbt_marketing_analytics.conversions: Close
[0m15:51:06.471508 [debug] [Thread-3 (]: Sending event: {'category': 'dbt', 'action': 'run_model', 'label': 'b98f3528-6001-4991-99ef-a55d95f8365f', 'context': [<snowplow_tracker.self_describing_json.SelfDescribingJson object at 0x7f446b64ebd0>]}
[0m15:51:06.477205 [info ] [Thread-3 (]: 3 of 4 OK loaded seed file public_raw.conversions .............................. [[32mINSERT 11000[0m in 13.80s]
[0m15:51:06.488195 [debug] [Thread-3 (]: Finished running node seed.dbt_marketing_analytics.conversions
[0m15:51:08.043795 [debug] [Thread-4 (]: Using postgres connection "seed.dbt_marketing_analytics.leads"
[0m15:51:08.044235 [debug] [Thread-4 (]: On seed.dbt_marketing_analytics.leads: 
          insert into "dw_analytics"."public_raw"."leads" ("lead_id", "user_id", "campaign_id", "created_at", "canal") values
          (%s,%s,%s,%s,%s),(%s,%s,%s,%s,%s),(%s,%s,%s,%s,%s),(%s,%s,%s,%s,%s),(%s,%s,%s,%s,%s),(%s,%s,%s,%s,%s),(%s,%s,%s,%s,%s),(%s,%s,%s,%s,%s),(%s,%s,%s,%s,%s),(%s,%s,%s,%s,%s),(%s,%s,%s,%s,%s),(%s,%s,%s,%s,%s),(%s,%s,%s,%s,%s),(%s,%s,%s,%s,%s),(%s,%s,%s,%s,%s),(%s,%s,%s,%s,%s),(%s,%s,%s,%s,%s),(%s,%s,%s,%s,%s),(%s,%s,%s,%s,%s),(%s,%s,%s,%s,%s),(%s,%s,%s,%s,%s),(%s,%s,%s,%s,%s),(...
[0m15:51:08.124907 [debug] [Thread-4 (]: SQL status: INSERT 0 10000 in 0.080 seconds
[0m15:51:14.905751 [debug] [Thread-4 (]: Using postgres connection "seed.dbt_marketing_analytics.leads"
[0m15:51:14.906210 [debug] [Thread-4 (]: On seed.dbt_marketing_analytics.leads: 
          insert into "dw_analytics"."public_raw"."leads" ("lead_id", "user_id", "campaign_id", "created_at", "canal") values
          (%s,%s,%s,%s,%s),(%s,%s,%s,%s,%s),(%s,%s,%s,%s,%s),(%s,%s,%s,%s,%s),(%s,%s,%s,%s,%s),(%s,%s,%s,%s,%s),(%s,%s,%s,%s,%s),(%s,%s,%s,%s,%s),(%s,%s,%s,%s,%s),(%s,%s,%s,%s,%s),(%s,%s,%s,%s,%s),(%s,%s,%s,%s,%s),(%s,%s,%s,%s,%s),(%s,%s,%s,%s,%s),(%s,%s,%s,%s,%s),(%s,%s,%s,%s,%s),(%s,%s,%s,%s,%s),(%s,%s,%s,%s,%s),(%s,%s,%s,%s,%s),(%s,%s,%s,%s,%s),(%s,%s,%s,%s,%s),(%s,%s,%s,%s,%s),(...
[0m15:51:14.986009 [debug] [Thread-4 (]: SQL status: INSERT 0 10000 in 0.079 seconds
[0m15:51:21.695219 [debug] [Thread-4 (]: Using postgres connection "seed.dbt_marketing_analytics.leads"
[0m15:51:21.695679 [debug] [Thread-4 (]: On seed.dbt_marketing_analytics.leads: 
          insert into "dw_analytics"."public_raw"."leads" ("lead_id", "user_id", "campaign_id", "created_at", "canal") values
          (%s,%s,%s,%s,%s),(%s,%s,%s,%s,%s),(%s,%s,%s,%s,%s),(%s,%s,%s,%s,%s),(%s,%s,%s,%s,%s),(%s,%s,%s,%s,%s),(%s,%s,%s,%s,%s),(%s,%s,%s,%s,%s),(%s,%s,%s,%s,%s),(%s,%s,%s,%s,%s),(%s,%s,%s,%s,%s),(%s,%s,%s,%s,%s),(%s,%s,%s,%s,%s),(%s,%s,%s,%s,%s),(%s,%s,%s,%s,%s),(%s,%s,%s,%s,%s),(%s,%s,%s,%s,%s),(%s,%s,%s,%s,%s),(%s,%s,%s,%s,%s),(%s,%s,%s,%s,%s),(%s,%s,%s,%s,%s),(%s,%s,%s,%s,%s),(...
[0m15:51:21.774469 [debug] [Thread-4 (]: SQL status: INSERT 0 10000 in 0.078 seconds
[0m15:51:28.497315 [debug] [Thread-4 (]: Using postgres connection "seed.dbt_marketing_analytics.leads"
[0m15:51:28.497756 [debug] [Thread-4 (]: On seed.dbt_marketing_analytics.leads: 
          insert into "dw_analytics"."public_raw"."leads" ("lead_id", "user_id", "campaign_id", "created_at", "canal") values
          (%s,%s,%s,%s,%s),(%s,%s,%s,%s,%s),(%s,%s,%s,%s,%s),(%s,%s,%s,%s,%s),(%s,%s,%s,%s,%s),(%s,%s,%s,%s,%s),(%s,%s,%s,%s,%s),(%s,%s,%s,%s,%s),(%s,%s,%s,%s,%s),(%s,%s,%s,%s,%s),(%s,%s,%s,%s,%s),(%s,%s,%s,%s,%s),(%s,%s,%s,%s,%s),(%s,%s,%s,%s,%s),(%s,%s,%s,%s,%s),(%s,%s,%s,%s,%s),(%s,%s,%s,%s,%s),(%s,%s,%s,%s,%s),(%s,%s,%s,%s,%s),(%s,%s,%s,%s,%s),(%s,%s,%s,%s,%s),(%s,%s,%s,%s,%s),(...
[0m15:51:28.578927 [debug] [Thread-4 (]: SQL status: INSERT 0 10000 in 0.081 seconds
[0m15:51:35.286767 [debug] [Thread-4 (]: Using postgres connection "seed.dbt_marketing_analytics.leads"
[0m15:51:35.287199 [debug] [Thread-4 (]: On seed.dbt_marketing_analytics.leads: 
          insert into "dw_analytics"."public_raw"."leads" ("lead_id", "user_id", "campaign_id", "created_at", "canal") values
          (%s,%s,%s,%s,%s),(%s,%s,%s,%s,%s),(%s,%s,%s,%s,%s),(%s,%s,%s,%s,%s),(%s,%s,%s,%s,%s),(%s,%s,%s,%s,%s),(%s,%s,%s,%s,%s),(%s,%s,%s,%s,%s),(%s,%s,%s,%s,%s),(%s,%s,%s,%s,%s),(%s,%s,%s,%s,%s),(%s,%s,%s,%s,%s),(%s,%s,%s,%s,%s),(%s,%s,%s,%s,%s),(%s,%s,%s,%s,%s),(%s,%s,%s,%s,%s),(%s,%s,%s,%s,%s),(%s,%s,%s,%s,%s),(%s,%s,%s,%s,%s),(%s,%s,%s,%s,%s),(%s,%s,%s,%s,%s),(%s,%s,%s,%s,%s),(...
[0m15:51:35.366394 [debug] [Thread-4 (]: SQL status: INSERT 0 10000 in 0.079 seconds
[0m15:51:35.367742 [debug] [Thread-4 (]: Writing runtime SQL for node "seed.dbt_marketing_analytics.leads"
[0m15:51:35.369444 [debug] [Thread-4 (]: On seed.dbt_marketing_analytics.leads: COMMIT
[0m15:51:35.369768 [debug] [Thread-4 (]: Using postgres connection "seed.dbt_marketing_analytics.leads"
[0m15:51:35.370062 [debug] [Thread-4 (]: On seed.dbt_marketing_analytics.leads: COMMIT
[0m15:51:35.379834 [debug] [Thread-4 (]: SQL status: COMMIT in 0.009 seconds
[0m15:51:35.380744 [debug] [Thread-4 (]: On seed.dbt_marketing_analytics.leads: Close
[0m15:51:35.381228 [debug] [Thread-4 (]: Sending event: {'category': 'dbt', 'action': 'run_model', 'label': 'b98f3528-6001-4991-99ef-a55d95f8365f', 'context': [<snowplow_tracker.self_describing_json.SelfDescribingJson object at 0x7f446b611130>]}
[0m15:51:35.381649 [info ] [Thread-4 (]: 4 of 4 OK loaded seed file public_raw.leads .................................... [[32mINSERT 50000[0m in 42.70s]
[0m15:51:35.382117 [debug] [Thread-4 (]: Finished running node seed.dbt_marketing_analytics.leads
[0m15:51:35.383240 [debug] [MainThread]: On master: COMMIT
[0m15:51:35.383601 [debug] [MainThread]: Using postgres connection "master"
[0m15:51:35.383861 [debug] [MainThread]: On master: COMMIT
[0m15:51:35.384104 [debug] [MainThread]: Opening a new connection, currently in state closed
[0m15:51:35.388952 [debug] [MainThread]: SQL status: COMMIT in 0.005 seconds
[0m15:51:35.389366 [debug] [MainThread]: On master: Close
[0m15:51:35.389758 [debug] [MainThread]: Connection 'master' was properly closed.
[0m15:51:35.390019 [debug] [MainThread]: Connection 'seed.dbt_marketing_analytics.ad_spend' was properly closed.
[0m15:51:35.390268 [debug] [MainThread]: Connection 'seed.dbt_marketing_analytics.campaigns' was properly closed.
[0m15:51:35.390503 [debug] [MainThread]: Connection 'seed.dbt_marketing_analytics.conversions' was properly closed.
[0m15:51:35.390731 [debug] [MainThread]: Connection 'seed.dbt_marketing_analytics.leads' was properly closed.
[0m15:51:35.391009 [info ] [MainThread]: 
[0m15:51:35.391322 [info ] [MainThread]: Finished running 4 seeds in 0 hours 0 minutes and 42.82 seconds (42.82s).
[0m15:51:35.392169 [debug] [MainThread]: Command end result
[0m15:51:35.410035 [debug] [MainThread]: Wrote artifact WritableManifest to /home/murilo/Área de trabalho/dbt-analytics-project/dbt_marketing_analytics/target/manifest.json
[0m15:51:35.411433 [debug] [MainThread]: Wrote artifact SemanticManifest to /home/murilo/Área de trabalho/dbt-analytics-project/dbt_marketing_analytics/target/semantic_manifest.json
[0m15:51:35.416194 [debug] [MainThread]: Wrote artifact RunExecutionResult to /home/murilo/Área de trabalho/dbt-analytics-project/dbt_marketing_analytics/target/run_results.json
[0m15:51:35.416538 [info ] [MainThread]: 
[0m15:51:35.416873 [info ] [MainThread]: [32mCompleted successfully[0m
[0m15:51:35.417152 [info ] [MainThread]: 
[0m15:51:35.417445 [info ] [MainThread]: Done. PASS=4 WARN=0 ERROR=0 SKIP=0 NO-OP=0 TOTAL=4
[0m15:51:35.420126 [debug] [MainThread]: Resource report: {"command_name": "seed", "command_success": true, "command_wall_clock_time": 43.958473, "process_in_blocks": "3240", "process_kernel_time": 0.426469, "process_mem_max_rss": "188024", "process_out_blocks": "3616", "process_user_time": 44.309505}
[0m15:51:35.420656 [debug] [MainThread]: Command `dbt seed` succeeded at 15:51:35.420566 after 43.96 seconds
[0m15:51:35.420962 [debug] [MainThread]: Sending event: {'category': 'dbt', 'action': 'invocation', 'label': 'end', 'context': [<snowplow_tracker.self_describing_json.SelfDescribingJson object at 0x7f44860faae0>, <snowplow_tracker.self_describing_json.SelfDescribingJson object at 0x7f4486af1790>, <snowplow_tracker.self_describing_json.SelfDescribingJson object at 0x7f4486af0e00>]}
[0m15:51:35.421275 [debug] [MainThread]: Flushing usage events
[0m15:51:36.537329 [debug] [MainThread]: An error was encountered while trying to flush usage events
[0m16:18:20.646883 [debug] [MainThread]: Sending event: {'category': 'dbt', 'action': 'invocation', 'label': 'start', 'context': [<snowplow_tracker.self_describing_json.SelfDescribingJson object at 0x7f1b422eeea0>, <snowplow_tracker.self_describing_json.SelfDescribingJson object at 0x7f1b419d9c70>, <snowplow_tracker.self_describing_json.SelfDescribingJson object at 0x7f1b44c129f0>]}


============================== 16:18:20.652693 | 5f0da1fe-3a1a-4626-a3e5-fb0687bff282 ==============================
[0m16:18:20.652693 [info ] [MainThread]: Running with dbt=1.11.8
[0m16:18:20.653337 [debug] [MainThread]: running dbt with arguments {'partial_parse': 'True', 'log_format': 'default', 'warn_error_options': 'WarnErrorOptionsV2(error=[], warn=[], silence=[])', 'debug': 'False', 'send_anonymous_usage_stats': 'True', 'introspect': 'True', 'cache_selected_only': 'False', 'printer_width': '80', 'invocation_command': 'dbt seed', 'use_experimental_parser': 'False', 'version_check': 'True', 'log_cache_events': 'False', 'use_colors': 'True', 'log_path': '/home/murilo/Área de trabalho/dbt-analytics-project/dbt_marketing_analytics/logs', 'no_print': 'None', 'profiles_dir': '/home/murilo/.dbt', 'empty': 'None', 'indirect_selection': 'eager', 'target_path': 'None', 'warn_error': 'None', 'quiet': 'False', 'static_parser': 'True', 'fail_fast': 'False', 'write_json': 'True'}
[0m16:18:20.777738 [debug] [MainThread]: Sending event: {'category': 'dbt', 'action': 'project_id', 'label': '5f0da1fe-3a1a-4626-a3e5-fb0687bff282', 'context': [<snowplow_tracker.self_describing_json.SelfDescribingJson object at 0x7f1b4111db80>]}
[0m16:18:20.826487 [debug] [MainThread]: Sending event: {'category': 'dbt', 'action': 'adapter_info', 'label': '5f0da1fe-3a1a-4626-a3e5-fb0687bff282', 'context': [<snowplow_tracker.self_describing_json.SelfDescribingJson object at 0x7f1b42bd1e80>]}
[0m16:18:20.827278 [info ] [MainThread]: Registered adapter: postgres=1.10.0
[0m16:18:20.911716 [debug] [MainThread]: checksum: 7d524ac048c2100769df89d592e662e060a73ca564e31bd9c2a37efdfe8d8ab6, vars: {}, profile: , target: , version: 1.11.8
[0m16:18:20.958128 [info ] [MainThread]: Unable to do partial parsing because a project config has changed
[0m16:18:20.958569 [debug] [MainThread]: Sending event: {'category': 'dbt', 'action': 'partial_parser', 'label': '5f0da1fe-3a1a-4626-a3e5-fb0687bff282', 'context': [<snowplow_tracker.self_describing_json.SelfDescribingJson object at 0x7f1b40108650>]}
[0m16:18:21.529856 [error] [MainThread]: Encountered an error:
Parsing Error
  at path []: A seed must have a materialized value of 'seed'
[0m16:18:21.530778 [debug] [MainThread]: Resource report: {"command_name": "seed", "command_success": false, "command_wall_clock_time": 0.92798996, "process_in_blocks": "944", "process_kernel_time": 0.167232, "process_mem_max_rss": "116268", "process_out_blocks": "16", "process_user_time": 1.824079}
[0m16:18:21.531226 [debug] [MainThread]: Command `dbt seed` failed at 16:18:21.531141 after 0.93 seconds
[0m16:18:21.531570 [debug] [MainThread]: Sending event: {'category': 'dbt', 'action': 'invocation', 'label': 'end', 'context': [<snowplow_tracker.self_describing_json.SelfDescribingJson object at 0x7f1b41ccf560>, <snowplow_tracker.self_describing_json.SelfDescribingJson object at 0x7f1b40d08dd0>, <snowplow_tracker.self_describing_json.SelfDescribingJson object at 0x7f1b40d08170>]}
[0m16:18:21.531898 [debug] [MainThread]: Flushing usage events
[0m16:18:22.498363 [debug] [MainThread]: An error was encountered while trying to flush usage events
[0m16:18:51.907480 [debug] [MainThread]: Sending event: {'category': 'dbt', 'action': 'invocation', 'label': 'start', 'context': [<snowplow_tracker.self_describing_json.SelfDescribingJson object at 0x7f8de0107ad0>, <snowplow_tracker.self_describing_json.SelfDescribingJson object at 0x7f8ddfc1bd40>, <snowplow_tracker.self_describing_json.SelfDescribingJson object at 0x7f8ddfe36ea0>]}


============================== 16:18:51.910075 | 3c612280-b47f-4b6d-bc39-0b5abb54bb1c ==============================
[0m16:18:51.910075 [info ] [MainThread]: Running with dbt=1.11.8
[0m16:18:51.910532 [debug] [MainThread]: running dbt with arguments {'partial_parse': 'True', 'version_check': 'True', 'empty': 'None', 'log_path': '/home/murilo/Área de trabalho/dbt-analytics-project/dbt_marketing_analytics/logs', 'introspect': 'True', 'write_json': 'True', 'fail_fast': 'False', 'invocation_command': 'dbt seed', 'quiet': 'False', 'send_anonymous_usage_stats': 'True', 'log_cache_events': 'False', 'printer_width': '80', 'debug': 'False', 'profiles_dir': '/home/murilo/.dbt', 'no_print': 'None', 'log_format': 'default', 'indirect_selection': 'eager', 'use_experimental_parser': 'False', 'warn_error_options': 'WarnErrorOptionsV2(error=[], warn=[], silence=[])', 'use_colors': 'True', 'warn_error': 'None', 'cache_selected_only': 'False', 'static_parser': 'True', 'target_path': 'None'}
[0m16:18:52.032597 [debug] [MainThread]: Sending event: {'category': 'dbt', 'action': 'project_id', 'label': '3c612280-b47f-4b6d-bc39-0b5abb54bb1c', 'context': [<snowplow_tracker.self_describing_json.SelfDescribingJson object at 0x7f8ddf221ac0>]}
[0m16:18:52.081433 [debug] [MainThread]: Sending event: {'category': 'dbt', 'action': 'adapter_info', 'label': '3c612280-b47f-4b6d-bc39-0b5abb54bb1c', 'context': [<snowplow_tracker.self_describing_json.SelfDescribingJson object at 0x7f8de1fccef0>]}
[0m16:18:52.082081 [info ] [MainThread]: Registered adapter: postgres=1.10.0
[0m16:18:52.161930 [debug] [MainThread]: checksum: 7d524ac048c2100769df89d592e662e060a73ca564e31bd9c2a37efdfe8d8ab6, vars: {}, profile: , target: , version: 1.11.8
[0m16:18:52.206449 [info ] [MainThread]: Unable to do partial parsing because a project config has changed
[0m16:18:52.206854 [debug] [MainThread]: Sending event: {'category': 'dbt', 'action': 'partial_parser', 'label': '3c612280-b47f-4b6d-bc39-0b5abb54bb1c', 'context': [<snowplow_tracker.self_describing_json.SelfDescribingJson object at 0x7f8dde3c3e30>]}
[0m16:18:52.899162 [warn ] [MainThread]: [[33mWARNING[0m]: Did not find matching node for patch with name 'campaings' in the 'seeds' section of file 'seeds/raw/schema..yml'
[0m16:18:52.992881 [warn ] [MainThread]: [[33mWARNING[0m]: Test 'test.dbt_marketing_analytics.unique_campaings_campaign_id.8e825e31a6' (seeds/raw/schema..yml) depends on a node named 'campaings' in package '' which was not found
[0m16:18:52.993356 [warn ] [MainThread]: [[33mWARNING[0m]: Test 'test.dbt_marketing_analytics.not_null_campaings_campaign_id.001294a529' (seeds/raw/schema..yml) depends on a node named 'campaings' in package '' which was not found
[0m16:18:52.993712 [warn ] [MainThread]: [[33mWARNING[0m]: Test 'test.dbt_marketing_analytics.not_null_campaings_canal.9f9ebe079d' (seeds/raw/schema..yml) depends on a node named 'campaings' in package '' which was not found
[0m16:18:52.994036 [warn ] [MainThread]: [[33mWARNING[0m]: Test 'test.dbt_marketing_analytics.not_null_campaings_nome_campanha.831d5ce601' (seeds/raw/schema..yml) depends on a node named 'campaings' in package '' which was not found
[0m16:18:52.994357 [warn ] [MainThread]: [[33mWARNING[0m]: Test 'test.dbt_marketing_analytics.not_null_campaings_orcamento.fee9c5d1d4' (seeds/raw/schema..yml) depends on a node named 'campaings' in package '' which was not found
[0m16:18:53.053422 [warn ] [MainThread]: [[33mWARNING[0m]: Configuration paths exist in your dbt_project.yml file which do not apply to any resources.
There are 2 unused configuration paths:
- models.dbt_marketing_analytics.staging
- models.dbt_marketing_analytics.marts
[0m16:18:53.057511 [debug] [MainThread]: Sending event: {'category': 'dbt', 'action': 'load_project', 'label': '3c612280-b47f-4b6d-bc39-0b5abb54bb1c', 'context': [<snowplow_tracker.self_describing_json.SelfDescribingJson object at 0x7f8dddba23c0>]}
[0m16:18:53.113008 [debug] [MainThread]: Wrote artifact WritableManifest to /home/murilo/Área de trabalho/dbt-analytics-project/dbt_marketing_analytics/target/manifest.json
[0m16:18:53.114409 [debug] [MainThread]: Wrote artifact SemanticManifest to /home/murilo/Área de trabalho/dbt-analytics-project/dbt_marketing_analytics/target/semantic_manifest.json
[0m16:18:53.125238 [debug] [MainThread]: Sending event: {'category': 'dbt', 'action': 'resource_counts', 'label': '3c612280-b47f-4b6d-bc39-0b5abb54bb1c', 'context': [<snowplow_tracker.self_describing_json.SelfDescribingJson object at 0x7f8ddd7a05f0>]}
[0m16:18:53.125663 [info ] [MainThread]: Found 4 seeds, 7 data tests, 465 macros
[0m16:18:53.125973 [debug] [MainThread]: Sending event: {'category': 'dbt', 'action': 'runnable_timing', 'label': '3c612280-b47f-4b6d-bc39-0b5abb54bb1c', 'context': [<snowplow_tracker.self_describing_json.SelfDescribingJson object at 0x7f8dddfef230>]}
[0m16:18:53.127450 [info ] [MainThread]: 
[0m16:18:53.127768 [info ] [MainThread]: Concurrency: 4 threads (target='dev')
[0m16:18:53.128039 [info ] [MainThread]: 
[0m16:18:53.128481 [debug] [MainThread]: Acquiring new postgres connection 'master'
[0m16:18:53.131526 [debug] [ThreadPool]: Acquiring new postgres connection 'list_dw_analytics'
[0m16:18:53.164247 [debug] [ThreadPool]: Using postgres connection "list_dw_analytics"
[0m16:18:53.164614 [debug] [ThreadPool]: On list_dw_analytics: /* {"app": "dbt", "dbt_version": "1.11.8", "profile_name": "dbt_marketing_analytics", "target_name": "dev", "connection_name": "list_dw_analytics"} */

    select distinct nspname from pg_namespace
  
[0m16:18:53.164877 [debug] [ThreadPool]: Opening a new connection, currently in state init
[0m16:18:53.173432 [debug] [ThreadPool]: SQL status: SELECT 4 in 0.008 seconds
[0m16:18:53.174575 [debug] [ThreadPool]: On list_dw_analytics: Close
[0m16:18:53.175152 [debug] [ThreadPool]: Re-using an available connection from the pool (formerly list_dw_analytics, now create_dw_analytics_public_raw)
[0m16:18:53.175531 [debug] [ThreadPool]: Creating schema "database: "dw_analytics"
schema: "public_raw"
"
[0m16:18:53.180423 [debug] [ThreadPool]: Using postgres connection "create_dw_analytics_public_raw"
[0m16:18:53.180713 [debug] [ThreadPool]: On create_dw_analytics_public_raw: /* {"app": "dbt", "dbt_version": "1.11.8", "profile_name": "dbt_marketing_analytics", "target_name": "dev", "connection_name": "create_dw_analytics_public_raw"} */
create schema if not exists "public_raw"
[0m16:18:53.180970 [debug] [ThreadPool]: Opening a new connection, currently in state closed
[0m16:18:53.185351 [debug] [ThreadPool]: SQL status: CREATE SCHEMA in 0.004 seconds
[0m16:18:53.186180 [debug] [ThreadPool]: On create_dw_analytics_public_raw: COMMIT
[0m16:18:53.186464 [debug] [ThreadPool]: Using postgres connection "create_dw_analytics_public_raw"
[0m16:18:53.186713 [debug] [ThreadPool]: On create_dw_analytics_public_raw: COMMIT
[0m16:18:53.198614 [debug] [ThreadPool]: SQL status: COMMIT in 0.012 seconds
[0m16:18:53.199041 [debug] [ThreadPool]: On create_dw_analytics_public_raw: Close
[0m16:18:53.200402 [debug] [ThreadPool]: Re-using an available connection from the pool (formerly create_dw_analytics_public_raw, now list_dw_analytics_public_raw)
[0m16:18:53.204848 [debug] [ThreadPool]: Using postgres connection "list_dw_analytics_public_raw"
[0m16:18:53.205159 [debug] [ThreadPool]: On list_dw_analytics_public_raw: /* {"app": "dbt", "dbt_version": "1.11.8", "profile_name": "dbt_marketing_analytics", "target_name": "dev", "connection_name": "list_dw_analytics_public_raw"} */
select
      'dw_analytics' as database,
      tablename as name,
      schemaname as schema,
      'table' as type
    from pg_tables
    where schemaname ilike 'public_raw'
    union all
    select
      'dw_analytics' as database,
      viewname as name,
      schemaname as schema,
      'view' as type
    from pg_views
    where schemaname ilike 'public_raw'
    union all
    select
      'dw_analytics' as database,
      matviewname as name,
      schemaname as schema,
      'materialized_view' as type
    from pg_matviews
    where schemaname ilike 'public_raw'
  
[0m16:18:53.205426 [debug] [ThreadPool]: Opening a new connection, currently in state closed
[0m16:18:53.211895 [debug] [ThreadPool]: SQL status: SELECT 0 in 0.006 seconds
[0m16:18:53.213060 [debug] [ThreadPool]: On list_dw_analytics_public_raw: ROLLBACK
[0m16:18:53.213450 [debug] [ThreadPool]: On list_dw_analytics_public_raw: Close
[0m16:18:53.216711 [debug] [MainThread]: Using postgres connection "master"
[0m16:18:53.217050 [debug] [MainThread]: On master: /* {"app": "dbt", "dbt_version": "1.11.8", "profile_name": "dbt_marketing_analytics", "target_name": "dev", "connection_name": "master"} */
select distinct
        dependent_namespace.nspname as dependent_schema,
        dependent_class.relname as dependent_name,
        referenced_namespace.nspname as referenced_schema,
        referenced_class.relname as referenced_name

    -- Query for views: views are entries in pg_class with an entry in pg_rewrite, but we avoid
    -- a seq scan on pg_rewrite by leveraging the fact there is an "internal" row in pg_depend for
    -- the view...
    from pg_class as dependent_class
    join pg_namespace as dependent_namespace on dependent_namespace.oid = dependent_class.relnamespace
    join pg_depend as dependent_depend on dependent_depend.refobjid = dependent_class.oid
        and dependent_depend.classid = 'pg_rewrite'::regclass
        and dependent_depend.refclassid = 'pg_class'::regclass
        and dependent_depend.deptype = 'i'

    -- ... and via pg_depend (that has a row per column, hence the need for "distinct" above, and
    -- making sure to exclude the internal row to avoid a view appearing to depend on itself)...
    join pg_depend as joining_depend on joining_depend.objid = dependent_depend.objid
        and joining_depend.classid = 'pg_rewrite'::regclass
        and joining_depend.refclassid = 'pg_class'::regclass
        and joining_depend.refobjid != dependent_depend.refobjid

    -- ... we can find the tables they query from in pg_class, but excluding system tables. Note we
    -- don't need need to exclude _dependent_ system tables, because they only query from other
    -- system tables, and so are automatically excluded by excluding _referenced_ system tables
    join pg_class as referenced_class on referenced_class.oid = joining_depend.refobjid
    join pg_namespace as referenced_namespace on referenced_namespace.oid = referenced_class.relnamespace
        and referenced_namespace.nspname != 'information_schema'
        and referenced_namespace.nspname not like 'pg\_%'

    order by
        dependent_schema, dependent_name, referenced_schema, referenced_name;
[0m16:18:53.217415 [debug] [MainThread]: Opening a new connection, currently in state init
[0m16:18:53.223413 [debug] [MainThread]: SQL status: SELECT 0 in 0.006 seconds
[0m16:18:53.224509 [debug] [MainThread]: Sending event: {'category': 'dbt', 'action': 'runnable_timing', 'label': '3c612280-b47f-4b6d-bc39-0b5abb54bb1c', 'context': [<snowplow_tracker.self_describing_json.SelfDescribingJson object at 0x7f8dddb5f7d0>]}
[0m16:18:53.224885 [debug] [MainThread]: On master: ROLLBACK
[0m16:18:53.225284 [debug] [MainThread]: On master: COMMIT
[0m16:18:53.225556 [debug] [MainThread]: Using postgres connection "master"
[0m16:18:53.225802 [debug] [MainThread]: On master: COMMIT
[0m16:18:53.226242 [debug] [MainThread]: SQL status: COMMIT in 0.000 seconds
[0m16:18:53.226503 [debug] [MainThread]: On master: Close
[0m16:18:53.229062 [debug] [Thread-1 (]: Began running node seed.dbt_marketing_analytics.ad_spend
[0m16:18:53.229519 [debug] [Thread-2 (]: Began running node seed.dbt_marketing_analytics.campaigns
[0m16:18:53.230369 [debug] [Thread-3 (]: Began running node seed.dbt_marketing_analytics.conversions
[0m16:18:53.230774 [debug] [Thread-4 (]: Began running node seed.dbt_marketing_analytics.leads
[0m16:18:53.230014 [info ] [Thread-1 (]: 1 of 4 START seed file public_raw.ad_spend ..................................... [RUN]
[0m16:18:53.231255 [info ] [Thread-2 (]: 2 of 4 START seed file public_raw.campaigns .................................... [RUN]
[0m16:18:53.231694 [info ] [Thread-3 (]: 3 of 4 START seed file public_raw.conversions .................................. [RUN]
[0m16:18:53.232130 [info ] [Thread-4 (]: 4 of 4 START seed file public_raw.leads ........................................ [RUN]
[0m16:18:53.232539 [debug] [Thread-1 (]: Re-using an available connection from the pool (formerly list_dw_analytics_public_raw, now seed.dbt_marketing_analytics.ad_spend)
[0m16:18:53.233002 [debug] [Thread-2 (]: Acquiring new postgres connection 'seed.dbt_marketing_analytics.campaigns'
[0m16:18:53.233444 [debug] [Thread-3 (]: Acquiring new postgres connection 'seed.dbt_marketing_analytics.conversions'
[0m16:18:53.233820 [debug] [Thread-4 (]: Acquiring new postgres connection 'seed.dbt_marketing_analytics.leads'
[0m16:18:53.234167 [debug] [Thread-1 (]: Began compiling node seed.dbt_marketing_analytics.ad_spend
[0m16:18:53.234486 [debug] [Thread-2 (]: Began compiling node seed.dbt_marketing_analytics.campaigns
[0m16:18:53.234883 [debug] [Thread-3 (]: Began compiling node seed.dbt_marketing_analytics.conversions
[0m16:18:53.235246 [debug] [Thread-4 (]: Began compiling node seed.dbt_marketing_analytics.leads
[0m16:18:53.235583 [debug] [Thread-1 (]: Began executing node seed.dbt_marketing_analytics.ad_spend
[0m16:18:53.235998 [debug] [Thread-2 (]: Began executing node seed.dbt_marketing_analytics.campaigns
[0m16:18:53.236383 [debug] [Thread-3 (]: Began executing node seed.dbt_marketing_analytics.conversions
[0m16:18:53.236719 [debug] [Thread-4 (]: Began executing node seed.dbt_marketing_analytics.leads
[0m16:18:53.270670 [debug] [Thread-2 (]: Using postgres connection "seed.dbt_marketing_analytics.campaigns"
[0m16:18:53.274264 [debug] [Thread-1 (]: Using postgres connection "seed.dbt_marketing_analytics.ad_spend"
[0m16:18:53.274657 [debug] [Thread-2 (]: On seed.dbt_marketing_analytics.campaigns: /* {"app": "dbt", "dbt_version": "1.11.8", "profile_name": "dbt_marketing_analytics", "target_name": "dev", "node_id": "seed.dbt_marketing_analytics.campaigns"} */

    create table "dw_analytics"."public_raw"."campaigns" ("campaign_id" integer,"canal" text,"nome_campanha" text,"orcamento" integer)
  
[0m16:18:53.291358 [debug] [Thread-1 (]: On seed.dbt_marketing_analytics.ad_spend: /* {"app": "dbt", "dbt_version": "1.11.8", "profile_name": "dbt_marketing_analytics", "target_name": "dev", "node_id": "seed.dbt_marketing_analytics.ad_spend"} */

    create table "dw_analytics"."public_raw"."ad_spend" ("date" date,"canal" text,"spend" float8)
  
[0m16:18:53.374902 [debug] [Thread-2 (]: Opening a new connection, currently in state init
[0m16:18:53.395229 [debug] [Thread-1 (]: Opening a new connection, currently in state closed
[0m16:18:53.463992 [debug] [Thread-2 (]: SQL status: CREATE TABLE in 0.089 seconds
[0m16:18:53.494400 [debug] [Thread-2 (]: Using postgres connection "seed.dbt_marketing_analytics.campaigns"
[0m16:18:53.499878 [debug] [Thread-2 (]: On seed.dbt_marketing_analytics.campaigns: 
          insert into "dw_analytics"."public_raw"."campaigns" ("campaign_id", "canal", "nome_campanha", "orcamento") values
          (%s,%s,%s,%s),(%s,%s,%s,%s),(%s,%s,%s,%s)
      ...
[0m16:18:53.500233 [debug] [Thread-1 (]: SQL status: CREATE TABLE in 0.105 seconds
[0m16:18:53.521142 [debug] [Thread-2 (]: SQL status: INSERT 0 3 in 0.006 seconds
[0m16:18:53.761891 [debug] [Thread-1 (]: Using postgres connection "seed.dbt_marketing_analytics.ad_spend"
[0m16:18:53.771469 [debug] [Thread-2 (]: Writing runtime SQL for node "seed.dbt_marketing_analytics.campaigns"
[0m16:18:53.782688 [debug] [Thread-1 (]: On seed.dbt_marketing_analytics.ad_spend: 
          insert into "dw_analytics"."public_raw"."ad_spend" ("date", "canal", "spend") values
          (%s,%s,%s),(%s,%s,%s),(%s,%s,%s),(%s,%s,%s),(%s,%s,%s),(%s,%s,%s),(%s,%s,%s),(%s,%s,%s),(%s,%s,%s),(%s,%s,%s),(%s,%s,%s),(%s,%s,%s),(%s,%s,%s),(%s,%s,%s),(%s,%s,%s),(%s,%s,%s),(%s,%s,%s),(%s,%s,%s),(%s,%s,%s),(%s,%s,%s),(%s,%s,%s),(%s,%s,%s),(%s,%s,%s),(%s,%s,%s),(%s,%s,%s),(%s,%s,%s),(%s,%s,%s),(%s,%s,%s),(%s,%s,%s),(%s,%s,%s),(%s,%s,%s),(%s,%s,%s),(%s,%s,%s),(%s,%s,%s),(%s,%s,%s),(%s,%s,%s),(%s,%s,%s)...
[0m16:18:53.851580 [debug] [Thread-3 (]: Using postgres connection "seed.dbt_marketing_analytics.conversions"
[0m16:18:53.928715 [debug] [Thread-3 (]: On seed.dbt_marketing_analytics.conversions: /* {"app": "dbt", "dbt_version": "1.11.8", "profile_name": "dbt_marketing_analytics", "target_name": "dev", "node_id": "seed.dbt_marketing_analytics.conversions"} */

    create table "dw_analytics"."public_raw"."conversions" ("conversion_id" integer,"lead_id" integer,"converted_at" date,"revenue" float8)
  
[0m16:18:53.929313 [debug] [Thread-2 (]: On seed.dbt_marketing_analytics.campaigns: COMMIT
[0m16:18:53.939375 [debug] [Thread-1 (]: SQL status: INSERT 0 273 in 0.030 seconds
[0m16:18:53.949441 [debug] [Thread-3 (]: Opening a new connection, currently in state init
[0m16:18:53.964736 [debug] [Thread-2 (]: Using postgres connection "seed.dbt_marketing_analytics.campaigns"
[0m16:18:53.980344 [debug] [Thread-1 (]: Writing runtime SQL for node "seed.dbt_marketing_analytics.ad_spend"
[0m16:18:54.010099 [debug] [Thread-3 (]: SQL status: CREATE TABLE in 0.061 seconds
[0m16:18:54.020214 [debug] [Thread-2 (]: On seed.dbt_marketing_analytics.campaigns: COMMIT
[0m16:18:54.052148 [debug] [Thread-1 (]: On seed.dbt_marketing_analytics.ad_spend: COMMIT
[0m16:18:54.077957 [debug] [Thread-2 (]: SQL status: COMMIT in 0.020 seconds
[0m16:18:54.108439 [debug] [Thread-1 (]: Using postgres connection "seed.dbt_marketing_analytics.ad_spend"
[0m16:18:54.192847 [debug] [Thread-2 (]: On seed.dbt_marketing_analytics.campaigns: Close
[0m16:18:54.201774 [debug] [Thread-1 (]: On seed.dbt_marketing_analytics.ad_spend: COMMIT
[0m16:18:54.294809 [debug] [Thread-2 (]: Sending event: {'category': 'dbt', 'action': 'run_model', 'label': '3c612280-b47f-4b6d-bc39-0b5abb54bb1c', 'context': [<snowplow_tracker.self_describing_json.SelfDescribingJson object at 0x7f8de02da090>]}
[0m16:18:54.300509 [info ] [Thread-2 (]: 2 of 4 OK loaded seed file public_raw.campaigns ................................ [[32mINSERT 3[0m in 1.01s]
[0m16:18:54.306120 [debug] [Thread-1 (]: SQL status: COMMIT in 0.011 seconds
[0m16:18:54.316536 [debug] [Thread-2 (]: Finished running node seed.dbt_marketing_analytics.campaigns
[0m16:18:54.337026 [debug] [Thread-1 (]: On seed.dbt_marketing_analytics.ad_spend: Close
[0m16:18:54.524576 [debug] [Thread-1 (]: Sending event: {'category': 'dbt', 'action': 'run_model', 'label': '3c612280-b47f-4b6d-bc39-0b5abb54bb1c', 'context': [<snowplow_tracker.self_describing_json.SelfDescribingJson object at 0x7f8ddeb146e0>]}
[0m16:18:54.530276 [info ] [Thread-1 (]: 1 of 4 OK loaded seed file public_raw.ad_spend ................................. [[32mINSERT 273[0m in 1.29s]
[0m16:18:54.541177 [debug] [Thread-1 (]: Finished running node seed.dbt_marketing_analytics.ad_spend
[0m16:18:56.039347 [debug] [Thread-4 (]: Using postgres connection "seed.dbt_marketing_analytics.leads"
[0m16:18:56.044858 [debug] [Thread-4 (]: On seed.dbt_marketing_analytics.leads: /* {"app": "dbt", "dbt_version": "1.11.8", "profile_name": "dbt_marketing_analytics", "target_name": "dev", "node_id": "seed.dbt_marketing_analytics.leads"} */

    create table "dw_analytics"."public_raw"."leads" ("lead_id" integer,"user_id" integer,"campaign_id" integer,"created_at" date,"canal" text)
  
[0m16:18:56.050361 [debug] [Thread-4 (]: Opening a new connection, currently in state init
[0m16:18:56.077867 [debug] [Thread-4 (]: SQL status: CREATE TABLE in 0.027 seconds
[0m16:19:05.659521 [debug] [Thread-3 (]: Using postgres connection "seed.dbt_marketing_analytics.conversions"
[0m16:19:05.665045 [debug] [Thread-3 (]: On seed.dbt_marketing_analytics.conversions: 
          insert into "dw_analytics"."public_raw"."conversions" ("conversion_id", "lead_id", "converted_at", "revenue") values
          (%s,%s,%s,%s),(%s,%s,%s,%s),(%s,%s,%s,%s),(%s,%s,%s,%s),(%s,%s,%s,%s),(%s,%s,%s,%s),(%s,%s,%s,%s),(%s,%s,%s,%s),(%s,%s,%s,%s),(%s,%s,%s,%s),(%s,%s,%s,%s),(%s,%s,%s,%s),(%s,%s,%s,%s),(%s,%s,%s,%s),(%s,%s,%s,%s),(%s,%s,%s,%s),(%s,%s,%s,%s),(%s,%s,%s,%s),(%s,%s,%s,%s),(%s,%s,%s,%s),(%s,%s,%s,%s),(%s,%s,%s,%s),(%s,%s,%s,%s),(%s,%s,%s,%s),(%s,%s,%s,%s),(%s,%s,%s,%s),(%s,%s,%s,...
[0m16:19:05.753599 [debug] [Thread-3 (]: SQL status: INSERT 0 10000 in 0.083 seconds
[0m16:19:06.863970 [debug] [Thread-3 (]: Using postgres connection "seed.dbt_marketing_analytics.conversions"
[0m16:19:06.869481 [debug] [Thread-3 (]: On seed.dbt_marketing_analytics.conversions: 
          insert into "dw_analytics"."public_raw"."conversions" ("conversion_id", "lead_id", "converted_at", "revenue") values
          (%s,%s,%s,%s),(%s,%s,%s,%s),(%s,%s,%s,%s),(%s,%s,%s,%s),(%s,%s,%s,%s),(%s,%s,%s,%s),(%s,%s,%s,%s),(%s,%s,%s,%s),(%s,%s,%s,%s),(%s,%s,%s,%s),(%s,%s,%s,%s),(%s,%s,%s,%s),(%s,%s,%s,%s),(%s,%s,%s,%s),(%s,%s,%s,%s),(%s,%s,%s,%s),(%s,%s,%s,%s),(%s,%s,%s,%s),(%s,%s,%s,%s),(%s,%s,%s,%s),(%s,%s,%s,%s),(%s,%s,%s,%s),(%s,%s,%s,%s),(%s,%s,%s,%s),(%s,%s,%s,%s),(%s,%s,%s,%s),(%s,%s,%s,...
[0m16:19:06.888007 [debug] [Thread-3 (]: SQL status: INSERT 0 1000 in 0.013 seconds
[0m16:19:06.893867 [debug] [Thread-3 (]: Writing runtime SQL for node "seed.dbt_marketing_analytics.conversions"
[0m16:19:06.921186 [debug] [Thread-3 (]: On seed.dbt_marketing_analytics.conversions: COMMIT
[0m16:19:06.926702 [debug] [Thread-3 (]: Using postgres connection "seed.dbt_marketing_analytics.conversions"
[0m16:19:06.932156 [debug] [Thread-3 (]: On seed.dbt_marketing_analytics.conversions: COMMIT
[0m16:19:06.949829 [debug] [Thread-3 (]: SQL status: COMMIT in 0.012 seconds
[0m16:19:06.955634 [debug] [Thread-3 (]: On seed.dbt_marketing_analytics.conversions: Close
[0m16:19:06.966427 [debug] [Thread-3 (]: Sending event: {'category': 'dbt', 'action': 'run_model', 'label': '3c612280-b47f-4b6d-bc39-0b5abb54bb1c', 'context': [<snowplow_tracker.self_describing_json.SelfDescribingJson object at 0x7f8dd4cdb5f0>]}
[0m16:19:06.972005 [info ] [Thread-3 (]: 3 of 4 OK loaded seed file public_raw.conversions .............................. [[32mINSERT 11000[0m in 13.73s]
[0m16:19:06.977593 [debug] [Thread-3 (]: Finished running node seed.dbt_marketing_analytics.conversions
[0m16:19:08.469718 [debug] [Thread-4 (]: Using postgres connection "seed.dbt_marketing_analytics.leads"
[0m16:19:08.470139 [debug] [Thread-4 (]: On seed.dbt_marketing_analytics.leads: 
          insert into "dw_analytics"."public_raw"."leads" ("lead_id", "user_id", "campaign_id", "created_at", "canal") values
          (%s,%s,%s,%s,%s),(%s,%s,%s,%s,%s),(%s,%s,%s,%s,%s),(%s,%s,%s,%s,%s),(%s,%s,%s,%s,%s),(%s,%s,%s,%s,%s),(%s,%s,%s,%s,%s),(%s,%s,%s,%s,%s),(%s,%s,%s,%s,%s),(%s,%s,%s,%s,%s),(%s,%s,%s,%s,%s),(%s,%s,%s,%s,%s),(%s,%s,%s,%s,%s),(%s,%s,%s,%s,%s),(%s,%s,%s,%s,%s),(%s,%s,%s,%s,%s),(%s,%s,%s,%s,%s),(%s,%s,%s,%s,%s),(%s,%s,%s,%s,%s),(%s,%s,%s,%s,%s),(%s,%s,%s,%s,%s),(%s,%s,%s,%s,%s),(...
[0m16:19:08.549729 [debug] [Thread-4 (]: SQL status: INSERT 0 10000 in 0.079 seconds
[0m16:19:15.294384 [debug] [Thread-4 (]: Using postgres connection "seed.dbt_marketing_analytics.leads"
[0m16:19:15.294799 [debug] [Thread-4 (]: On seed.dbt_marketing_analytics.leads: 
          insert into "dw_analytics"."public_raw"."leads" ("lead_id", "user_id", "campaign_id", "created_at", "canal") values
          (%s,%s,%s,%s,%s),(%s,%s,%s,%s,%s),(%s,%s,%s,%s,%s),(%s,%s,%s,%s,%s),(%s,%s,%s,%s,%s),(%s,%s,%s,%s,%s),(%s,%s,%s,%s,%s),(%s,%s,%s,%s,%s),(%s,%s,%s,%s,%s),(%s,%s,%s,%s,%s),(%s,%s,%s,%s,%s),(%s,%s,%s,%s,%s),(%s,%s,%s,%s,%s),(%s,%s,%s,%s,%s),(%s,%s,%s,%s,%s),(%s,%s,%s,%s,%s),(%s,%s,%s,%s,%s),(%s,%s,%s,%s,%s),(%s,%s,%s,%s,%s),(%s,%s,%s,%s,%s),(%s,%s,%s,%s,%s),(%s,%s,%s,%s,%s),(...
[0m16:19:15.375514 [debug] [Thread-4 (]: SQL status: INSERT 0 10000 in 0.080 seconds
[0m16:19:22.132805 [debug] [Thread-4 (]: Using postgres connection "seed.dbt_marketing_analytics.leads"
[0m16:19:22.133358 [debug] [Thread-4 (]: On seed.dbt_marketing_analytics.leads: 
          insert into "dw_analytics"."public_raw"."leads" ("lead_id", "user_id", "campaign_id", "created_at", "canal") values
          (%s,%s,%s,%s,%s),(%s,%s,%s,%s,%s),(%s,%s,%s,%s,%s),(%s,%s,%s,%s,%s),(%s,%s,%s,%s,%s),(%s,%s,%s,%s,%s),(%s,%s,%s,%s,%s),(%s,%s,%s,%s,%s),(%s,%s,%s,%s,%s),(%s,%s,%s,%s,%s),(%s,%s,%s,%s,%s),(%s,%s,%s,%s,%s),(%s,%s,%s,%s,%s),(%s,%s,%s,%s,%s),(%s,%s,%s,%s,%s),(%s,%s,%s,%s,%s),(%s,%s,%s,%s,%s),(%s,%s,%s,%s,%s),(%s,%s,%s,%s,%s),(%s,%s,%s,%s,%s),(%s,%s,%s,%s,%s),(%s,%s,%s,%s,%s),(...
[0m16:19:22.210375 [debug] [Thread-4 (]: SQL status: INSERT 0 10000 in 0.077 seconds
[0m16:19:29.053459 [debug] [Thread-4 (]: Using postgres connection "seed.dbt_marketing_analytics.leads"
[0m16:19:29.053893 [debug] [Thread-4 (]: On seed.dbt_marketing_analytics.leads: 
          insert into "dw_analytics"."public_raw"."leads" ("lead_id", "user_id", "campaign_id", "created_at", "canal") values
          (%s,%s,%s,%s,%s),(%s,%s,%s,%s,%s),(%s,%s,%s,%s,%s),(%s,%s,%s,%s,%s),(%s,%s,%s,%s,%s),(%s,%s,%s,%s,%s),(%s,%s,%s,%s,%s),(%s,%s,%s,%s,%s),(%s,%s,%s,%s,%s),(%s,%s,%s,%s,%s),(%s,%s,%s,%s,%s),(%s,%s,%s,%s,%s),(%s,%s,%s,%s,%s),(%s,%s,%s,%s,%s),(%s,%s,%s,%s,%s),(%s,%s,%s,%s,%s),(%s,%s,%s,%s,%s),(%s,%s,%s,%s,%s),(%s,%s,%s,%s,%s),(%s,%s,%s,%s,%s),(%s,%s,%s,%s,%s),(%s,%s,%s,%s,%s),(...
[0m16:19:29.132540 [debug] [Thread-4 (]: SQL status: INSERT 0 10000 in 0.078 seconds
[0m16:19:35.905672 [debug] [Thread-4 (]: Using postgres connection "seed.dbt_marketing_analytics.leads"
[0m16:19:35.906086 [debug] [Thread-4 (]: On seed.dbt_marketing_analytics.leads: 
          insert into "dw_analytics"."public_raw"."leads" ("lead_id", "user_id", "campaign_id", "created_at", "canal") values
          (%s,%s,%s,%s,%s),(%s,%s,%s,%s,%s),(%s,%s,%s,%s,%s),(%s,%s,%s,%s,%s),(%s,%s,%s,%s,%s),(%s,%s,%s,%s,%s),(%s,%s,%s,%s,%s),(%s,%s,%s,%s,%s),(%s,%s,%s,%s,%s),(%s,%s,%s,%s,%s),(%s,%s,%s,%s,%s),(%s,%s,%s,%s,%s),(%s,%s,%s,%s,%s),(%s,%s,%s,%s,%s),(%s,%s,%s,%s,%s),(%s,%s,%s,%s,%s),(%s,%s,%s,%s,%s),(%s,%s,%s,%s,%s),(%s,%s,%s,%s,%s),(%s,%s,%s,%s,%s),(%s,%s,%s,%s,%s),(%s,%s,%s,%s,%s),(...
[0m16:19:35.984475 [debug] [Thread-4 (]: SQL status: INSERT 0 10000 in 0.078 seconds
[0m16:19:35.985899 [debug] [Thread-4 (]: Writing runtime SQL for node "seed.dbt_marketing_analytics.leads"
[0m16:19:35.987793 [debug] [Thread-4 (]: On seed.dbt_marketing_analytics.leads: COMMIT
[0m16:19:35.988136 [debug] [Thread-4 (]: Using postgres connection "seed.dbt_marketing_analytics.leads"
[0m16:19:35.988446 [debug] [Thread-4 (]: On seed.dbt_marketing_analytics.leads: COMMIT
[0m16:19:35.998414 [debug] [Thread-4 (]: SQL status: COMMIT in 0.010 seconds
[0m16:19:35.999204 [debug] [Thread-4 (]: On seed.dbt_marketing_analytics.leads: Close
[0m16:19:35.999687 [debug] [Thread-4 (]: Sending event: {'category': 'dbt', 'action': 'run_model', 'label': '3c612280-b47f-4b6d-bc39-0b5abb54bb1c', 'context': [<snowplow_tracker.self_describing_json.SelfDescribingJson object at 0x7f8dd4996270>]}
[0m16:19:36.000132 [info ] [Thread-4 (]: 4 of 4 OK loaded seed file public_raw.leads .................................... [[32mINSERT 50000[0m in 42.77s]
[0m16:19:36.000611 [debug] [Thread-4 (]: Finished running node seed.dbt_marketing_analytics.leads
[0m16:19:36.001746 [debug] [MainThread]: On master: COMMIT
[0m16:19:36.002041 [debug] [MainThread]: Using postgres connection "master"
[0m16:19:36.002309 [debug] [MainThread]: On master: COMMIT
[0m16:19:36.002557 [debug] [MainThread]: Opening a new connection, currently in state closed
[0m16:19:36.006742 [debug] [MainThread]: SQL status: COMMIT in 0.004 seconds
[0m16:19:36.007205 [debug] [MainThread]: On master: Close
[0m16:19:36.007668 [debug] [MainThread]: Connection 'master' was properly closed.
[0m16:19:36.007930 [debug] [MainThread]: Connection 'seed.dbt_marketing_analytics.ad_spend' was properly closed.
[0m16:19:36.008184 [debug] [MainThread]: Connection 'seed.dbt_marketing_analytics.campaigns' was properly closed.
[0m16:19:36.008415 [debug] [MainThread]: Connection 'seed.dbt_marketing_analytics.conversions' was properly closed.
[0m16:19:36.008635 [debug] [MainThread]: Connection 'seed.dbt_marketing_analytics.leads' was properly closed.
[0m16:19:36.008911 [info ] [MainThread]: 
[0m16:19:36.009268 [info ] [MainThread]: Finished running 4 seeds in 0 hours 0 minutes and 42.88 seconds (42.88s).
[0m16:19:36.010176 [debug] [MainThread]: Command end result
[0m16:19:36.031780 [debug] [MainThread]: Wrote artifact WritableManifest to /home/murilo/Área de trabalho/dbt-analytics-project/dbt_marketing_analytics/target/manifest.json
[0m16:19:36.033435 [debug] [MainThread]: Wrote artifact SemanticManifest to /home/murilo/Área de trabalho/dbt-analytics-project/dbt_marketing_analytics/target/semantic_manifest.json
[0m16:19:36.038103 [debug] [MainThread]: Wrote artifact RunExecutionResult to /home/murilo/Área de trabalho/dbt-analytics-project/dbt_marketing_analytics/target/run_results.json
[0m16:19:36.038457 [info ] [MainThread]: 
[0m16:19:36.038793 [info ] [MainThread]: [32mCompleted successfully[0m
[0m16:19:36.039061 [info ] [MainThread]: 
[0m16:19:36.039363 [info ] [MainThread]: Done. PASS=4 WARN=0 ERROR=0 SKIP=0 NO-OP=0 TOTAL=4
[0m16:19:36.040070 [debug] [MainThread]: Resource report: {"command_name": "seed", "command_success": true, "command_wall_clock_time": 44.177902, "process_in_blocks": "1048", "process_kernel_time": 0.257025, "process_mem_max_rss": "189100", "process_out_blocks": "3816", "process_user_time": 44.602493}
[0m16:19:36.040452 [debug] [MainThread]: Command `dbt seed` succeeded at 16:19:36.040379 after 44.18 seconds
[0m16:19:36.040755 [debug] [MainThread]: Sending event: {'category': 'dbt', 'action': 'invocation', 'label': 'end', 'context': [<snowplow_tracker.self_describing_json.SelfDescribingJson object at 0x7f8de0107ec0>, <snowplow_tracker.self_describing_json.SelfDescribingJson object at 0x7f8dde306ae0>, <snowplow_tracker.self_describing_json.SelfDescribingJson object at 0x7f8ddf341880>]}
[0m16:19:36.041058 [debug] [MainThread]: Flushing usage events
[0m16:19:36.782057 [debug] [MainThread]: An error was encountered while trying to flush usage events
[0m16:20:42.907703 [debug] [MainThread]: Sending event: {'category': 'dbt', 'action': 'invocation', 'label': 'start', 'context': [<snowplow_tracker.self_describing_json.SelfDescribingJson object at 0x7f9bd4928b60>, <snowplow_tracker.self_describing_json.SelfDescribingJson object at 0x7f9bd47982f0>, <snowplow_tracker.self_describing_json.SelfDescribingJson object at 0x7f9bd49280b0>]}


============================== 16:20:42.910237 | dc1313d9-3835-4fd1-807d-8b22b290fe83 ==============================
[0m16:20:42.910237 [info ] [MainThread]: Running with dbt=1.11.8
[0m16:20:42.910659 [debug] [MainThread]: running dbt with arguments {'indirect_selection': 'eager', 'fail_fast': 'False', 'warn_error_options': 'WarnErrorOptionsV2(error=[], warn=[], silence=[])', 'empty': 'None', 'log_path': '/home/murilo/Área de trabalho/dbt-analytics-project/dbt_marketing_analytics/logs', 'send_anonymous_usage_stats': 'True', 'invocation_command': 'dbt debug', 'static_parser': 'True', 'use_experimental_parser': 'False', 'log_format': 'default', 'profiles_dir': '/home/murilo/.dbt', 'use_colors': 'True', 'printer_width': '80', 'target_path': 'None', 'partial_parse': 'True', 'quiet': 'False', 'cache_selected_only': 'False', 'debug': 'False', 'log_cache_events': 'False', 'warn_error': 'None', 'no_print': 'None', 'introspect': 'True', 'write_json': 'True', 'version_check': 'True'}
[0m16:20:42.917660 [info ] [MainThread]: dbt version: 1.11.8
[0m16:20:42.918014 [info ] [MainThread]: python version: 3.12.13
[0m16:20:42.918290 [info ] [MainThread]: python path: /home/murilo/Área de trabalho/dbt-analytics-project/.venv/bin/python3.12
[0m16:20:42.918552 [info ] [MainThread]: os info: Linux-6.19.11-200.fc43.x86_64-x86_64-with-glibc2.42
[0m16:20:42.948629 [info ] [MainThread]: Using profiles dir at /home/murilo/.dbt
[0m16:20:42.949019 [info ] [MainThread]: Using profiles.yml file at /home/murilo/.dbt/profiles.yml
[0m16:20:42.949299 [info ] [MainThread]: Using dbt_project.yml file at /home/murilo/Área de trabalho/dbt-analytics-project/dbt_marketing_analytics/dbt_project.yml
[0m16:20:43.031688 [info ] [MainThread]: Configuration:
[0m16:20:43.032089 [info ] [MainThread]:   profiles.yml file [[31mERROR invalid[0m]
[0m16:20:43.032370 [info ] [MainThread]:   dbt_project.yml file [[32mOK found and valid[0m]
[0m16:20:43.032630 [info ] [MainThread]: Required dependencies:
[0m16:20:43.032929 [debug] [MainThread]: Executing "git --help"
[0m16:20:43.034578 [debug] [MainThread]: STDOUT: "b"usage: git [-v | --version] [-h | --help] [-C <path>] [-c <name>=<value>]\n           [--exec-path[=<path>]] [--html-path] [--man-path] [--info-path]\n           [-p | --paginate | -P | --no-pager] [--no-replace-objects] [--no-lazy-fetch]\n           [--no-optional-locks] [--no-advice] [--bare] [--git-dir=<path>]\n           [--work-tree=<path>] [--namespace=<name>] [--config-env=<name>=<envvar>]\n           <command> [<args>]\n\nThese are common Git commands used in various situations:\n\nstart a working area (see also: git help tutorial)\n   clone      Clone a repository into a new directory\n   init       Create an empty Git repository or reinitialize an existing one\n\nwork on the current change (see also: git help everyday)\n   add        Add file contents to the index\n   mv         Move or rename a file, a directory, or a symlink\n   restore    Restore working tree files\n   rm         Remove files from the working tree and from the index\n\nexamine the history and state (see also: git help revisions)\n   bisect     Use binary search to find the commit that introduced a bug\n   diff       Show changes between commits, commit and working tree, etc\n   grep       Print lines matching a pattern\n   log        Show commit logs\n   show       Show various types of objects\n   status     Show the working tree status\n\ngrow, mark and tweak your common history\n   backfill   Download missing objects in a partial clone\n   branch     List, create, or delete branches\n   commit     Record changes to the repository\n   merge      Join two or more development histories together\n   rebase     Reapply commits on top of another base tip\n   reset      Set `HEAD` or the index to a known state\n   switch     Switch branches\n   tag        Create, list, delete or verify tags\n\ncollaborate (see also: git help workflows)\n   fetch      Download objects and refs from another repository\n   pull       Fetch from and integrate with another repository or a local branch\n   push       Update remote refs along with associated objects\n\n'git help -a' and 'git help -g' list available subcommands and some\nconcept guides. See 'git help <command>' or 'git help <concept>'\nto read about a specific subcommand or concept.\nSee 'git help git' for an overview of the system.\n""
[0m16:20:43.034897 [debug] [MainThread]: STDERR: "b''"
[0m16:20:43.035167 [info ] [MainThread]:  - git [[32mOK found[0m]

[0m16:20:43.035430 [info ] [MainThread]: Connection test skipped since no profile was found
[0m16:20:43.035691 [info ] [MainThread]: [31m1 check failed:[0m
[0m16:20:43.035942 [info ] [MainThread]: Profile loading failed for the following reason:
Runtime Error
  Credentials in profile "dbt_marketing_analytics", target "dev" invalid: 'schema' is a required property


[0m16:20:43.036637 [debug] [MainThread]: Resource report: {"command_name": "debug", "command_success": false, "command_wall_clock_time": 0.17230487, "process_in_blocks": "24", "process_kernel_time": 0.117048, "process_mem_max_rss": "110460", "process_out_blocks": "16", "process_user_time": 1.125408}
[0m16:20:43.037016 [debug] [MainThread]: Command `dbt debug` failed at 16:20:43.036942 after 0.17 seconds
[0m16:20:43.037332 [debug] [MainThread]: Sending event: {'category': 'dbt', 'action': 'invocation', 'label': 'end', 'context': [<snowplow_tracker.self_describing_json.SelfDescribingJson object at 0x7f9bd4e71e50>, <snowplow_tracker.self_describing_json.SelfDescribingJson object at 0x7f9bd431d430>, <snowplow_tracker.self_describing_json.SelfDescribingJson object at 0x7f9bd40a2630>]}
[0m16:20:43.037656 [debug] [MainThread]: Flushing usage events
[0m16:20:43.625192 [debug] [MainThread]: An error was encountered while trying to flush usage events
[0m16:20:57.674219 [debug] [MainThread]: Sending event: {'category': 'dbt', 'action': 'invocation', 'label': 'start', 'context': [<snowplow_tracker.self_describing_json.SelfDescribingJson object at 0x7f3e476c7170>, <snowplow_tracker.self_describing_json.SelfDescribingJson object at 0x7f3e4992ba10>, <snowplow_tracker.self_describing_json.SelfDescribingJson object at 0x7f3e47b7e960>]}


============================== 16:20:57.676828 | 20bdc5de-95df-4a96-aaf4-d3f8a7d3ed81 ==============================
[0m16:20:57.676828 [info ] [MainThread]: Running with dbt=1.11.8
[0m16:20:57.677300 [debug] [MainThread]: running dbt with arguments {'log_path': '/home/murilo/Área de trabalho/dbt-analytics-project/dbt_marketing_analytics/logs', 'no_print': 'None', 'cache_selected_only': 'False', 'warn_error': 'None', 'static_parser': 'True', 'use_colors': 'True', 'version_check': 'True', 'debug': 'False', 'profiles_dir': '/home/murilo/.dbt', 'printer_width': '80', 'use_experimental_parser': 'False', 'write_json': 'True', 'empty': 'None', 'invocation_command': 'dbt debug', 'partial_parse': 'True', 'send_anonymous_usage_stats': 'True', 'warn_error_options': 'WarnErrorOptionsV2(error=[], warn=[], silence=[])', 'target_path': 'None', 'quiet': 'False', 'log_cache_events': 'False', 'indirect_selection': 'eager', 'log_format': 'default', 'fail_fast': 'False', 'introspect': 'True'}
[0m16:20:57.683667 [info ] [MainThread]: dbt version: 1.11.8
[0m16:20:57.683996 [info ] [MainThread]: python version: 3.12.13
[0m16:20:57.684286 [info ] [MainThread]: python path: /home/murilo/Área de trabalho/dbt-analytics-project/.venv/bin/python3.12
[0m16:20:57.684567 [info ] [MainThread]: os info: Linux-6.19.11-200.fc43.x86_64-x86_64-with-glibc2.42
[0m16:20:57.713745 [info ] [MainThread]: Using profiles dir at /home/murilo/.dbt
[0m16:20:57.714132 [info ] [MainThread]: Using profiles.yml file at /home/murilo/.dbt/profiles.yml
[0m16:20:57.714417 [info ] [MainThread]: Using dbt_project.yml file at /home/murilo/Área de trabalho/dbt-analytics-project/dbt_marketing_analytics/dbt_project.yml
[0m16:20:57.794516 [info ] [MainThread]: Configuration:
[0m16:20:57.794939 [info ] [MainThread]:   profiles.yml file [[31mERROR invalid[0m]
[0m16:20:57.795230 [info ] [MainThread]:   dbt_project.yml file [[32mOK found and valid[0m]
[0m16:20:57.795496 [info ] [MainThread]: Required dependencies:
[0m16:20:57.795784 [debug] [MainThread]: Executing "git --help"
[0m16:20:57.797379 [debug] [MainThread]: STDOUT: "b"usage: git [-v | --version] [-h | --help] [-C <path>] [-c <name>=<value>]\n           [--exec-path[=<path>]] [--html-path] [--man-path] [--info-path]\n           [-p | --paginate | -P | --no-pager] [--no-replace-objects] [--no-lazy-fetch]\n           [--no-optional-locks] [--no-advice] [--bare] [--git-dir=<path>]\n           [--work-tree=<path>] [--namespace=<name>] [--config-env=<name>=<envvar>]\n           <command> [<args>]\n\nThese are common Git commands used in various situations:\n\nstart a working area (see also: git help tutorial)\n   clone      Clone a repository into a new directory\n   init       Create an empty Git repository or reinitialize an existing one\n\nwork on the current change (see also: git help everyday)\n   add        Add file contents to the index\n   mv         Move or rename a file, a directory, or a symlink\n   restore    Restore working tree files\n   rm         Remove files from the working tree and from the index\n\nexamine the history and state (see also: git help revisions)\n   bisect     Use binary search to find the commit that introduced a bug\n   diff       Show changes between commits, commit and working tree, etc\n   grep       Print lines matching a pattern\n   log        Show commit logs\n   show       Show various types of objects\n   status     Show the working tree status\n\ngrow, mark and tweak your common history\n   backfill   Download missing objects in a partial clone\n   branch     List, create, or delete branches\n   commit     Record changes to the repository\n   merge      Join two or more development histories together\n   rebase     Reapply commits on top of another base tip\n   reset      Set `HEAD` or the index to a known state\n   switch     Switch branches\n   tag        Create, list, delete or verify tags\n\ncollaborate (see also: git help workflows)\n   fetch      Download objects and refs from another repository\n   pull       Fetch from and integrate with another repository or a local branch\n   push       Update remote refs along with associated objects\n\n'git help -a' and 'git help -g' list available subcommands and some\nconcept guides. See 'git help <command>' or 'git help <concept>'\nto read about a specific subcommand or concept.\nSee 'git help git' for an overview of the system.\n""
[0m16:20:57.797703 [debug] [MainThread]: STDERR: "b''"
[0m16:20:57.797954 [info ] [MainThread]:  - git [[32mOK found[0m]

[0m16:20:57.798278 [info ] [MainThread]: Connection test skipped since no profile was found
[0m16:20:57.798597 [info ] [MainThread]: [31m1 check failed:[0m
[0m16:20:57.798904 [info ] [MainThread]: Profile loading failed for the following reason:
Runtime Error
  Credentials in profile "dbt_marketing_analytics", target "dev" invalid: 'schema' is a required property


[0m16:20:57.799722 [debug] [MainThread]: Resource report: {"command_name": "debug", "command_success": false, "command_wall_clock_time": 0.16848786, "process_in_blocks": "0", "process_kernel_time": 0.119136, "process_mem_max_rss": "110160", "process_out_blocks": "8", "process_user_time": 1.112853}
[0m16:20:57.800169 [debug] [MainThread]: Command `dbt debug` failed at 16:20:57.800052 after 0.17 seconds
[0m16:20:57.800620 [debug] [MainThread]: Sending event: {'category': 'dbt', 'action': 'invocation', 'label': 'end', 'context': [<snowplow_tracker.self_describing_json.SelfDescribingJson object at 0x7f3e47df4980>, <snowplow_tracker.self_describing_json.SelfDescribingJson object at 0x7f3e4b5b79b0>, <snowplow_tracker.self_describing_json.SelfDescribingJson object at 0x7f3e46df5250>]}
[0m16:20:57.801093 [debug] [MainThread]: Flushing usage events
[0m16:20:58.366680 [debug] [MainThread]: An error was encountered while trying to flush usage events
[0m16:21:17.312819 [debug] [MainThread]: Sending event: {'category': 'dbt', 'action': 'invocation', 'label': 'start', 'context': [<snowplow_tracker.self_describing_json.SelfDescribingJson object at 0x7fb81812e840>, <snowplow_tracker.self_describing_json.SelfDescribingJson object at 0x7fb81a781340>, <snowplow_tracker.self_describing_json.SelfDescribingJson object at 0x7fb817f9c1a0>]}


============================== 16:21:17.315354 | 690b7759-3b0e-428f-b7dc-147dbcf9f296 ==============================
[0m16:21:17.315354 [info ] [MainThread]: Running with dbt=1.11.8
[0m16:21:17.315778 [debug] [MainThread]: running dbt with arguments {'printer_width': '80', 'debug': 'False', 'no_print': 'None', 'partial_parse': 'True', 'static_parser': 'True', 'invocation_command': 'dbt debug', 'log_cache_events': 'False', 'target_path': 'None', 'profiles_dir': '/home/murilo/.dbt', 'quiet': 'False', 'indirect_selection': 'eager', 'write_json': 'True', 'cache_selected_only': 'False', 'introspect': 'True', 'log_format': 'default', 'fail_fast': 'False', 'use_experimental_parser': 'False', 'send_anonymous_usage_stats': 'True', 'use_colors': 'True', 'version_check': 'True', 'warn_error_options': 'WarnErrorOptionsV2(error=[], warn=[], silence=[])', 'empty': 'None', 'log_path': '/home/murilo/Área de trabalho/dbt-analytics-project/dbt_marketing_analytics/logs', 'warn_error': 'None'}
[0m16:21:17.322418 [info ] [MainThread]: dbt version: 1.11.8
[0m16:21:17.322818 [info ] [MainThread]: python version: 3.12.13
[0m16:21:17.323101 [info ] [MainThread]: python path: /home/murilo/Área de trabalho/dbt-analytics-project/.venv/bin/python3.12
[0m16:21:17.323390 [info ] [MainThread]: os info: Linux-6.19.11-200.fc43.x86_64-x86_64-with-glibc2.42
[0m16:21:17.352711 [info ] [MainThread]: Using profiles dir at /home/murilo/.dbt
[0m16:21:17.353097 [info ] [MainThread]: Using profiles.yml file at /home/murilo/.dbt/profiles.yml
[0m16:21:17.353381 [info ] [MainThread]: Using dbt_project.yml file at /home/murilo/Área de trabalho/dbt-analytics-project/dbt_marketing_analytics/dbt_project.yml
[0m16:21:17.434817 [info ] [MainThread]: Configuration:
[0m16:21:17.435223 [info ] [MainThread]:   profiles.yml file [[31mERROR invalid[0m]
[0m16:21:17.435505 [info ] [MainThread]:   dbt_project.yml file [[32mOK found and valid[0m]
[0m16:21:17.435772 [info ] [MainThread]: Required dependencies:
[0m16:21:17.436059 [debug] [MainThread]: Executing "git --help"
[0m16:21:17.437744 [debug] [MainThread]: STDOUT: "b"usage: git [-v | --version] [-h | --help] [-C <path>] [-c <name>=<value>]\n           [--exec-path[=<path>]] [--html-path] [--man-path] [--info-path]\n           [-p | --paginate | -P | --no-pager] [--no-replace-objects] [--no-lazy-fetch]\n           [--no-optional-locks] [--no-advice] [--bare] [--git-dir=<path>]\n           [--work-tree=<path>] [--namespace=<name>] [--config-env=<name>=<envvar>]\n           <command> [<args>]\n\nThese are common Git commands used in various situations:\n\nstart a working area (see also: git help tutorial)\n   clone      Clone a repository into a new directory\n   init       Create an empty Git repository or reinitialize an existing one\n\nwork on the current change (see also: git help everyday)\n   add        Add file contents to the index\n   mv         Move or rename a file, a directory, or a symlink\n   restore    Restore working tree files\n   rm         Remove files from the working tree and from the index\n\nexamine the history and state (see also: git help revisions)\n   bisect     Use binary search to find the commit that introduced a bug\n   diff       Show changes between commits, commit and working tree, etc\n   grep       Print lines matching a pattern\n   log        Show commit logs\n   show       Show various types of objects\n   status     Show the working tree status\n\ngrow, mark and tweak your common history\n   backfill   Download missing objects in a partial clone\n   branch     List, create, or delete branches\n   commit     Record changes to the repository\n   merge      Join two or more development histories together\n   rebase     Reapply commits on top of another base tip\n   reset      Set `HEAD` or the index to a known state\n   switch     Switch branches\n   tag        Create, list, delete or verify tags\n\ncollaborate (see also: git help workflows)\n   fetch      Download objects and refs from another repository\n   pull       Fetch from and integrate with another repository or a local branch\n   push       Update remote refs along with associated objects\n\n'git help -a' and 'git help -g' list available subcommands and some\nconcept guides. See 'git help <command>' or 'git help <concept>'\nto read about a specific subcommand or concept.\nSee 'git help git' for an overview of the system.\n""
[0m16:21:17.438145 [debug] [MainThread]: STDERR: "b''"
[0m16:21:17.438430 [info ] [MainThread]:  - git [[32mOK found[0m]

[0m16:21:17.438702 [info ] [MainThread]: Connection test skipped since no profile was found
[0m16:21:17.438981 [info ] [MainThread]: [31m1 check failed:[0m
[0m16:21:17.439252 [info ] [MainThread]: Profile loading failed for the following reason:
Runtime Error
  Credentials in profile "dbt_marketing_analytics", target "dev" invalid: 'schema' is a required property


[0m16:21:17.439936 [debug] [MainThread]: Resource report: {"command_name": "debug", "command_success": false, "command_wall_clock_time": 0.17032823, "process_in_blocks": "0", "process_kernel_time": 0.12633, "process_mem_max_rss": "110268", "process_out_blocks": "16", "process_user_time": 1.108848}
[0m16:21:17.440342 [debug] [MainThread]: Command `dbt debug` failed at 16:21:17.440250 after 0.17 seconds
[0m16:21:17.440782 [debug] [MainThread]: Sending event: {'category': 'dbt', 'action': 'invocation', 'label': 'end', 'context': [<snowplow_tracker.self_describing_json.SelfDescribingJson object at 0x7fb8188105c0>, <snowplow_tracker.self_describing_json.SelfDescribingJson object at 0x7fb81a68a1b0>, <snowplow_tracker.self_describing_json.SelfDescribingJson object at 0x7fb81a781340>]}
[0m16:21:17.441180 [debug] [MainThread]: Flushing usage events
[0m16:21:18.016140 [debug] [MainThread]: An error was encountered while trying to flush usage events
[0m16:22:19.515511 [debug] [MainThread]: Sending event: {'category': 'dbt', 'action': 'invocation', 'label': 'start', 'context': [<snowplow_tracker.self_describing_json.SelfDescribingJson object at 0x7f33d8ee8620>, <snowplow_tracker.self_describing_json.SelfDescribingJson object at 0x7f33da0639e0>, <snowplow_tracker.self_describing_json.SelfDescribingJson object at 0x7f33d973d700>]}


============================== 16:22:19.517972 | ad8a47f1-80e7-4eb6-ad22-706d70ed1d1a ==============================
[0m16:22:19.517972 [info ] [MainThread]: Running with dbt=1.11.8
[0m16:22:19.518406 [debug] [MainThread]: running dbt with arguments {'empty': 'None', 'version_check': 'True', 'introspect': 'True', 'static_parser': 'True', 'write_json': 'True', 'warn_error': 'None', 'use_colors': 'True', 'invocation_command': 'dbt debug', 'target_path': 'None', 'use_experimental_parser': 'False', 'printer_width': '80', 'fail_fast': 'False', 'send_anonymous_usage_stats': 'True', 'log_format': 'default', 'debug': 'False', 'indirect_selection': 'eager', 'no_print': 'None', 'partial_parse': 'True', 'warn_error_options': 'WarnErrorOptionsV2(error=[], warn=[], silence=[])', 'cache_selected_only': 'False', 'profiles_dir': '/home/murilo/.dbt', 'quiet': 'False', 'log_cache_events': 'False', 'log_path': '/home/murilo/Área de trabalho/dbt-analytics-project/dbt_marketing_analytics/logs'}
[0m16:22:19.525078 [info ] [MainThread]: dbt version: 1.11.8
[0m16:22:19.525539 [info ] [MainThread]: python version: 3.12.13
[0m16:22:19.525859 [info ] [MainThread]: python path: /home/murilo/Área de trabalho/dbt-analytics-project/.venv/bin/python3.12
[0m16:22:19.526184 [info ] [MainThread]: os info: Linux-6.19.11-200.fc43.x86_64-x86_64-with-glibc2.42
[0m16:22:19.560403 [info ] [MainThread]: Using profiles dir at /home/murilo/.dbt
[0m16:22:19.560807 [info ] [MainThread]: Using profiles.yml file at /home/murilo/.dbt/profiles.yml
[0m16:22:19.561079 [info ] [MainThread]: Using dbt_project.yml file at /home/murilo/Área de trabalho/dbt-analytics-project/dbt_marketing_analytics/dbt_project.yml
[0m16:22:19.561520 [info ] [MainThread]: adapter type: postgres
[0m16:22:19.561836 [info ] [MainThread]: adapter version: 1.10.0
[0m16:22:19.641628 [info ] [MainThread]: Configuration:
[0m16:22:19.642072 [info ] [MainThread]:   profiles.yml file [[32mOK found and valid[0m]
[0m16:22:19.642422 [info ] [MainThread]:   dbt_project.yml file [[32mOK found and valid[0m]
[0m16:22:19.642749 [info ] [MainThread]: Required dependencies:
[0m16:22:19.643082 [debug] [MainThread]: Executing "git --help"
[0m16:22:19.644839 [debug] [MainThread]: STDOUT: "b"usage: git [-v | --version] [-h | --help] [-C <path>] [-c <name>=<value>]\n           [--exec-path[=<path>]] [--html-path] [--man-path] [--info-path]\n           [-p | --paginate | -P | --no-pager] [--no-replace-objects] [--no-lazy-fetch]\n           [--no-optional-locks] [--no-advice] [--bare] [--git-dir=<path>]\n           [--work-tree=<path>] [--namespace=<name>] [--config-env=<name>=<envvar>]\n           <command> [<args>]\n\nThese are common Git commands used in various situations:\n\nstart a working area (see also: git help tutorial)\n   clone      Clone a repository into a new directory\n   init       Create an empty Git repository or reinitialize an existing one\n\nwork on the current change (see also: git help everyday)\n   add        Add file contents to the index\n   mv         Move or rename a file, a directory, or a symlink\n   restore    Restore working tree files\n   rm         Remove files from the working tree and from the index\n\nexamine the history and state (see also: git help revisions)\n   bisect     Use binary search to find the commit that introduced a bug\n   diff       Show changes between commits, commit and working tree, etc\n   grep       Print lines matching a pattern\n   log        Show commit logs\n   show       Show various types of objects\n   status     Show the working tree status\n\ngrow, mark and tweak your common history\n   backfill   Download missing objects in a partial clone\n   branch     List, create, or delete branches\n   commit     Record changes to the repository\n   merge      Join two or more development histories together\n   rebase     Reapply commits on top of another base tip\n   reset      Set `HEAD` or the index to a known state\n   switch     Switch branches\n   tag        Create, list, delete or verify tags\n\ncollaborate (see also: git help workflows)\n   fetch      Download objects and refs from another repository\n   pull       Fetch from and integrate with another repository or a local branch\n   push       Update remote refs along with associated objects\n\n'git help -a' and 'git help -g' list available subcommands and some\nconcept guides. See 'git help <command>' or 'git help <concept>'\nto read about a specific subcommand or concept.\nSee 'git help git' for an overview of the system.\n""
[0m16:22:19.645217 [debug] [MainThread]: STDERR: "b''"
[0m16:22:19.645519 [info ] [MainThread]:  - git [[32mOK found[0m]

[0m16:22:19.645900 [info ] [MainThread]: Connection:
[0m16:22:19.646249 [info ] [MainThread]:   host: localhost
[0m16:22:19.646604 [info ] [MainThread]:   port: 5432
[0m16:22:19.646909 [info ] [MainThread]:   user: postgres
[0m16:22:19.647226 [info ] [MainThread]:   database: dw_analytics
[0m16:22:19.647615 [info ] [MainThread]:   schema: public
[0m16:22:19.647918 [info ] [MainThread]:   connect_timeout: 10
[0m16:22:19.648235 [info ] [MainThread]:   role: None
[0m16:22:19.648541 [info ] [MainThread]:   search_path: None
[0m16:22:19.648838 [info ] [MainThread]:   keepalives_idle: 0
[0m16:22:19.649139 [info ] [MainThread]:   sslmode: None
[0m16:22:19.649437 [info ] [MainThread]:   sslcert: None
[0m16:22:19.649733 [info ] [MainThread]:   sslkey: None
[0m16:22:19.650025 [info ] [MainThread]:   sslrootcert: None
[0m16:22:19.650335 [info ] [MainThread]:   application_name: dbt
[0m16:22:19.650630 [info ] [MainThread]:   retries: 1
[0m16:22:19.651046 [info ] [MainThread]: Registered adapter: postgres=1.10.0
[0m16:22:19.725778 [debug] [MainThread]: Acquiring new postgres connection 'debug'
[0m16:22:19.746437 [debug] [MainThread]: Using postgres connection "debug"
[0m16:22:19.746812 [debug] [MainThread]: On debug: select 1 as id
[0m16:22:19.747075 [debug] [MainThread]: Opening a new connection, currently in state init
[0m16:22:19.752981 [debug] [MainThread]: SQL status: SELECT 1 in 0.006 seconds
[0m16:22:19.753783 [debug] [MainThread]: On debug: Close
[0m16:22:19.754086 [info ] [MainThread]:   Connection test: [[32mOK connection ok[0m]

[0m16:22:19.754381 [info ] [MainThread]: [32mAll checks passed![0m
[0m16:22:19.755053 [debug] [MainThread]: Resource report: {"command_name": "debug", "command_success": true, "command_wall_clock_time": 0.28247046, "process_in_blocks": "16", "process_kernel_time": 0.166998, "process_mem_max_rss": "118688", "process_out_blocks": "24", "process_user_time": 1.175062}
[0m16:22:19.755440 [debug] [MainThread]: Command `dbt debug` succeeded at 16:22:19.755367 after 0.28 seconds
[0m16:22:19.755705 [debug] [MainThread]: Connection 'debug' was properly closed.
[0m16:22:19.755984 [debug] [MainThread]: Sending event: {'category': 'dbt', 'action': 'invocation', 'label': 'end', 'context': [<snowplow_tracker.self_describing_json.SelfDescribingJson object at 0x7f33d8bdfe60>, <snowplow_tracker.self_describing_json.SelfDescribingJson object at 0x7f33d973d700>, <snowplow_tracker.self_describing_json.SelfDescribingJson object at 0x7f33d7552840>]}
[0m16:22:19.756311 [debug] [MainThread]: Flushing usage events
[0m16:22:20.347289 [debug] [MainThread]: An error was encountered while trying to flush usage events
[0m16:41:25.426688 [debug] [MainThread]: Sending event: {'category': 'dbt', 'action': 'invocation', 'label': 'start', 'context': [<snowplow_tracker.self_describing_json.SelfDescribingJson object at 0x7f8774b2a180>, <snowplow_tracker.self_describing_json.SelfDescribingJson object at 0x7f8774709700>, <snowplow_tracker.self_describing_json.SelfDescribingJson object at 0x7f8772995310>]}


============================== 16:41:25.429349 | 0934bd09-708e-424f-a6ab-a250ff15fc06 ==============================
[0m16:41:25.429349 [info ] [MainThread]: Running with dbt=1.11.8
[0m16:41:25.429791 [debug] [MainThread]: running dbt with arguments {'introspect': 'True', 'warn_error_options': 'WarnErrorOptionsV2(error=[], warn=[], silence=[])', 'use_experimental_parser': 'False', 'warn_error': 'None', 'send_anonymous_usage_stats': 'True', 'version_check': 'True', 'invocation_command': 'dbt seed', 'printer_width': '80', 'static_parser': 'True', 'profiles_dir': '/home/murilo/.dbt', 'log_cache_events': 'False', 'no_print': 'None', 'log_path': '/home/murilo/Área de trabalho/dbt-analytics-project/dbt_marketing_analytics/logs', 'write_json': 'True', 'partial_parse': 'True', 'quiet': 'False', 'debug': 'False', 'log_format': 'default', 'fail_fast': 'False', 'cache_selected_only': 'False', 'use_colors': 'True', 'target_path': 'None', 'empty': 'None', 'indirect_selection': 'eager'}
[0m16:41:25.548724 [debug] [MainThread]: Sending event: {'category': 'dbt', 'action': 'project_id', 'label': '0934bd09-708e-424f-a6ab-a250ff15fc06', 'context': [<snowplow_tracker.self_describing_json.SelfDescribingJson object at 0x7f87717219d0>]}
[0m16:41:25.596929 [debug] [MainThread]: Sending event: {'category': 'dbt', 'action': 'adapter_info', 'label': '0934bd09-708e-424f-a6ab-a250ff15fc06', 'context': [<snowplow_tracker.self_describing_json.SelfDescribingJson object at 0x7f8772912b10>]}
[0m16:41:25.597624 [info ] [MainThread]: Registered adapter: postgres=1.10.0
[0m16:41:25.676683 [debug] [MainThread]: checksum: 7d524ac048c2100769df89d592e662e060a73ca564e31bd9c2a37efdfe8d8ab6, vars: {}, profile: , target: , version: 1.11.8
[0m16:41:25.751278 [debug] [MainThread]: Partial parsing enabled: 0 files deleted, 1 files added, 0 files changed.
[0m16:41:25.751751 [debug] [MainThread]: Partial parsing: added file: dbt_marketing_analytics://macros/dbt_interno/geracao_nome_schema.sql
[0m16:41:25.753456 [info ] [MainThread]: Unable to do partial parsing because change detected to override macro. Starting full parse.
[0m16:41:26.406698 [warn ] [MainThread]: [[33mWARNING[0m]: Did not find matching node for patch with name 'campaings' in the 'seeds' section of file 'seeds/raw/schema..yml'
[0m16:41:26.485055 [warn ] [MainThread]: [[33mWARNING[0m]: Test 'test.dbt_marketing_analytics.unique_campaings_campaign_id.8e825e31a6' (seeds/raw/schema..yml) depends on a node named 'campaings' in package '' which was not found
[0m16:41:26.485509 [warn ] [MainThread]: [[33mWARNING[0m]: Test 'test.dbt_marketing_analytics.not_null_campaings_campaign_id.001294a529' (seeds/raw/schema..yml) depends on a node named 'campaings' in package '' which was not found
[0m16:41:26.485816 [warn ] [MainThread]: [[33mWARNING[0m]: Test 'test.dbt_marketing_analytics.not_null_campaings_canal.9f9ebe079d' (seeds/raw/schema..yml) depends on a node named 'campaings' in package '' which was not found
[0m16:41:26.486123 [warn ] [MainThread]: [[33mWARNING[0m]: Test 'test.dbt_marketing_analytics.not_null_campaings_nome_campanha.831d5ce601' (seeds/raw/schema..yml) depends on a node named 'campaings' in package '' which was not found
[0m16:41:26.486422 [warn ] [MainThread]: [[33mWARNING[0m]: Test 'test.dbt_marketing_analytics.not_null_campaings_orcamento.fee9c5d1d4' (seeds/raw/schema..yml) depends on a node named 'campaings' in package '' which was not found
[0m16:41:26.545818 [warn ] [MainThread]: [[33mWARNING[0m]: Configuration paths exist in your dbt_project.yml file which do not apply to any resources.
There are 2 unused configuration paths:
- models.dbt_marketing_analytics.staging
- models.dbt_marketing_analytics.marts
[0m16:41:26.549947 [debug] [MainThread]: Sending event: {'category': 'dbt', 'action': 'load_project', 'label': '0934bd09-708e-424f-a6ab-a250ff15fc06', 'context': [<snowplow_tracker.self_describing_json.SelfDescribingJson object at 0x7f87703ee5d0>]}
[0m16:41:26.601843 [debug] [MainThread]: Wrote artifact WritableManifest to /home/murilo/Área de trabalho/dbt-analytics-project/dbt_marketing_analytics/target/manifest.json
[0m16:41:26.603371 [debug] [MainThread]: Wrote artifact SemanticManifest to /home/murilo/Área de trabalho/dbt-analytics-project/dbt_marketing_analytics/target/semantic_manifest.json
[0m16:41:26.609409 [debug] [MainThread]: Sending event: {'category': 'dbt', 'action': 'resource_counts', 'label': '0934bd09-708e-424f-a6ab-a250ff15fc06', 'context': [<snowplow_tracker.self_describing_json.SelfDescribingJson object at 0x7f87717dafc0>]}
[0m16:41:26.609763 [info ] [MainThread]: Found 4 seeds, 7 data tests, 466 macros
[0m16:41:26.610112 [debug] [MainThread]: Sending event: {'category': 'dbt', 'action': 'runnable_timing', 'label': '0934bd09-708e-424f-a6ab-a250ff15fc06', 'context': [<snowplow_tracker.self_describing_json.SelfDescribingJson object at 0x7f87719a9d00>]}
[0m16:41:26.611586 [info ] [MainThread]: 
[0m16:41:26.611944 [info ] [MainThread]: Concurrency: 4 threads (target='dev')
[0m16:41:26.612272 [info ] [MainThread]: 
[0m16:41:26.612765 [debug] [MainThread]: Acquiring new postgres connection 'master'
[0m16:41:26.616006 [debug] [ThreadPool]: Acquiring new postgres connection 'list_dw_analytics'
[0m16:41:26.642689 [debug] [ThreadPool]: Using postgres connection "list_dw_analytics"
[0m16:41:26.643064 [debug] [ThreadPool]: On list_dw_analytics: /* {"app": "dbt", "dbt_version": "1.11.8", "profile_name": "dbt_marketing_analytics", "target_name": "dev", "connection_name": "list_dw_analytics"} */

    select distinct nspname from pg_namespace
  
[0m16:41:26.643354 [debug] [ThreadPool]: Opening a new connection, currently in state init
[0m16:41:26.649701 [debug] [ThreadPool]: SQL status: SELECT 4 in 0.006 seconds
[0m16:41:26.650725 [debug] [ThreadPool]: On list_dw_analytics: Close
[0m16:41:26.651296 [debug] [ThreadPool]: Re-using an available connection from the pool (formerly list_dw_analytics, now create_dw_analytics_raw)
[0m16:41:26.651662 [debug] [ThreadPool]: Creating schema "database: "dw_analytics"
schema: "raw"
"
[0m16:41:26.655738 [debug] [ThreadPool]: Using postgres connection "create_dw_analytics_raw"
[0m16:41:26.656087 [debug] [ThreadPool]: On create_dw_analytics_raw: /* {"app": "dbt", "dbt_version": "1.11.8", "profile_name": "dbt_marketing_analytics", "target_name": "dev", "connection_name": "create_dw_analytics_raw"} */
create schema if not exists "raw"
[0m16:41:26.656362 [debug] [ThreadPool]: Opening a new connection, currently in state closed
[0m16:41:26.660670 [debug] [ThreadPool]: SQL status: CREATE SCHEMA in 0.004 seconds
[0m16:41:26.661404 [debug] [ThreadPool]: On create_dw_analytics_raw: COMMIT
[0m16:41:26.661684 [debug] [ThreadPool]: Using postgres connection "create_dw_analytics_raw"
[0m16:41:26.661935 [debug] [ThreadPool]: On create_dw_analytics_raw: COMMIT
[0m16:41:26.668843 [debug] [ThreadPool]: SQL status: COMMIT in 0.007 seconds
[0m16:41:26.669261 [debug] [ThreadPool]: On create_dw_analytics_raw: Close
[0m16:41:26.670389 [debug] [ThreadPool]: Re-using an available connection from the pool (formerly create_dw_analytics_raw, now list_dw_analytics_raw)
[0m16:41:26.674665 [debug] [ThreadPool]: Using postgres connection "list_dw_analytics_raw"
[0m16:41:26.674957 [debug] [ThreadPool]: On list_dw_analytics_raw: /* {"app": "dbt", "dbt_version": "1.11.8", "profile_name": "dbt_marketing_analytics", "target_name": "dev", "connection_name": "list_dw_analytics_raw"} */
select
      'dw_analytics' as database,
      tablename as name,
      schemaname as schema,
      'table' as type
    from pg_tables
    where schemaname ilike 'raw'
    union all
    select
      'dw_analytics' as database,
      viewname as name,
      schemaname as schema,
      'view' as type
    from pg_views
    where schemaname ilike 'raw'
    union all
    select
      'dw_analytics' as database,
      matviewname as name,
      schemaname as schema,
      'materialized_view' as type
    from pg_matviews
    where schemaname ilike 'raw'
  
[0m16:41:26.675229 [debug] [ThreadPool]: Opening a new connection, currently in state closed
[0m16:41:26.681254 [debug] [ThreadPool]: SQL status: SELECT 0 in 0.006 seconds
[0m16:41:26.682417 [debug] [ThreadPool]: On list_dw_analytics_raw: ROLLBACK
[0m16:41:26.682795 [debug] [ThreadPool]: On list_dw_analytics_raw: Close
[0m16:41:26.686289 [debug] [MainThread]: Using postgres connection "master"
[0m16:41:26.686624 [debug] [MainThread]: On master: /* {"app": "dbt", "dbt_version": "1.11.8", "profile_name": "dbt_marketing_analytics", "target_name": "dev", "connection_name": "master"} */
select distinct
        dependent_namespace.nspname as dependent_schema,
        dependent_class.relname as dependent_name,
        referenced_namespace.nspname as referenced_schema,
        referenced_class.relname as referenced_name

    -- Query for views: views are entries in pg_class with an entry in pg_rewrite, but we avoid
    -- a seq scan on pg_rewrite by leveraging the fact there is an "internal" row in pg_depend for
    -- the view...
    from pg_class as dependent_class
    join pg_namespace as dependent_namespace on dependent_namespace.oid = dependent_class.relnamespace
    join pg_depend as dependent_depend on dependent_depend.refobjid = dependent_class.oid
        and dependent_depend.classid = 'pg_rewrite'::regclass
        and dependent_depend.refclassid = 'pg_class'::regclass
        and dependent_depend.deptype = 'i'

    -- ... and via pg_depend (that has a row per column, hence the need for "distinct" above, and
    -- making sure to exclude the internal row to avoid a view appearing to depend on itself)...
    join pg_depend as joining_depend on joining_depend.objid = dependent_depend.objid
        and joining_depend.classid = 'pg_rewrite'::regclass
        and joining_depend.refclassid = 'pg_class'::regclass
        and joining_depend.refobjid != dependent_depend.refobjid

    -- ... we can find the tables they query from in pg_class, but excluding system tables. Note we
    -- don't need need to exclude _dependent_ system tables, because they only query from other
    -- system tables, and so are automatically excluded by excluding _referenced_ system tables
    join pg_class as referenced_class on referenced_class.oid = joining_depend.refobjid
    join pg_namespace as referenced_namespace on referenced_namespace.oid = referenced_class.relnamespace
        and referenced_namespace.nspname != 'information_schema'
        and referenced_namespace.nspname not like 'pg\_%'

    order by
        dependent_schema, dependent_name, referenced_schema, referenced_name;
[0m16:41:26.686933 [debug] [MainThread]: Opening a new connection, currently in state init
[0m16:41:26.694344 [debug] [MainThread]: SQL status: SELECT 0 in 0.007 seconds
[0m16:41:26.695336 [debug] [MainThread]: Sending event: {'category': 'dbt', 'action': 'runnable_timing', 'label': '0934bd09-708e-424f-a6ab-a250ff15fc06', 'context': [<snowplow_tracker.self_describing_json.SelfDescribingJson object at 0x7f8770323290>]}
[0m16:41:26.695738 [debug] [MainThread]: On master: ROLLBACK
[0m16:41:26.696137 [debug] [MainThread]: On master: COMMIT
[0m16:41:26.696418 [debug] [MainThread]: Using postgres connection "master"
[0m16:41:26.696674 [debug] [MainThread]: On master: COMMIT
[0m16:41:26.697081 [debug] [MainThread]: SQL status: COMMIT in 0.000 seconds
[0m16:41:26.697356 [debug] [MainThread]: On master: Close
[0m16:41:26.699450 [debug] [Thread-1 (]: Began running node seed.dbt_marketing_analytics.ad_spend
[0m16:41:26.699828 [debug] [Thread-2 (]: Began running node seed.dbt_marketing_analytics.campaigns
[0m16:41:26.700219 [debug] [Thread-3 (]: Began running node seed.dbt_marketing_analytics.conversions
[0m16:41:26.700987 [debug] [Thread-4 (]: Began running node seed.dbt_marketing_analytics.leads
[0m16:41:26.700685 [info ] [Thread-1 (]: 1 of 4 START seed file raw.ad_spend ............................................ [RUN]
[0m16:41:26.701506 [info ] [Thread-2 (]: 2 of 4 START seed file raw.campaigns ........................................... [RUN]
[0m16:41:26.701970 [info ] [Thread-3 (]: 3 of 4 START seed file raw.conversions ......................................... [RUN]
[0m16:41:26.702388 [info ] [Thread-4 (]: 4 of 4 START seed file raw.leads ............................................... [RUN]
[0m16:41:26.702837 [debug] [Thread-1 (]: Re-using an available connection from the pool (formerly list_dw_analytics_raw, now seed.dbt_marketing_analytics.ad_spend)
[0m16:41:26.703280 [debug] [Thread-2 (]: Acquiring new postgres connection 'seed.dbt_marketing_analytics.campaigns'
[0m16:41:26.703649 [debug] [Thread-3 (]: Acquiring new postgres connection 'seed.dbt_marketing_analytics.conversions'
[0m16:41:26.704008 [debug] [Thread-4 (]: Acquiring new postgres connection 'seed.dbt_marketing_analytics.leads'
[0m16:41:26.704337 [debug] [Thread-1 (]: Began compiling node seed.dbt_marketing_analytics.ad_spend
[0m16:41:26.704639 [debug] [Thread-2 (]: Began compiling node seed.dbt_marketing_analytics.campaigns
[0m16:41:26.704941 [debug] [Thread-3 (]: Began compiling node seed.dbt_marketing_analytics.conversions
[0m16:41:26.705246 [debug] [Thread-4 (]: Began compiling node seed.dbt_marketing_analytics.leads
[0m16:41:26.705560 [debug] [Thread-1 (]: Began executing node seed.dbt_marketing_analytics.ad_spend
[0m16:41:26.705920 [debug] [Thread-2 (]: Began executing node seed.dbt_marketing_analytics.campaigns
[0m16:41:26.706326 [debug] [Thread-3 (]: Began executing node seed.dbt_marketing_analytics.conversions
[0m16:41:26.706702 [debug] [Thread-4 (]: Began executing node seed.dbt_marketing_analytics.leads
[0m16:41:26.747393 [debug] [Thread-1 (]: Using postgres connection "seed.dbt_marketing_analytics.ad_spend"
[0m16:41:26.748595 [debug] [Thread-2 (]: Using postgres connection "seed.dbt_marketing_analytics.campaigns"
[0m16:41:26.748990 [debug] [Thread-1 (]: On seed.dbt_marketing_analytics.ad_spend: /* {"app": "dbt", "dbt_version": "1.11.8", "profile_name": "dbt_marketing_analytics", "target_name": "dev", "node_id": "seed.dbt_marketing_analytics.ad_spend"} */

    create table "dw_analytics"."raw"."ad_spend" ("date" date,"canal" text,"spend" float8)
  
[0m16:41:26.875638 [debug] [Thread-2 (]: On seed.dbt_marketing_analytics.campaigns: /* {"app": "dbt", "dbt_version": "1.11.8", "profile_name": "dbt_marketing_analytics", "target_name": "dev", "node_id": "seed.dbt_marketing_analytics.campaigns"} */

    create table "dw_analytics"."raw"."campaigns" ("campaign_id" integer,"canal" text,"nome_campanha" text,"orcamento" integer)
  
[0m16:41:26.884194 [debug] [Thread-1 (]: Opening a new connection, currently in state closed
[0m16:41:26.884485 [debug] [Thread-2 (]: Opening a new connection, currently in state init
[0m16:41:26.899887 [debug] [Thread-1 (]: SQL status: CREATE TABLE in 0.016 seconds
[0m16:41:26.931493 [debug] [Thread-2 (]: SQL status: CREATE TABLE in 0.047 seconds
[0m16:41:26.949094 [debug] [Thread-1 (]: Using postgres connection "seed.dbt_marketing_analytics.ad_spend"
[0m16:41:26.951031 [debug] [Thread-2 (]: Using postgres connection "seed.dbt_marketing_analytics.campaigns"
[0m16:41:26.951478 [debug] [Thread-1 (]: On seed.dbt_marketing_analytics.ad_spend: 
          insert into "dw_analytics"."raw"."ad_spend" ("date", "canal", "spend") values
          (%s,%s,%s),(%s,%s,%s),(%s,%s,%s),(%s,%s,%s),(%s,%s,%s),(%s,%s,%s),(%s,%s,%s),(%s,%s,%s),(%s,%s,%s),(%s,%s,%s),(%s,%s,%s),(%s,%s,%s),(%s,%s,%s),(%s,%s,%s),(%s,%s,%s),(%s,%s,%s),(%s,%s,%s),(%s,%s,%s),(%s,%s,%s),(%s,%s,%s),(%s,%s,%s),(%s,%s,%s),(%s,%s,%s),(%s,%s,%s),(%s,%s,%s),(%s,%s,%s),(%s,%s,%s),(%s,%s,%s),(%s,%s,%s),(%s,%s,%s),(%s,%s,%s),(%s,%s,%s),(%s,%s,%s),(%s,%s,%s),(%s,%s,%s),(%s,%s,%s),(%s,%s,%s),(%s,%s...
[0m16:41:26.951857 [debug] [Thread-2 (]: On seed.dbt_marketing_analytics.campaigns: 
          insert into "dw_analytics"."raw"."campaigns" ("campaign_id", "canal", "nome_campanha", "orcamento") values
          (%s,%s,%s,%s),(%s,%s,%s,%s),(%s,%s,%s,%s)
      ...
[0m16:41:26.953874 [debug] [Thread-2 (]: SQL status: INSERT 0 3 in 0.000 seconds
[0m16:41:26.958089 [debug] [Thread-2 (]: Writing runtime SQL for node "seed.dbt_marketing_analytics.campaigns"
[0m16:41:26.958291 [debug] [Thread-1 (]: SQL status: INSERT 0 273 in 0.006 seconds
[0m16:41:26.959157 [debug] [Thread-1 (]: Writing runtime SQL for node "seed.dbt_marketing_analytics.ad_spend"
[0m16:41:26.973401 [debug] [Thread-2 (]: On seed.dbt_marketing_analytics.campaigns: COMMIT
[0m16:41:26.974099 [debug] [Thread-2 (]: Using postgres connection "seed.dbt_marketing_analytics.campaigns"
[0m16:41:26.975047 [debug] [Thread-1 (]: On seed.dbt_marketing_analytics.ad_spend: COMMIT
[0m16:41:26.975449 [debug] [Thread-2 (]: On seed.dbt_marketing_analytics.campaigns: COMMIT
[0m16:41:26.975800 [debug] [Thread-1 (]: Using postgres connection "seed.dbt_marketing_analytics.ad_spend"
[0m16:41:26.976498 [debug] [Thread-1 (]: On seed.dbt_marketing_analytics.ad_spend: COMMIT
[0m16:41:26.982806 [debug] [Thread-2 (]: SQL status: COMMIT in 0.007 seconds
[0m16:41:26.984522 [debug] [Thread-2 (]: On seed.dbt_marketing_analytics.campaigns: Close
[0m16:41:26.985967 [debug] [Thread-2 (]: Sending event: {'category': 'dbt', 'action': 'run_model', 'label': '0934bd09-708e-424f-a6ab-a250ff15fc06', 'context': [<snowplow_tracker.self_describing_json.SelfDescribingJson object at 0x7f876ffb76b0>]}
[0m16:41:26.986615 [info ] [Thread-2 (]: 2 of 4 OK loaded seed file raw.campaigns ....................................... [[32mINSERT 3[0m in 0.28s]
[0m16:41:26.987827 [debug] [Thread-2 (]: Finished running node seed.dbt_marketing_analytics.campaigns
[0m16:41:26.988816 [debug] [Thread-1 (]: SQL status: COMMIT in 0.012 seconds
[0m16:41:26.989614 [debug] [Thread-1 (]: On seed.dbt_marketing_analytics.ad_spend: Close
[0m16:41:26.990241 [debug] [Thread-1 (]: Sending event: {'category': 'dbt', 'action': 'run_model', 'label': '0934bd09-708e-424f-a6ab-a250ff15fc06', 'context': [<snowplow_tracker.self_describing_json.SelfDescribingJson object at 0x7f87703cbec0>]}
[0m16:41:26.990735 [info ] [Thread-1 (]: 1 of 4 OK loaded seed file raw.ad_spend ........................................ [[32mINSERT 273[0m in 0.29s]
[0m16:41:26.991654 [debug] [Thread-1 (]: Finished running node seed.dbt_marketing_analytics.ad_spend
[0m16:41:27.835698 [debug] [Thread-3 (]: Using postgres connection "seed.dbt_marketing_analytics.conversions"
[0m16:41:27.841351 [debug] [Thread-3 (]: On seed.dbt_marketing_analytics.conversions: /* {"app": "dbt", "dbt_version": "1.11.8", "profile_name": "dbt_marketing_analytics", "target_name": "dev", "node_id": "seed.dbt_marketing_analytics.conversions"} */

    create table "dw_analytics"."raw"."conversions" ("conversion_id" integer,"lead_id" integer,"converted_at" date,"revenue" float8)
  
[0m16:41:27.846929 [debug] [Thread-3 (]: Opening a new connection, currently in state init
[0m16:41:27.867534 [debug] [Thread-3 (]: SQL status: CREATE TABLE in 0.021 seconds
[0m16:41:29.696333 [debug] [Thread-4 (]: Using postgres connection "seed.dbt_marketing_analytics.leads"
[0m16:41:29.701844 [debug] [Thread-4 (]: On seed.dbt_marketing_analytics.leads: /* {"app": "dbt", "dbt_version": "1.11.8", "profile_name": "dbt_marketing_analytics", "target_name": "dev", "node_id": "seed.dbt_marketing_analytics.leads"} */

    create table "dw_analytics"."raw"."leads" ("lead_id" integer,"user_id" integer,"campaign_id" integer,"created_at" date,"canal" text)
  
[0m16:41:29.707250 [debug] [Thread-4 (]: Opening a new connection, currently in state init
[0m16:41:29.736531 [debug] [Thread-4 (]: SQL status: CREATE TABLE in 0.029 seconds
[0m16:41:31.549608 [debug] [Thread-3 (]: Using postgres connection "seed.dbt_marketing_analytics.conversions"
[0m16:41:31.555209 [debug] [Thread-3 (]: On seed.dbt_marketing_analytics.conversions: 
          insert into "dw_analytics"."raw"."conversions" ("conversion_id", "lead_id", "converted_at", "revenue") values
          (%s,%s,%s,%s),(%s,%s,%s,%s),(%s,%s,%s,%s),(%s,%s,%s,%s),(%s,%s,%s,%s),(%s,%s,%s,%s),(%s,%s,%s,%s),(%s,%s,%s,%s),(%s,%s,%s,%s),(%s,%s,%s,%s),(%s,%s,%s,%s),(%s,%s,%s,%s),(%s,%s,%s,%s),(%s,%s,%s,%s),(%s,%s,%s,%s),(%s,%s,%s,%s),(%s,%s,%s,%s),(%s,%s,%s,%s),(%s,%s,%s,%s),(%s,%s,%s,%s),(%s,%s,%s,%s),(%s,%s,%s,%s),(%s,%s,%s,%s),(%s,%s,%s,%s),(%s,%s,%s,%s),(%s,%s,%s,%s),(%s,%s,%s,%s),(%s...
[0m16:41:31.646253 [debug] [Thread-3 (]: SQL status: INSERT 0 10000 in 0.085 seconds
[0m16:41:32.028969 [debug] [Thread-3 (]: Using postgres connection "seed.dbt_marketing_analytics.conversions"
[0m16:41:32.034528 [debug] [Thread-3 (]: On seed.dbt_marketing_analytics.conversions: 
          insert into "dw_analytics"."raw"."conversions" ("conversion_id", "lead_id", "converted_at", "revenue") values
          (%s,%s,%s,%s),(%s,%s,%s,%s),(%s,%s,%s,%s),(%s,%s,%s,%s),(%s,%s,%s,%s),(%s,%s,%s,%s),(%s,%s,%s,%s),(%s,%s,%s,%s),(%s,%s,%s,%s),(%s,%s,%s,%s),(%s,%s,%s,%s),(%s,%s,%s,%s),(%s,%s,%s,%s),(%s,%s,%s,%s),(%s,%s,%s,%s),(%s,%s,%s,%s),(%s,%s,%s,%s),(%s,%s,%s,%s),(%s,%s,%s,%s),(%s,%s,%s,%s),(%s,%s,%s,%s),(%s,%s,%s,%s),(%s,%s,%s,%s),(%s,%s,%s,%s),(%s,%s,%s,%s),(%s,%s,%s,%s),(%s,%s,%s,%s),(%s...
[0m16:41:32.052822 [debug] [Thread-3 (]: SQL status: INSERT 0 1000 in 0.013 seconds
[0m16:41:32.058715 [debug] [Thread-3 (]: Writing runtime SQL for node "seed.dbt_marketing_analytics.conversions"
[0m16:41:32.091040 [debug] [Thread-3 (]: On seed.dbt_marketing_analytics.conversions: COMMIT
[0m16:41:32.096559 [debug] [Thread-3 (]: Using postgres connection "seed.dbt_marketing_analytics.conversions"
[0m16:41:32.102128 [debug] [Thread-3 (]: On seed.dbt_marketing_analytics.conversions: COMMIT
[0m16:41:32.119479 [debug] [Thread-3 (]: SQL status: COMMIT in 0.012 seconds
[0m16:41:32.125391 [debug] [Thread-3 (]: On seed.dbt_marketing_analytics.conversions: Close
[0m16:41:32.136166 [debug] [Thread-3 (]: Sending event: {'category': 'dbt', 'action': 'run_model', 'label': '0934bd09-708e-424f-a6ab-a250ff15fc06', 'context': [<snowplow_tracker.self_describing_json.SelfDescribingJson object at 0x7f8756c4fc80>]}
[0m16:41:32.141791 [info ] [Thread-3 (]: 3 of 4 OK loaded seed file raw.conversions ..................................... [[32mINSERT 11000[0m in 5.43s]
[0m16:41:32.152672 [debug] [Thread-3 (]: Finished running node seed.dbt_marketing_analytics.conversions
[0m16:41:33.207516 [debug] [Thread-4 (]: Using postgres connection "seed.dbt_marketing_analytics.leads"
[0m16:41:33.207969 [debug] [Thread-4 (]: On seed.dbt_marketing_analytics.leads: 
          insert into "dw_analytics"."raw"."leads" ("lead_id", "user_id", "campaign_id", "created_at", "canal") values
          (%s,%s,%s,%s,%s),(%s,%s,%s,%s,%s),(%s,%s,%s,%s,%s),(%s,%s,%s,%s,%s),(%s,%s,%s,%s,%s),(%s,%s,%s,%s,%s),(%s,%s,%s,%s,%s),(%s,%s,%s,%s,%s),(%s,%s,%s,%s,%s),(%s,%s,%s,%s,%s),(%s,%s,%s,%s,%s),(%s,%s,%s,%s,%s),(%s,%s,%s,%s,%s),(%s,%s,%s,%s,%s),(%s,%s,%s,%s,%s),(%s,%s,%s,%s,%s),(%s,%s,%s,%s,%s),(%s,%s,%s,%s,%s),(%s,%s,%s,%s,%s),(%s,%s,%s,%s,%s),(%s,%s,%s,%s,%s),(%s,%s,%s,%s,%s),(%s,%s,%...
[0m16:41:33.287975 [debug] [Thread-4 (]: SQL status: INSERT 0 10000 in 0.080 seconds
[0m16:41:35.489368 [debug] [Thread-4 (]: Using postgres connection "seed.dbt_marketing_analytics.leads"
[0m16:41:35.489792 [debug] [Thread-4 (]: On seed.dbt_marketing_analytics.leads: 
          insert into "dw_analytics"."raw"."leads" ("lead_id", "user_id", "campaign_id", "created_at", "canal") values
          (%s,%s,%s,%s,%s),(%s,%s,%s,%s,%s),(%s,%s,%s,%s,%s),(%s,%s,%s,%s,%s),(%s,%s,%s,%s,%s),(%s,%s,%s,%s,%s),(%s,%s,%s,%s,%s),(%s,%s,%s,%s,%s),(%s,%s,%s,%s,%s),(%s,%s,%s,%s,%s),(%s,%s,%s,%s,%s),(%s,%s,%s,%s,%s),(%s,%s,%s,%s,%s),(%s,%s,%s,%s,%s),(%s,%s,%s,%s,%s),(%s,%s,%s,%s,%s),(%s,%s,%s,%s,%s),(%s,%s,%s,%s,%s),(%s,%s,%s,%s,%s),(%s,%s,%s,%s,%s),(%s,%s,%s,%s,%s),(%s,%s,%s,%s,%s),(%s,%s,%...
[0m16:41:35.567331 [debug] [Thread-4 (]: SQL status: INSERT 0 10000 in 0.077 seconds
[0m16:41:37.747701 [debug] [Thread-4 (]: Using postgres connection "seed.dbt_marketing_analytics.leads"
[0m16:41:37.748148 [debug] [Thread-4 (]: On seed.dbt_marketing_analytics.leads: 
          insert into "dw_analytics"."raw"."leads" ("lead_id", "user_id", "campaign_id", "created_at", "canal") values
          (%s,%s,%s,%s,%s),(%s,%s,%s,%s,%s),(%s,%s,%s,%s,%s),(%s,%s,%s,%s,%s),(%s,%s,%s,%s,%s),(%s,%s,%s,%s,%s),(%s,%s,%s,%s,%s),(%s,%s,%s,%s,%s),(%s,%s,%s,%s,%s),(%s,%s,%s,%s,%s),(%s,%s,%s,%s,%s),(%s,%s,%s,%s,%s),(%s,%s,%s,%s,%s),(%s,%s,%s,%s,%s),(%s,%s,%s,%s,%s),(%s,%s,%s,%s,%s),(%s,%s,%s,%s,%s),(%s,%s,%s,%s,%s),(%s,%s,%s,%s,%s),(%s,%s,%s,%s,%s),(%s,%s,%s,%s,%s),(%s,%s,%s,%s,%s),(%s,%s,%...
[0m16:41:37.829317 [debug] [Thread-4 (]: SQL status: INSERT 0 10000 in 0.081 seconds
[0m16:41:40.024263 [debug] [Thread-4 (]: Using postgres connection "seed.dbt_marketing_analytics.leads"
[0m16:41:40.024703 [debug] [Thread-4 (]: On seed.dbt_marketing_analytics.leads: 
          insert into "dw_analytics"."raw"."leads" ("lead_id", "user_id", "campaign_id", "created_at", "canal") values
          (%s,%s,%s,%s,%s),(%s,%s,%s,%s,%s),(%s,%s,%s,%s,%s),(%s,%s,%s,%s,%s),(%s,%s,%s,%s,%s),(%s,%s,%s,%s,%s),(%s,%s,%s,%s,%s),(%s,%s,%s,%s,%s),(%s,%s,%s,%s,%s),(%s,%s,%s,%s,%s),(%s,%s,%s,%s,%s),(%s,%s,%s,%s,%s),(%s,%s,%s,%s,%s),(%s,%s,%s,%s,%s),(%s,%s,%s,%s,%s),(%s,%s,%s,%s,%s),(%s,%s,%s,%s,%s),(%s,%s,%s,%s,%s),(%s,%s,%s,%s,%s),(%s,%s,%s,%s,%s),(%s,%s,%s,%s,%s),(%s,%s,%s,%s,%s),(%s,%s,%...
[0m16:41:40.103902 [debug] [Thread-4 (]: SQL status: INSERT 0 10000 in 0.079 seconds
[0m16:41:42.326614 [debug] [Thread-4 (]: Using postgres connection "seed.dbt_marketing_analytics.leads"
[0m16:41:42.327038 [debug] [Thread-4 (]: On seed.dbt_marketing_analytics.leads: 
          insert into "dw_analytics"."raw"."leads" ("lead_id", "user_id", "campaign_id", "created_at", "canal") values
          (%s,%s,%s,%s,%s),(%s,%s,%s,%s,%s),(%s,%s,%s,%s,%s),(%s,%s,%s,%s,%s),(%s,%s,%s,%s,%s),(%s,%s,%s,%s,%s),(%s,%s,%s,%s,%s),(%s,%s,%s,%s,%s),(%s,%s,%s,%s,%s),(%s,%s,%s,%s,%s),(%s,%s,%s,%s,%s),(%s,%s,%s,%s,%s),(%s,%s,%s,%s,%s),(%s,%s,%s,%s,%s),(%s,%s,%s,%s,%s),(%s,%s,%s,%s,%s),(%s,%s,%s,%s,%s),(%s,%s,%s,%s,%s),(%s,%s,%s,%s,%s),(%s,%s,%s,%s,%s),(%s,%s,%s,%s,%s),(%s,%s,%s,%s,%s),(%s,%s,%...
[0m16:41:42.407156 [debug] [Thread-4 (]: SQL status: INSERT 0 10000 in 0.080 seconds
[0m16:41:42.408473 [debug] [Thread-4 (]: Writing runtime SQL for node "seed.dbt_marketing_analytics.leads"
[0m16:41:42.410170 [debug] [Thread-4 (]: On seed.dbt_marketing_analytics.leads: COMMIT
[0m16:41:42.410502 [debug] [Thread-4 (]: Using postgres connection "seed.dbt_marketing_analytics.leads"
[0m16:41:42.410797 [debug] [Thread-4 (]: On seed.dbt_marketing_analytics.leads: COMMIT
[0m16:41:42.419635 [debug] [Thread-4 (]: SQL status: COMMIT in 0.008 seconds
[0m16:41:42.420538 [debug] [Thread-4 (]: On seed.dbt_marketing_analytics.leads: Close
[0m16:41:42.421131 [debug] [Thread-4 (]: Sending event: {'category': 'dbt', 'action': 'run_model', 'label': '0934bd09-708e-424f-a6ab-a250ff15fc06', 'context': [<snowplow_tracker.self_describing_json.SelfDescribingJson object at 0x7f8756bb31a0>]}
[0m16:41:42.421549 [info ] [Thread-4 (]: 4 of 4 OK loaded seed file raw.leads ........................................... [[32mINSERT 50000[0m in 15.72s]
[0m16:41:42.422039 [debug] [Thread-4 (]: Finished running node seed.dbt_marketing_analytics.leads
[0m16:41:42.423189 [debug] [MainThread]: On master: COMMIT
[0m16:41:42.423474 [debug] [MainThread]: Using postgres connection "master"
[0m16:41:42.423724 [debug] [MainThread]: On master: COMMIT
[0m16:41:42.423965 [debug] [MainThread]: Opening a new connection, currently in state closed
[0m16:41:42.427992 [debug] [MainThread]: SQL status: COMMIT in 0.004 seconds
[0m16:41:42.428402 [debug] [MainThread]: On master: Close
[0m16:41:42.428839 [debug] [MainThread]: Connection 'master' was properly closed.
[0m16:41:42.429087 [debug] [MainThread]: Connection 'seed.dbt_marketing_analytics.ad_spend' was properly closed.
[0m16:41:42.429329 [debug] [MainThread]: Connection 'seed.dbt_marketing_analytics.campaigns' was properly closed.
[0m16:41:42.429549 [debug] [MainThread]: Connection 'seed.dbt_marketing_analytics.conversions' was properly closed.
[0m16:41:42.429765 [debug] [MainThread]: Connection 'seed.dbt_marketing_analytics.leads' was properly closed.
[0m16:41:42.430033 [info ] [MainThread]: 
[0m16:41:42.430354 [info ] [MainThread]: Finished running 4 seeds in 0 hours 0 minutes and 15.82 seconds (15.82s).
[0m16:41:42.431259 [debug] [MainThread]: Command end result
[0m16:41:42.452452 [debug] [MainThread]: Wrote artifact WritableManifest to /home/murilo/Área de trabalho/dbt-analytics-project/dbt_marketing_analytics/target/manifest.json
[0m16:41:42.453969 [debug] [MainThread]: Wrote artifact SemanticManifest to /home/murilo/Área de trabalho/dbt-analytics-project/dbt_marketing_analytics/target/semantic_manifest.json
[0m16:41:42.458345 [debug] [MainThread]: Wrote artifact RunExecutionResult to /home/murilo/Área de trabalho/dbt-analytics-project/dbt_marketing_analytics/target/run_results.json
[0m16:41:42.458665 [info ] [MainThread]: 
[0m16:41:42.459129 [info ] [MainThread]: [32mCompleted successfully[0m
[0m16:41:42.459410 [info ] [MainThread]: 
[0m16:41:42.459697 [info ] [MainThread]: Done. PASS=4 WARN=0 ERROR=0 SKIP=0 NO-OP=0 TOTAL=4
[0m16:41:42.460421 [debug] [MainThread]: Resource report: {"command_name": "seed", "command_success": true, "command_wall_clock_time": 17.077896, "process_in_blocks": "0", "process_kernel_time": 0.395132, "process_mem_max_rss": "189524", "process_out_blocks": "3840", "process_user_time": 17.587269}
[0m16:41:42.460787 [debug] [MainThread]: Command `dbt seed` succeeded at 16:41:42.460714 after 17.08 seconds
[0m16:41:42.461089 [debug] [MainThread]: Sending event: {'category': 'dbt', 'action': 'invocation', 'label': 'end', 'context': [<snowplow_tracker.self_describing_json.SelfDescribingJson object at 0x7f8772995310>, <snowplow_tracker.self_describing_json.SelfDescribingJson object at 0x7f8756c9a000>, <snowplow_tracker.self_describing_json.SelfDescribingJson object at 0x7f8756c98680>]}
[0m16:41:42.461403 [debug] [MainThread]: Flushing usage events
[0m16:41:43.210574 [debug] [MainThread]: An error was encountered while trying to flush usage events
[0m16:43:36.518606 [debug] [MainThread]: Sending event: {'category': 'dbt', 'action': 'invocation', 'label': 'start', 'context': [<snowplow_tracker.self_describing_json.SelfDescribingJson object at 0x7fa787bb2e10>, <snowplow_tracker.self_describing_json.SelfDescribingJson object at 0x7fa7885d9d90>, <snowplow_tracker.self_describing_json.SelfDescribingJson object at 0x7fa787d3f740>]}


============================== 16:43:36.521184 | 5c7a99af-3b0b-4a96-aebf-0ae8d98f87ff ==============================
[0m16:43:36.521184 [info ] [MainThread]: Running with dbt=1.11.8
[0m16:43:36.521608 [debug] [MainThread]: running dbt with arguments {'version_check': 'True', 'quiet': 'False', 'printer_width': '80', 'introspect': 'True', 'use_experimental_parser': 'False', 'fail_fast': 'False', 'log_path': '/home/murilo/Área de trabalho/dbt-analytics-project/dbt_marketing_analytics/logs', 'profiles_dir': '/home/murilo/.dbt', 'no_print': 'None', 'indirect_selection': 'eager', 'log_format': 'default', 'target_path': 'None', 'write_json': 'True', 'empty': 'None', 'warn_error_options': 'WarnErrorOptionsV2(error=[], warn=[], silence=[])', 'static_parser': 'True', 'send_anonymous_usage_stats': 'True', 'invocation_command': 'dbt seed', 'cache_selected_only': 'False', 'debug': 'False', 'warn_error': 'None', 'partial_parse': 'True', 'use_colors': 'True', 'log_cache_events': 'False'}
[0m16:43:36.643766 [debug] [MainThread]: Sending event: {'category': 'dbt', 'action': 'project_id', 'label': '5c7a99af-3b0b-4a96-aebf-0ae8d98f87ff', 'context': [<snowplow_tracker.self_describing_json.SelfDescribingJson object at 0x7fa787301be0>]}
[0m16:43:36.692698 [debug] [MainThread]: Sending event: {'category': 'dbt', 'action': 'adapter_info', 'label': '5c7a99af-3b0b-4a96-aebf-0ae8d98f87ff', 'context': [<snowplow_tracker.self_describing_json.SelfDescribingJson object at 0x7fa787932840>]}
[0m16:43:36.693372 [info ] [MainThread]: Registered adapter: postgres=1.10.0
[0m16:43:36.771682 [debug] [MainThread]: checksum: 7d524ac048c2100769df89d592e662e060a73ca564e31bd9c2a37efdfe8d8ab6, vars: {}, profile: , target: , version: 1.11.8
[0m16:43:36.846679 [debug] [MainThread]: Partial parsing enabled: 0 files deleted, 0 files added, 1 files changed.
[0m16:43:36.847274 [debug] [MainThread]: Partial parsing: updated file: dbt_marketing_analytics://seeds/raw/schema..yml
[0m16:43:36.997524 [warn ] [MainThread]: [[33mWARNING[0m]: Configuration paths exist in your dbt_project.yml file which do not apply to any resources.
There are 2 unused configuration paths:
- models.dbt_marketing_analytics.marts
- models.dbt_marketing_analytics.staging
[0m16:43:37.001446 [debug] [MainThread]: Sending event: {'category': 'dbt', 'action': 'load_project', 'label': '5c7a99af-3b0b-4a96-aebf-0ae8d98f87ff', 'context': [<snowplow_tracker.self_describing_json.SelfDescribingJson object at 0x7fa785bedfa0>]}
[0m16:43:37.051522 [debug] [MainThread]: Wrote artifact WritableManifest to /home/murilo/Área de trabalho/dbt-analytics-project/dbt_marketing_analytics/target/manifest.json
[0m16:43:37.052977 [debug] [MainThread]: Wrote artifact SemanticManifest to /home/murilo/Área de trabalho/dbt-analytics-project/dbt_marketing_analytics/target/semantic_manifest.json
[0m16:43:37.059052 [debug] [MainThread]: Sending event: {'category': 'dbt', 'action': 'resource_counts', 'label': '5c7a99af-3b0b-4a96-aebf-0ae8d98f87ff', 'context': [<snowplow_tracker.self_describing_json.SelfDescribingJson object at 0x7fa7857c0920>]}
[0m16:43:37.059432 [info ] [MainThread]: Found 4 seeds, 12 data tests, 466 macros
[0m16:43:37.059721 [debug] [MainThread]: Sending event: {'category': 'dbt', 'action': 'runnable_timing', 'label': '5c7a99af-3b0b-4a96-aebf-0ae8d98f87ff', 'context': [<snowplow_tracker.self_describing_json.SelfDescribingJson object at 0x7fa786fd2d80>]}
[0m16:43:37.061211 [info ] [MainThread]: 
[0m16:43:37.061520 [info ] [MainThread]: Concurrency: 4 threads (target='dev')
[0m16:43:37.061778 [info ] [MainThread]: 
[0m16:43:37.062172 [debug] [MainThread]: Acquiring new postgres connection 'master'
[0m16:43:37.065196 [debug] [ThreadPool]: Acquiring new postgres connection 'list_dw_analytics'
[0m16:43:37.143745 [debug] [ThreadPool]: Using postgres connection "list_dw_analytics"
[0m16:43:37.144224 [debug] [ThreadPool]: On list_dw_analytics: /* {"app": "dbt", "dbt_version": "1.11.8", "profile_name": "dbt_marketing_analytics", "target_name": "dev", "connection_name": "list_dw_analytics"} */

    select distinct nspname from pg_namespace
  
[0m16:43:37.144646 [debug] [ThreadPool]: Opening a new connection, currently in state init
[0m16:43:37.150713 [debug] [ThreadPool]: SQL status: SELECT 4 in 0.006 seconds
[0m16:43:37.151954 [debug] [ThreadPool]: On list_dw_analytics: Close
[0m16:43:37.152523 [debug] [ThreadPool]: Re-using an available connection from the pool (formerly list_dw_analytics, now create_dw_analytics_raw)
[0m16:43:37.152900 [debug] [ThreadPool]: Creating schema "database: "dw_analytics"
schema: "raw"
"
[0m16:43:37.156799 [debug] [ThreadPool]: Using postgres connection "create_dw_analytics_raw"
[0m16:43:37.157147 [debug] [ThreadPool]: On create_dw_analytics_raw: /* {"app": "dbt", "dbt_version": "1.11.8", "profile_name": "dbt_marketing_analytics", "target_name": "dev", "connection_name": "create_dw_analytics_raw"} */
create schema if not exists "raw"
[0m16:43:37.157450 [debug] [ThreadPool]: Opening a new connection, currently in state closed
[0m16:43:37.162201 [debug] [ThreadPool]: SQL status: CREATE SCHEMA in 0.005 seconds
[0m16:43:37.162966 [debug] [ThreadPool]: On create_dw_analytics_raw: COMMIT
[0m16:43:37.163281 [debug] [ThreadPool]: Using postgres connection "create_dw_analytics_raw"
[0m16:43:37.163535 [debug] [ThreadPool]: On create_dw_analytics_raw: COMMIT
[0m16:43:37.175537 [debug] [ThreadPool]: SQL status: COMMIT in 0.012 seconds
[0m16:43:37.176028 [debug] [ThreadPool]: On create_dw_analytics_raw: Close
[0m16:43:37.177447 [debug] [ThreadPool]: Re-using an available connection from the pool (formerly create_dw_analytics_raw, now list_dw_analytics_raw)
[0m16:43:37.181971 [debug] [ThreadPool]: Using postgres connection "list_dw_analytics_raw"
[0m16:43:37.182287 [debug] [ThreadPool]: On list_dw_analytics_raw: /* {"app": "dbt", "dbt_version": "1.11.8", "profile_name": "dbt_marketing_analytics", "target_name": "dev", "connection_name": "list_dw_analytics_raw"} */
select
      'dw_analytics' as database,
      tablename as name,
      schemaname as schema,
      'table' as type
    from pg_tables
    where schemaname ilike 'raw'
    union all
    select
      'dw_analytics' as database,
      viewname as name,
      schemaname as schema,
      'view' as type
    from pg_views
    where schemaname ilike 'raw'
    union all
    select
      'dw_analytics' as database,
      matviewname as name,
      schemaname as schema,
      'materialized_view' as type
    from pg_matviews
    where schemaname ilike 'raw'
  
[0m16:43:37.182563 [debug] [ThreadPool]: Opening a new connection, currently in state closed
[0m16:43:37.188591 [debug] [ThreadPool]: SQL status: SELECT 0 in 0.006 seconds
[0m16:43:37.189815 [debug] [ThreadPool]: On list_dw_analytics_raw: ROLLBACK
[0m16:43:37.190259 [debug] [ThreadPool]: On list_dw_analytics_raw: Close
[0m16:43:37.193661 [debug] [MainThread]: Using postgres connection "master"
[0m16:43:37.194013 [debug] [MainThread]: On master: /* {"app": "dbt", "dbt_version": "1.11.8", "profile_name": "dbt_marketing_analytics", "target_name": "dev", "connection_name": "master"} */
select distinct
        dependent_namespace.nspname as dependent_schema,
        dependent_class.relname as dependent_name,
        referenced_namespace.nspname as referenced_schema,
        referenced_class.relname as referenced_name

    -- Query for views: views are entries in pg_class with an entry in pg_rewrite, but we avoid
    -- a seq scan on pg_rewrite by leveraging the fact there is an "internal" row in pg_depend for
    -- the view...
    from pg_class as dependent_class
    join pg_namespace as dependent_namespace on dependent_namespace.oid = dependent_class.relnamespace
    join pg_depend as dependent_depend on dependent_depend.refobjid = dependent_class.oid
        and dependent_depend.classid = 'pg_rewrite'::regclass
        and dependent_depend.refclassid = 'pg_class'::regclass
        and dependent_depend.deptype = 'i'

    -- ... and via pg_depend (that has a row per column, hence the need for "distinct" above, and
    -- making sure to exclude the internal row to avoid a view appearing to depend on itself)...
    join pg_depend as joining_depend on joining_depend.objid = dependent_depend.objid
        and joining_depend.classid = 'pg_rewrite'::regclass
        and joining_depend.refclassid = 'pg_class'::regclass
        and joining_depend.refobjid != dependent_depend.refobjid

    -- ... we can find the tables they query from in pg_class, but excluding system tables. Note we
    -- don't need need to exclude _dependent_ system tables, because they only query from other
    -- system tables, and so are automatically excluded by excluding _referenced_ system tables
    join pg_class as referenced_class on referenced_class.oid = joining_depend.refobjid
    join pg_namespace as referenced_namespace on referenced_namespace.oid = referenced_class.relnamespace
        and referenced_namespace.nspname != 'information_schema'
        and referenced_namespace.nspname not like 'pg\_%'

    order by
        dependent_schema, dependent_name, referenced_schema, referenced_name;
[0m16:43:37.194334 [debug] [MainThread]: Opening a new connection, currently in state init
[0m16:43:37.200581 [debug] [MainThread]: SQL status: SELECT 0 in 0.006 seconds
[0m16:43:37.201651 [debug] [MainThread]: Sending event: {'category': 'dbt', 'action': 'runnable_timing', 'label': '5c7a99af-3b0b-4a96-aebf-0ae8d98f87ff', 'context': [<snowplow_tracker.self_describing_json.SelfDescribingJson object at 0x7fa78576ff80>]}
[0m16:43:37.202036 [debug] [MainThread]: On master: ROLLBACK
[0m16:43:37.202422 [debug] [MainThread]: On master: COMMIT
[0m16:43:37.202745 [debug] [MainThread]: Using postgres connection "master"
[0m16:43:37.203018 [debug] [MainThread]: On master: COMMIT
[0m16:43:37.203454 [debug] [MainThread]: SQL status: COMMIT in 0.000 seconds
[0m16:43:37.203738 [debug] [MainThread]: On master: Close
[0m16:43:37.205777 [debug] [Thread-1 (]: Began running node seed.dbt_marketing_analytics.ad_spend
[0m16:43:37.206169 [debug] [Thread-2 (]: Began running node seed.dbt_marketing_analytics.campaigns
[0m16:43:37.206947 [debug] [Thread-3 (]: Began running node seed.dbt_marketing_analytics.conversions
[0m16:43:37.207393 [debug] [Thread-4 (]: Began running node seed.dbt_marketing_analytics.leads
[0m16:43:37.206643 [info ] [Thread-1 (]: 1 of 4 START seed file raw.ad_spend ............................................ [RUN]
[0m16:43:37.207908 [info ] [Thread-2 (]: 2 of 4 START seed file raw.campaigns ........................................... [RUN]
[0m16:43:37.208372 [info ] [Thread-3 (]: 3 of 4 START seed file raw.conversions ......................................... [RUN]
[0m16:43:37.208779 [info ] [Thread-4 (]: 4 of 4 START seed file raw.leads ............................................... [RUN]
[0m16:43:37.209203 [debug] [Thread-1 (]: Re-using an available connection from the pool (formerly list_dw_analytics_raw, now seed.dbt_marketing_analytics.ad_spend)
[0m16:43:37.209698 [debug] [Thread-2 (]: Acquiring new postgres connection 'seed.dbt_marketing_analytics.campaigns'
[0m16:43:37.210365 [debug] [Thread-3 (]: Acquiring new postgres connection 'seed.dbt_marketing_analytics.conversions'
[0m16:43:37.210893 [debug] [Thread-4 (]: Acquiring new postgres connection 'seed.dbt_marketing_analytics.leads'
[0m16:43:37.211241 [debug] [Thread-1 (]: Began compiling node seed.dbt_marketing_analytics.ad_spend
[0m16:43:37.211577 [debug] [Thread-2 (]: Began compiling node seed.dbt_marketing_analytics.campaigns
[0m16:43:37.211907 [debug] [Thread-3 (]: Began compiling node seed.dbt_marketing_analytics.conversions
[0m16:43:37.212265 [debug] [Thread-4 (]: Began compiling node seed.dbt_marketing_analytics.leads
[0m16:43:37.212647 [debug] [Thread-1 (]: Began executing node seed.dbt_marketing_analytics.ad_spend
[0m16:43:37.212990 [debug] [Thread-2 (]: Began executing node seed.dbt_marketing_analytics.campaigns
[0m16:43:37.213329 [debug] [Thread-3 (]: Began executing node seed.dbt_marketing_analytics.conversions
[0m16:43:37.213654 [debug] [Thread-4 (]: Began executing node seed.dbt_marketing_analytics.leads
[0m16:43:37.256698 [debug] [Thread-2 (]: Using postgres connection "seed.dbt_marketing_analytics.campaigns"
[0m16:43:37.257181 [debug] [Thread-2 (]: On seed.dbt_marketing_analytics.campaigns: /* {"app": "dbt", "dbt_version": "1.11.8", "profile_name": "dbt_marketing_analytics", "target_name": "dev", "node_id": "seed.dbt_marketing_analytics.campaigns"} */

    create table "dw_analytics"."raw"."campaigns" ("campaign_id" integer,"canal" text,"nome_campanha" text,"orcamento" integer)
  
[0m16:43:37.259786 [debug] [Thread-1 (]: Using postgres connection "seed.dbt_marketing_analytics.ad_spend"
[0m16:43:37.280832 [debug] [Thread-2 (]: Opening a new connection, currently in state init
[0m16:43:37.301186 [debug] [Thread-1 (]: On seed.dbt_marketing_analytics.ad_spend: /* {"app": "dbt", "dbt_version": "1.11.8", "profile_name": "dbt_marketing_analytics", "target_name": "dev", "node_id": "seed.dbt_marketing_analytics.ad_spend"} */

    create table "dw_analytics"."raw"."ad_spend" ("date" date,"canal" text,"spend" float8)
  
[0m16:43:37.376245 [debug] [Thread-1 (]: Opening a new connection, currently in state closed
[0m16:43:37.381905 [debug] [Thread-2 (]: SQL status: CREATE TABLE in 0.101 seconds
[0m16:43:37.435488 [debug] [Thread-2 (]: Using postgres connection "seed.dbt_marketing_analytics.campaigns"
[0m16:43:37.435931 [debug] [Thread-1 (]: SQL status: CREATE TABLE in 0.060 seconds
[0m16:43:37.451163 [debug] [Thread-2 (]: On seed.dbt_marketing_analytics.campaigns: 
          insert into "dw_analytics"."raw"."campaigns" ("campaign_id", "canal", "nome_campanha", "orcamento") values
          (%s,%s,%s,%s),(%s,%s,%s,%s),(%s,%s,%s,%s)
      ...
[0m16:43:37.634295 [debug] [Thread-2 (]: SQL status: INSERT 0 3 in 0.066 seconds
[0m16:43:37.644323 [debug] [Thread-1 (]: Using postgres connection "seed.dbt_marketing_analytics.ad_spend"
[0m16:43:37.648829 [debug] [Thread-2 (]: Writing runtime SQL for node "seed.dbt_marketing_analytics.campaigns"
[0m16:43:37.649127 [debug] [Thread-1 (]: On seed.dbt_marketing_analytics.ad_spend: 
          insert into "dw_analytics"."raw"."ad_spend" ("date", "canal", "spend") values
          (%s,%s,%s),(%s,%s,%s),(%s,%s,%s),(%s,%s,%s),(%s,%s,%s),(%s,%s,%s),(%s,%s,%s),(%s,%s,%s),(%s,%s,%s),(%s,%s,%s),(%s,%s,%s),(%s,%s,%s),(%s,%s,%s),(%s,%s,%s),(%s,%s,%s),(%s,%s,%s),(%s,%s,%s),(%s,%s,%s),(%s,%s,%s),(%s,%s,%s),(%s,%s,%s),(%s,%s,%s),(%s,%s,%s),(%s,%s,%s),(%s,%s,%s),(%s,%s,%s),(%s,%s,%s),(%s,%s,%s),(%s,%s,%s),(%s,%s,%s),(%s,%s,%s),(%s,%s,%s),(%s,%s,%s),(%s,%s,%s),(%s,%s,%s),(%s,%s,%s),(%s,%s,%s),(%s,%s...
[0m16:43:37.657510 [debug] [Thread-1 (]: SQL status: INSERT 0 273 in 0.008 seconds
[0m16:43:37.665417 [debug] [Thread-2 (]: On seed.dbt_marketing_analytics.campaigns: COMMIT
[0m16:43:37.666443 [debug] [Thread-1 (]: Writing runtime SQL for node "seed.dbt_marketing_analytics.ad_spend"
[0m16:43:37.666705 [debug] [Thread-2 (]: Using postgres connection "seed.dbt_marketing_analytics.campaigns"
[0m16:43:37.667426 [debug] [Thread-2 (]: On seed.dbt_marketing_analytics.campaigns: COMMIT
[0m16:43:37.668344 [debug] [Thread-1 (]: On seed.dbt_marketing_analytics.ad_spend: COMMIT
[0m16:43:37.668967 [debug] [Thread-1 (]: Using postgres connection "seed.dbt_marketing_analytics.ad_spend"
[0m16:43:37.669412 [debug] [Thread-1 (]: On seed.dbt_marketing_analytics.ad_spend: COMMIT
[0m16:43:37.675058 [debug] [Thread-2 (]: SQL status: COMMIT in 0.006 seconds
[0m16:43:37.676711 [debug] [Thread-2 (]: On seed.dbt_marketing_analytics.campaigns: Close
[0m16:43:37.678346 [debug] [Thread-2 (]: Sending event: {'category': 'dbt', 'action': 'run_model', 'label': '5c7a99af-3b0b-4a96-aebf-0ae8d98f87ff', 'context': [<snowplow_tracker.self_describing_json.SelfDescribingJson object at 0x7fa78a118cb0>]}
[0m16:43:37.678966 [info ] [Thread-2 (]: 2 of 4 OK loaded seed file raw.campaigns ....................................... [[32mINSERT 3[0m in 0.47s]
[0m16:43:37.679876 [debug] [Thread-2 (]: Finished running node seed.dbt_marketing_analytics.campaigns
[0m16:43:37.681062 [debug] [Thread-1 (]: SQL status: COMMIT in 0.011 seconds
[0m16:43:37.681884 [debug] [Thread-1 (]: On seed.dbt_marketing_analytics.ad_spend: Close
[0m16:43:37.682443 [debug] [Thread-1 (]: Sending event: {'category': 'dbt', 'action': 'run_model', 'label': '5c7a99af-3b0b-4a96-aebf-0ae8d98f87ff', 'context': [<snowplow_tracker.self_describing_json.SelfDescribingJson object at 0x7fa784207d70>]}
[0m16:43:37.682936 [info ] [Thread-1 (]: 1 of 4 OK loaded seed file raw.ad_spend ........................................ [[32mINSERT 273[0m in 0.47s]
[0m16:43:37.683720 [debug] [Thread-1 (]: Finished running node seed.dbt_marketing_analytics.ad_spend
[0m16:43:38.088077 [debug] [Thread-3 (]: Using postgres connection "seed.dbt_marketing_analytics.conversions"
[0m16:43:38.093585 [debug] [Thread-3 (]: On seed.dbt_marketing_analytics.conversions: /* {"app": "dbt", "dbt_version": "1.11.8", "profile_name": "dbt_marketing_analytics", "target_name": "dev", "node_id": "seed.dbt_marketing_analytics.conversions"} */

    create table "dw_analytics"."raw"."conversions" ("conversion_id" integer,"lead_id" integer,"converted_at" date,"revenue" float8)
  
[0m16:43:38.099029 [debug] [Thread-3 (]: Opening a new connection, currently in state init
[0m16:43:38.119528 [debug] [Thread-3 (]: SQL status: CREATE TABLE in 0.020 seconds
[0m16:43:40.076909 [debug] [Thread-4 (]: Using postgres connection "seed.dbt_marketing_analytics.leads"
[0m16:43:40.082480 [debug] [Thread-4 (]: On seed.dbt_marketing_analytics.leads: /* {"app": "dbt", "dbt_version": "1.11.8", "profile_name": "dbt_marketing_analytics", "target_name": "dev", "node_id": "seed.dbt_marketing_analytics.leads"} */

    create table "dw_analytics"."raw"."leads" ("lead_id" integer,"user_id" integer,"campaign_id" integer,"created_at" date,"canal" text)
  
[0m16:43:40.087994 [debug] [Thread-4 (]: Opening a new connection, currently in state init
[0m16:43:40.116303 [debug] [Thread-4 (]: SQL status: CREATE TABLE in 0.028 seconds
[0m16:43:41.742430 [debug] [Thread-3 (]: Using postgres connection "seed.dbt_marketing_analytics.conversions"
[0m16:43:41.747988 [debug] [Thread-3 (]: On seed.dbt_marketing_analytics.conversions: 
          insert into "dw_analytics"."raw"."conversions" ("conversion_id", "lead_id", "converted_at", "revenue") values
          (%s,%s,%s,%s),(%s,%s,%s,%s),(%s,%s,%s,%s),(%s,%s,%s,%s),(%s,%s,%s,%s),(%s,%s,%s,%s),(%s,%s,%s,%s),(%s,%s,%s,%s),(%s,%s,%s,%s),(%s,%s,%s,%s),(%s,%s,%s,%s),(%s,%s,%s,%s),(%s,%s,%s,%s),(%s,%s,%s,%s),(%s,%s,%s,%s),(%s,%s,%s,%s),(%s,%s,%s,%s),(%s,%s,%s,%s),(%s,%s,%s,%s),(%s,%s,%s,%s),(%s,%s,%s,%s),(%s,%s,%s,%s),(%s,%s,%s,%s),(%s,%s,%s,%s),(%s,%s,%s,%s),(%s,%s,%s,%s),(%s,%s,%s,%s),(%s...
[0m16:43:41.836661 [debug] [Thread-3 (]: SQL status: INSERT 0 10000 in 0.083 seconds
[0m16:43:42.207967 [debug] [Thread-3 (]: Using postgres connection "seed.dbt_marketing_analytics.conversions"
[0m16:43:42.213582 [debug] [Thread-3 (]: On seed.dbt_marketing_analytics.conversions: 
          insert into "dw_analytics"."raw"."conversions" ("conversion_id", "lead_id", "converted_at", "revenue") values
          (%s,%s,%s,%s),(%s,%s,%s,%s),(%s,%s,%s,%s),(%s,%s,%s,%s),(%s,%s,%s,%s),(%s,%s,%s,%s),(%s,%s,%s,%s),(%s,%s,%s,%s),(%s,%s,%s,%s),(%s,%s,%s,%s),(%s,%s,%s,%s),(%s,%s,%s,%s),(%s,%s,%s,%s),(%s,%s,%s,%s),(%s,%s,%s,%s),(%s,%s,%s,%s),(%s,%s,%s,%s),(%s,%s,%s,%s),(%s,%s,%s,%s),(%s,%s,%s,%s),(%s,%s,%s,%s),(%s,%s,%s,%s),(%s,%s,%s,%s),(%s,%s,%s,%s),(%s,%s,%s,%s),(%s,%s,%s,%s),(%s,%s,%s,%s),(%s...
[0m16:43:42.231893 [debug] [Thread-3 (]: SQL status: INSERT 0 1000 in 0.013 seconds
[0m16:43:42.237802 [debug] [Thread-3 (]: Writing runtime SQL for node "seed.dbt_marketing_analytics.conversions"
[0m16:43:42.270011 [debug] [Thread-3 (]: On seed.dbt_marketing_analytics.conversions: COMMIT
[0m16:43:42.275509 [debug] [Thread-3 (]: Using postgres connection "seed.dbt_marketing_analytics.conversions"
[0m16:43:42.280987 [debug] [Thread-3 (]: On seed.dbt_marketing_analytics.conversions: COMMIT
[0m16:43:42.299424 [debug] [Thread-3 (]: SQL status: COMMIT in 0.013 seconds
[0m16:43:42.305319 [debug] [Thread-3 (]: On seed.dbt_marketing_analytics.conversions: Close
[0m16:43:42.316116 [debug] [Thread-3 (]: Sending event: {'category': 'dbt', 'action': 'run_model', 'label': '5c7a99af-3b0b-4a96-aebf-0ae8d98f87ff', 'context': [<snowplow_tracker.self_describing_json.SelfDescribingJson object at 0x7fa7842adb50>]}
[0m16:43:42.321848 [info ] [Thread-3 (]: 3 of 4 OK loaded seed file raw.conversions ..................................... [[32mINSERT 11000[0m in 5.11s]
[0m16:43:42.332777 [debug] [Thread-3 (]: Finished running node seed.dbt_marketing_analytics.conversions
[0m16:43:43.335451 [debug] [Thread-4 (]: Using postgres connection "seed.dbt_marketing_analytics.leads"
[0m16:43:43.335874 [debug] [Thread-4 (]: On seed.dbt_marketing_analytics.leads: 
          insert into "dw_analytics"."raw"."leads" ("lead_id", "user_id", "campaign_id", "created_at", "canal") values
          (%s,%s,%s,%s,%s),(%s,%s,%s,%s,%s),(%s,%s,%s,%s,%s),(%s,%s,%s,%s,%s),(%s,%s,%s,%s,%s),(%s,%s,%s,%s,%s),(%s,%s,%s,%s,%s),(%s,%s,%s,%s,%s),(%s,%s,%s,%s,%s),(%s,%s,%s,%s,%s),(%s,%s,%s,%s,%s),(%s,%s,%s,%s,%s),(%s,%s,%s,%s,%s),(%s,%s,%s,%s,%s),(%s,%s,%s,%s,%s),(%s,%s,%s,%s,%s),(%s,%s,%s,%s,%s),(%s,%s,%s,%s,%s),(%s,%s,%s,%s,%s),(%s,%s,%s,%s,%s),(%s,%s,%s,%s,%s),(%s,%s,%s,%s,%s),(%s,%s,%...
[0m16:43:43.414953 [debug] [Thread-4 (]: SQL status: INSERT 0 10000 in 0.079 seconds
[0m16:43:45.563527 [debug] [Thread-4 (]: Using postgres connection "seed.dbt_marketing_analytics.leads"
[0m16:43:45.563965 [debug] [Thread-4 (]: On seed.dbt_marketing_analytics.leads: 
          insert into "dw_analytics"."raw"."leads" ("lead_id", "user_id", "campaign_id", "created_at", "canal") values
          (%s,%s,%s,%s,%s),(%s,%s,%s,%s,%s),(%s,%s,%s,%s,%s),(%s,%s,%s,%s,%s),(%s,%s,%s,%s,%s),(%s,%s,%s,%s,%s),(%s,%s,%s,%s,%s),(%s,%s,%s,%s,%s),(%s,%s,%s,%s,%s),(%s,%s,%s,%s,%s),(%s,%s,%s,%s,%s),(%s,%s,%s,%s,%s),(%s,%s,%s,%s,%s),(%s,%s,%s,%s,%s),(%s,%s,%s,%s,%s),(%s,%s,%s,%s,%s),(%s,%s,%s,%s,%s),(%s,%s,%s,%s,%s),(%s,%s,%s,%s,%s),(%s,%s,%s,%s,%s),(%s,%s,%s,%s,%s),(%s,%s,%s,%s,%s),(%s,%s,%...
[0m16:43:45.644343 [debug] [Thread-4 (]: SQL status: INSERT 0 10000 in 0.080 seconds
[0m16:43:47.800856 [debug] [Thread-4 (]: Using postgres connection "seed.dbt_marketing_analytics.leads"
[0m16:43:47.801297 [debug] [Thread-4 (]: On seed.dbt_marketing_analytics.leads: 
          insert into "dw_analytics"."raw"."leads" ("lead_id", "user_id", "campaign_id", "created_at", "canal") values
          (%s,%s,%s,%s,%s),(%s,%s,%s,%s,%s),(%s,%s,%s,%s,%s),(%s,%s,%s,%s,%s),(%s,%s,%s,%s,%s),(%s,%s,%s,%s,%s),(%s,%s,%s,%s,%s),(%s,%s,%s,%s,%s),(%s,%s,%s,%s,%s),(%s,%s,%s,%s,%s),(%s,%s,%s,%s,%s),(%s,%s,%s,%s,%s),(%s,%s,%s,%s,%s),(%s,%s,%s,%s,%s),(%s,%s,%s,%s,%s),(%s,%s,%s,%s,%s),(%s,%s,%s,%s,%s),(%s,%s,%s,%s,%s),(%s,%s,%s,%s,%s),(%s,%s,%s,%s,%s),(%s,%s,%s,%s,%s),(%s,%s,%s,%s,%s),(%s,%s,%...
[0m16:43:47.878613 [debug] [Thread-4 (]: SQL status: INSERT 0 10000 in 0.077 seconds
[0m16:43:50.049211 [debug] [Thread-4 (]: Using postgres connection "seed.dbt_marketing_analytics.leads"
[0m16:43:50.049647 [debug] [Thread-4 (]: On seed.dbt_marketing_analytics.leads: 
          insert into "dw_analytics"."raw"."leads" ("lead_id", "user_id", "campaign_id", "created_at", "canal") values
          (%s,%s,%s,%s,%s),(%s,%s,%s,%s,%s),(%s,%s,%s,%s,%s),(%s,%s,%s,%s,%s),(%s,%s,%s,%s,%s),(%s,%s,%s,%s,%s),(%s,%s,%s,%s,%s),(%s,%s,%s,%s,%s),(%s,%s,%s,%s,%s),(%s,%s,%s,%s,%s),(%s,%s,%s,%s,%s),(%s,%s,%s,%s,%s),(%s,%s,%s,%s,%s),(%s,%s,%s,%s,%s),(%s,%s,%s,%s,%s),(%s,%s,%s,%s,%s),(%s,%s,%s,%s,%s),(%s,%s,%s,%s,%s),(%s,%s,%s,%s,%s),(%s,%s,%s,%s,%s),(%s,%s,%s,%s,%s),(%s,%s,%s,%s,%s),(%s,%s,%...
[0m16:43:50.127139 [debug] [Thread-4 (]: SQL status: INSERT 0 10000 in 0.077 seconds
[0m16:43:52.265850 [debug] [Thread-4 (]: Using postgres connection "seed.dbt_marketing_analytics.leads"
[0m16:43:52.266287 [debug] [Thread-4 (]: On seed.dbt_marketing_analytics.leads: 
          insert into "dw_analytics"."raw"."leads" ("lead_id", "user_id", "campaign_id", "created_at", "canal") values
          (%s,%s,%s,%s,%s),(%s,%s,%s,%s,%s),(%s,%s,%s,%s,%s),(%s,%s,%s,%s,%s),(%s,%s,%s,%s,%s),(%s,%s,%s,%s,%s),(%s,%s,%s,%s,%s),(%s,%s,%s,%s,%s),(%s,%s,%s,%s,%s),(%s,%s,%s,%s,%s),(%s,%s,%s,%s,%s),(%s,%s,%s,%s,%s),(%s,%s,%s,%s,%s),(%s,%s,%s,%s,%s),(%s,%s,%s,%s,%s),(%s,%s,%s,%s,%s),(%s,%s,%s,%s,%s),(%s,%s,%s,%s,%s),(%s,%s,%s,%s,%s),(%s,%s,%s,%s,%s),(%s,%s,%s,%s,%s),(%s,%s,%s,%s,%s),(%s,%s,%...
[0m16:43:52.345613 [debug] [Thread-4 (]: SQL status: INSERT 0 10000 in 0.079 seconds
[0m16:43:52.346940 [debug] [Thread-4 (]: Writing runtime SQL for node "seed.dbt_marketing_analytics.leads"
[0m16:43:52.348594 [debug] [Thread-4 (]: On seed.dbt_marketing_analytics.leads: COMMIT
[0m16:43:52.348916 [debug] [Thread-4 (]: Using postgres connection "seed.dbt_marketing_analytics.leads"
[0m16:43:52.349211 [debug] [Thread-4 (]: On seed.dbt_marketing_analytics.leads: COMMIT
[0m16:43:52.358647 [debug] [Thread-4 (]: SQL status: COMMIT in 0.009 seconds
[0m16:43:52.359428 [debug] [Thread-4 (]: On seed.dbt_marketing_analytics.leads: Close
[0m16:43:52.359897 [debug] [Thread-4 (]: Sending event: {'category': 'dbt', 'action': 'run_model', 'label': '5c7a99af-3b0b-4a96-aebf-0ae8d98f87ff', 'context': [<snowplow_tracker.self_describing_json.SelfDescribingJson object at 0x7fa787d5ca40>]}
[0m16:43:52.360326 [info ] [Thread-4 (]: 4 of 4 OK loaded seed file raw.leads ........................................... [[32mINSERT 50000[0m in 15.15s]
[0m16:43:52.360785 [debug] [Thread-4 (]: Finished running node seed.dbt_marketing_analytics.leads
[0m16:43:52.361883 [debug] [MainThread]: On master: COMMIT
[0m16:43:52.362288 [debug] [MainThread]: Using postgres connection "master"
[0m16:43:52.362556 [debug] [MainThread]: On master: COMMIT
[0m16:43:52.362810 [debug] [MainThread]: Opening a new connection, currently in state closed
[0m16:43:52.367545 [debug] [MainThread]: SQL status: COMMIT in 0.005 seconds
[0m16:43:52.367931 [debug] [MainThread]: On master: Close
[0m16:43:52.368363 [debug] [MainThread]: Connection 'master' was properly closed.
[0m16:43:52.368729 [debug] [MainThread]: Connection 'seed.dbt_marketing_analytics.ad_spend' was properly closed.
[0m16:43:52.369066 [debug] [MainThread]: Connection 'seed.dbt_marketing_analytics.campaigns' was properly closed.
[0m16:43:52.369393 [debug] [MainThread]: Connection 'seed.dbt_marketing_analytics.conversions' was properly closed.
[0m16:43:52.369692 [debug] [MainThread]: Connection 'seed.dbt_marketing_analytics.leads' was properly closed.
[0m16:43:52.370032 [info ] [MainThread]: 
[0m16:43:52.370438 [info ] [MainThread]: Finished running 4 seeds in 0 hours 0 minutes and 15.31 seconds (15.31s).
[0m16:43:52.371345 [debug] [MainThread]: Command end result
[0m16:43:52.392999 [debug] [MainThread]: Wrote artifact WritableManifest to /home/murilo/Área de trabalho/dbt-analytics-project/dbt_marketing_analytics/target/manifest.json
[0m16:43:52.394545 [debug] [MainThread]: Wrote artifact SemanticManifest to /home/murilo/Área de trabalho/dbt-analytics-project/dbt_marketing_analytics/target/semantic_manifest.json
[0m16:43:52.398711 [debug] [MainThread]: Wrote artifact RunExecutionResult to /home/murilo/Área de trabalho/dbt-analytics-project/dbt_marketing_analytics/target/run_results.json
[0m16:43:52.399017 [info ] [MainThread]: 
[0m16:43:52.399367 [info ] [MainThread]: [32mCompleted successfully[0m
[0m16:43:52.399638 [info ] [MainThread]: 
[0m16:43:52.399926 [info ] [MainThread]: Done. PASS=4 WARN=0 ERROR=0 SKIP=0 NO-OP=0 TOTAL=4
[0m16:43:52.400647 [debug] [MainThread]: Resource report: {"command_name": "seed", "command_success": true, "command_wall_clock_time": 15.925741, "process_in_blocks": "0", "process_kernel_time": 0.314234, "process_mem_max_rss": "188924", "process_out_blocks": "3840", "process_user_time": 16.489975}
[0m16:43:52.401024 [debug] [MainThread]: Command `dbt seed` succeeded at 16:43:52.400950 after 15.93 seconds
[0m16:43:52.401341 [debug] [MainThread]: Sending event: {'category': 'dbt', 'action': 'invocation', 'label': 'end', 'context': [<snowplow_tracker.self_describing_json.SelfDescribingJson object at 0x7fa787c35d60>, <snowplow_tracker.self_describing_json.SelfDescribingJson object at 0x7fa78828bf20>, <snowplow_tracker.self_describing_json.SelfDescribingJson object at 0x7fa77cefce90>]}
[0m16:43:52.401639 [debug] [MainThread]: Flushing usage events
[0m16:43:53.156867 [debug] [MainThread]: An error was encountered while trying to flush usage events
[0m16:44:02.926363 [debug] [MainThread]: Sending event: {'category': 'dbt', 'action': 'invocation', 'label': 'start', 'context': [<snowplow_tracker.self_describing_json.SelfDescribingJson object at 0x7f3fc962c7a0>, <snowplow_tracker.self_describing_json.SelfDescribingJson object at 0x7f3fca5cd3d0>, <snowplow_tracker.self_describing_json.SelfDescribingJson object at 0x7f3fc9bc7230>]}


============================== 16:44:02.929236 | a4cfd204-9f10-4bed-8a47-53b5c5fc658d ==============================
[0m16:44:02.929236 [info ] [MainThread]: Running with dbt=1.11.8
[0m16:44:02.929704 [debug] [MainThread]: running dbt with arguments {'use_colors': 'True', 'log_cache_events': 'False', 'quiet': 'False', 'use_experimental_parser': 'False', 'warn_error_options': 'WarnErrorOptionsV2(error=[], warn=[], silence=[])', 'introspect': 'True', 'invocation_command': 'dbt seed', 'write_json': 'True', 'profiles_dir': '/home/murilo/.dbt', 'static_parser': 'True', 'empty': 'None', 'warn_error': 'None', 'indirect_selection': 'eager', 'debug': 'False', 'target_path': 'None', 'partial_parse': 'True', 'log_path': '/home/murilo/Área de trabalho/dbt-analytics-project/dbt_marketing_analytics/logs', 'log_format': 'default', 'cache_selected_only': 'False', 'fail_fast': 'False', 'no_print': 'None', 'send_anonymous_usage_stats': 'True', 'printer_width': '80', 'version_check': 'True'}
[0m16:44:03.048830 [debug] [MainThread]: Sending event: {'category': 'dbt', 'action': 'project_id', 'label': 'a4cfd204-9f10-4bed-8a47-53b5c5fc658d', 'context': [<snowplow_tracker.self_describing_json.SelfDescribingJson object at 0x7f3fc81419d0>]}
[0m16:44:03.097095 [debug] [MainThread]: Sending event: {'category': 'dbt', 'action': 'adapter_info', 'label': 'a4cfd204-9f10-4bed-8a47-53b5c5fc658d', 'context': [<snowplow_tracker.self_describing_json.SelfDescribingJson object at 0x7f3fc87b4e30>]}
[0m16:44:03.097759 [info ] [MainThread]: Registered adapter: postgres=1.10.0
[0m16:44:03.176774 [debug] [MainThread]: checksum: 7d524ac048c2100769df89d592e662e060a73ca564e31bd9c2a37efdfe8d8ab6, vars: {}, profile: , target: , version: 1.11.8
[0m16:44:03.240585 [info ] [MainThread]: Unable to do partial parsing because a project config has changed
[0m16:44:03.240984 [debug] [MainThread]: Sending event: {'category': 'dbt', 'action': 'partial_parser', 'label': 'a4cfd204-9f10-4bed-8a47-53b5c5fc658d', 'context': [<snowplow_tracker.self_describing_json.SelfDescribingJson object at 0x7f3fc712e180>]}
[0m16:44:04.052967 [warn ] [MainThread]: [[33mWARNING[0m]: Configuration paths exist in your dbt_project.yml file which do not apply to any resources.
There are 2 unused configuration paths:
- models.dbt_marketing_analytics.marts
- models.dbt_marketing_analytics.staging
[0m16:44:04.056978 [debug] [MainThread]: Sending event: {'category': 'dbt', 'action': 'load_project', 'label': 'a4cfd204-9f10-4bed-8a47-53b5c5fc658d', 'context': [<snowplow_tracker.self_describing_json.SelfDescribingJson object at 0x7f3fc7502150>]}
[0m16:44:04.108996 [debug] [MainThread]: Wrote artifact WritableManifest to /home/murilo/Área de trabalho/dbt-analytics-project/dbt_marketing_analytics/target/manifest.json
[0m16:44:04.110538 [debug] [MainThread]: Wrote artifact SemanticManifest to /home/murilo/Área de trabalho/dbt-analytics-project/dbt_marketing_analytics/target/semantic_manifest.json
[0m16:44:04.116595 [debug] [MainThread]: Sending event: {'category': 'dbt', 'action': 'resource_counts', 'label': 'a4cfd204-9f10-4bed-8a47-53b5c5fc658d', 'context': [<snowplow_tracker.self_describing_json.SelfDescribingJson object at 0x7f3fc6544cb0>]}
[0m16:44:04.117036 [info ] [MainThread]: Found 4 seeds, 12 data tests, 466 macros
[0m16:44:04.117355 [debug] [MainThread]: Sending event: {'category': 'dbt', 'action': 'runnable_timing', 'label': 'a4cfd204-9f10-4bed-8a47-53b5c5fc658d', 'context': [<snowplow_tracker.self_describing_json.SelfDescribingJson object at 0x7f3fc6d7c9e0>]}
[0m16:44:04.118900 [info ] [MainThread]: 
[0m16:44:04.119233 [info ] [MainThread]: Concurrency: 4 threads (target='dev')
[0m16:44:04.119518 [info ] [MainThread]: 
[0m16:44:04.119949 [debug] [MainThread]: Acquiring new postgres connection 'master'
[0m16:44:04.122859 [debug] [ThreadPool]: Acquiring new postgres connection 'list_dw_analytics'
[0m16:44:04.150860 [debug] [ThreadPool]: Using postgres connection "list_dw_analytics"
[0m16:44:04.151258 [debug] [ThreadPool]: On list_dw_analytics: /* {"app": "dbt", "dbt_version": "1.11.8", "profile_name": "dbt_marketing_analytics", "target_name": "dev", "connection_name": "list_dw_analytics"} */

    select distinct nspname from pg_namespace
  
[0m16:44:04.151554 [debug] [ThreadPool]: Opening a new connection, currently in state init
[0m16:44:04.157614 [debug] [ThreadPool]: SQL status: SELECT 5 in 0.006 seconds
[0m16:44:04.158755 [debug] [ThreadPool]: On list_dw_analytics: Close
[0m16:44:04.159981 [debug] [ThreadPool]: Re-using an available connection from the pool (formerly list_dw_analytics, now list_dw_analytics_raw)
[0m16:44:04.164519 [debug] [ThreadPool]: Using postgres connection "list_dw_analytics_raw"
[0m16:44:04.164818 [debug] [ThreadPool]: On list_dw_analytics_raw: /* {"app": "dbt", "dbt_version": "1.11.8", "profile_name": "dbt_marketing_analytics", "target_name": "dev", "connection_name": "list_dw_analytics_raw"} */
select
      'dw_analytics' as database,
      tablename as name,
      schemaname as schema,
      'table' as type
    from pg_tables
    where schemaname ilike 'raw'
    union all
    select
      'dw_analytics' as database,
      viewname as name,
      schemaname as schema,
      'view' as type
    from pg_views
    where schemaname ilike 'raw'
    union all
    select
      'dw_analytics' as database,
      matviewname as name,
      schemaname as schema,
      'materialized_view' as type
    from pg_matviews
    where schemaname ilike 'raw'
  
[0m16:44:04.165082 [debug] [ThreadPool]: Opening a new connection, currently in state closed
[0m16:44:04.171222 [debug] [ThreadPool]: SQL status: SELECT 4 in 0.006 seconds
[0m16:44:04.172306 [debug] [ThreadPool]: On list_dw_analytics_raw: ROLLBACK
[0m16:44:04.172685 [debug] [ThreadPool]: On list_dw_analytics_raw: Close
[0m16:44:04.176551 [debug] [MainThread]: Using postgres connection "master"
[0m16:44:04.176879 [debug] [MainThread]: On master: /* {"app": "dbt", "dbt_version": "1.11.8", "profile_name": "dbt_marketing_analytics", "target_name": "dev", "connection_name": "master"} */
select distinct
        dependent_namespace.nspname as dependent_schema,
        dependent_class.relname as dependent_name,
        referenced_namespace.nspname as referenced_schema,
        referenced_class.relname as referenced_name

    -- Query for views: views are entries in pg_class with an entry in pg_rewrite, but we avoid
    -- a seq scan on pg_rewrite by leveraging the fact there is an "internal" row in pg_depend for
    -- the view...
    from pg_class as dependent_class
    join pg_namespace as dependent_namespace on dependent_namespace.oid = dependent_class.relnamespace
    join pg_depend as dependent_depend on dependent_depend.refobjid = dependent_class.oid
        and dependent_depend.classid = 'pg_rewrite'::regclass
        and dependent_depend.refclassid = 'pg_class'::regclass
        and dependent_depend.deptype = 'i'

    -- ... and via pg_depend (that has a row per column, hence the need for "distinct" above, and
    -- making sure to exclude the internal row to avoid a view appearing to depend on itself)...
    join pg_depend as joining_depend on joining_depend.objid = dependent_depend.objid
        and joining_depend.classid = 'pg_rewrite'::regclass
        and joining_depend.refclassid = 'pg_class'::regclass
        and joining_depend.refobjid != dependent_depend.refobjid

    -- ... we can find the tables they query from in pg_class, but excluding system tables. Note we
    -- don't need need to exclude _dependent_ system tables, because they only query from other
    -- system tables, and so are automatically excluded by excluding _referenced_ system tables
    join pg_class as referenced_class on referenced_class.oid = joining_depend.refobjid
    join pg_namespace as referenced_namespace on referenced_namespace.oid = referenced_class.relnamespace
        and referenced_namespace.nspname != 'information_schema'
        and referenced_namespace.nspname not like 'pg\_%'

    order by
        dependent_schema, dependent_name, referenced_schema, referenced_name;
[0m16:44:04.177193 [debug] [MainThread]: Opening a new connection, currently in state init
[0m16:44:04.183493 [debug] [MainThread]: SQL status: SELECT 0 in 0.006 seconds
[0m16:44:04.184708 [debug] [MainThread]: Sending event: {'category': 'dbt', 'action': 'runnable_timing', 'label': 'a4cfd204-9f10-4bed-8a47-53b5c5fc658d', 'context': [<snowplow_tracker.self_describing_json.SelfDescribingJson object at 0x7f3fc69afe00>]}
[0m16:44:04.185102 [debug] [MainThread]: On master: ROLLBACK
[0m16:44:04.185634 [debug] [MainThread]: On master: COMMIT
[0m16:44:04.185973 [debug] [MainThread]: Using postgres connection "master"
[0m16:44:04.186293 [debug] [MainThread]: On master: COMMIT
[0m16:44:04.186733 [debug] [MainThread]: SQL status: COMMIT in 0.000 seconds
[0m16:44:04.187002 [debug] [MainThread]: On master: Close
[0m16:44:04.189064 [debug] [Thread-1 (]: Began running node seed.dbt_marketing_analytics.ad_spend
[0m16:44:04.189465 [debug] [Thread-2 (]: Began running node seed.dbt_marketing_analytics.campaigns
[0m16:44:04.189786 [debug] [Thread-3 (]: Began running node seed.dbt_marketing_analytics.conversions
[0m16:44:04.190568 [debug] [Thread-4 (]: Began running node seed.dbt_marketing_analytics.leads
[0m16:44:04.190232 [info ] [Thread-1 (]: 1 of 4 START seed file raw.ad_spend ............................................ [RUN]
[0m16:44:04.191141 [info ] [Thread-2 (]: 2 of 4 START seed file raw.campaigns ........................................... [RUN]
[0m16:44:04.191578 [info ] [Thread-3 (]: 3 of 4 START seed file raw.conversions ......................................... [RUN]
[0m16:44:04.192003 [info ] [Thread-4 (]: 4 of 4 START seed file raw.leads ............................................... [RUN]
[0m16:44:04.192435 [debug] [Thread-1 (]: Re-using an available connection from the pool (formerly list_dw_analytics_raw, now seed.dbt_marketing_analytics.ad_spend)
[0m16:44:04.192878 [debug] [Thread-2 (]: Acquiring new postgres connection 'seed.dbt_marketing_analytics.campaigns'
[0m16:44:04.193254 [debug] [Thread-3 (]: Acquiring new postgres connection 'seed.dbt_marketing_analytics.conversions'
[0m16:44:04.193677 [debug] [Thread-4 (]: Acquiring new postgres connection 'seed.dbt_marketing_analytics.leads'
[0m16:44:04.193995 [debug] [Thread-1 (]: Began compiling node seed.dbt_marketing_analytics.ad_spend
[0m16:44:04.194321 [debug] [Thread-2 (]: Began compiling node seed.dbt_marketing_analytics.campaigns
[0m16:44:04.194619 [debug] [Thread-3 (]: Began compiling node seed.dbt_marketing_analytics.conversions
[0m16:44:04.194927 [debug] [Thread-4 (]: Began compiling node seed.dbt_marketing_analytics.leads
[0m16:44:04.195311 [debug] [Thread-1 (]: Began executing node seed.dbt_marketing_analytics.ad_spend
[0m16:44:04.195625 [debug] [Thread-2 (]: Began executing node seed.dbt_marketing_analytics.campaigns
[0m16:44:04.196074 [debug] [Thread-3 (]: Began executing node seed.dbt_marketing_analytics.conversions
[0m16:44:04.196577 [debug] [Thread-4 (]: Began executing node seed.dbt_marketing_analytics.leads
[0m16:44:04.231747 [debug] [Thread-2 (]: Using postgres connection "seed.dbt_marketing_analytics.campaigns"
[0m16:44:04.238796 [debug] [Thread-1 (]: Using postgres connection "seed.dbt_marketing_analytics.ad_spend"
[0m16:44:04.257502 [debug] [Thread-2 (]: On seed.dbt_marketing_analytics.campaigns: /* {"app": "dbt", "dbt_version": "1.11.8", "profile_name": "dbt_marketing_analytics", "target_name": "dev", "node_id": "seed.dbt_marketing_analytics.campaigns"} */
truncate table "dw_analytics"."raw"."campaigns"
[0m16:44:04.323447 [debug] [Thread-1 (]: On seed.dbt_marketing_analytics.ad_spend: /* {"app": "dbt", "dbt_version": "1.11.8", "profile_name": "dbt_marketing_analytics", "target_name": "dev", "node_id": "seed.dbt_marketing_analytics.ad_spend"} */
truncate table "dw_analytics"."raw"."ad_spend"
[0m16:44:04.359713 [debug] [Thread-2 (]: Opening a new connection, currently in state init
[0m16:44:04.360334 [debug] [Thread-1 (]: Opening a new connection, currently in state closed
[0m16:44:04.375948 [debug] [Thread-1 (]: SQL status: TRUNCATE TABLE in 0.016 seconds
[0m16:44:04.404893 [debug] [Thread-2 (]: SQL status: TRUNCATE TABLE in 0.045 seconds
[0m16:44:04.428717 [debug] [Thread-1 (]: Using postgres connection "seed.dbt_marketing_analytics.ad_spend"
[0m16:44:04.430831 [debug] [Thread-2 (]: Using postgres connection "seed.dbt_marketing_analytics.campaigns"
[0m16:44:04.431328 [debug] [Thread-1 (]: On seed.dbt_marketing_analytics.ad_spend: 
          insert into "dw_analytics"."raw"."ad_spend" ("date", "canal", "spend") values
          (%s,%s,%s),(%s,%s,%s),(%s,%s,%s),(%s,%s,%s),(%s,%s,%s),(%s,%s,%s),(%s,%s,%s),(%s,%s,%s),(%s,%s,%s),(%s,%s,%s),(%s,%s,%s),(%s,%s,%s),(%s,%s,%s),(%s,%s,%s),(%s,%s,%s),(%s,%s,%s),(%s,%s,%s),(%s,%s,%s),(%s,%s,%s),(%s,%s,%s),(%s,%s,%s),(%s,%s,%s),(%s,%s,%s),(%s,%s,%s),(%s,%s,%s),(%s,%s,%s),(%s,%s,%s),(%s,%s,%s),(%s,%s,%s),(%s,%s,%s),(%s,%s,%s),(%s,%s,%s),(%s,%s,%s),(%s,%s,%s),(%s,%s,%s),(%s,%s,%s),(%s,%s,%s),(%s,%s...
[0m16:44:04.431754 [debug] [Thread-2 (]: On seed.dbt_marketing_analytics.campaigns: 
          insert into "dw_analytics"."raw"."campaigns" ("campaign_id", "canal", "nome_campanha", "orcamento") values
          (%s,%s,%s,%s),(%s,%s,%s,%s),(%s,%s,%s,%s)
      ...
[0m16:44:04.433768 [debug] [Thread-2 (]: SQL status: INSERT 0 3 in 0.000 seconds
[0m16:44:04.438065 [debug] [Thread-2 (]: Writing runtime SQL for node "seed.dbt_marketing_analytics.campaigns"
[0m16:44:04.438322 [debug] [Thread-1 (]: SQL status: INSERT 0 273 in 0.006 seconds
[0m16:44:04.439273 [debug] [Thread-1 (]: Writing runtime SQL for node "seed.dbt_marketing_analytics.ad_spend"
[0m16:44:04.451127 [debug] [Thread-2 (]: On seed.dbt_marketing_analytics.campaigns: COMMIT
[0m16:44:04.451740 [debug] [Thread-2 (]: Using postgres connection "seed.dbt_marketing_analytics.campaigns"
[0m16:44:04.452881 [debug] [Thread-1 (]: On seed.dbt_marketing_analytics.ad_spend: COMMIT
[0m16:44:04.453270 [debug] [Thread-2 (]: On seed.dbt_marketing_analytics.campaigns: COMMIT
[0m16:44:04.453658 [debug] [Thread-1 (]: Using postgres connection "seed.dbt_marketing_analytics.ad_spend"
[0m16:44:04.454362 [debug] [Thread-1 (]: On seed.dbt_marketing_analytics.ad_spend: COMMIT
[0m16:44:04.462380 [debug] [Thread-2 (]: SQL status: COMMIT in 0.008 seconds
[0m16:44:04.464169 [debug] [Thread-2 (]: On seed.dbt_marketing_analytics.campaigns: Close
[0m16:44:04.465701 [debug] [Thread-2 (]: Sending event: {'category': 'dbt', 'action': 'run_model', 'label': 'a4cfd204-9f10-4bed-8a47-53b5c5fc658d', 'context': [<snowplow_tracker.self_describing_json.SelfDescribingJson object at 0x7f3fc69776b0>]}
[0m16:44:04.466275 [info ] [Thread-2 (]: 2 of 4 OK loaded seed file raw.campaigns ....................................... [[32mINSERT 3[0m in 0.27s]
[0m16:44:04.467217 [debug] [Thread-2 (]: Finished running node seed.dbt_marketing_analytics.campaigns
[0m16:44:04.468608 [debug] [Thread-1 (]: SQL status: COMMIT in 0.014 seconds
[0m16:44:04.469427 [debug] [Thread-1 (]: On seed.dbt_marketing_analytics.ad_spend: Close
[0m16:44:04.469987 [debug] [Thread-1 (]: Sending event: {'category': 'dbt', 'action': 'run_model', 'label': 'a4cfd204-9f10-4bed-8a47-53b5c5fc658d', 'context': [<snowplow_tracker.self_describing_json.SelfDescribingJson object at 0x7f3fc698a2a0>]}
[0m16:44:04.470509 [info ] [Thread-1 (]: 1 of 4 OK loaded seed file raw.ad_spend ........................................ [[32mINSERT 273[0m in 0.28s]
[0m16:44:04.471380 [debug] [Thread-1 (]: Finished running node seed.dbt_marketing_analytics.ad_spend
[0m16:44:05.315609 [debug] [Thread-3 (]: Using postgres connection "seed.dbt_marketing_analytics.conversions"
[0m16:44:05.321171 [debug] [Thread-3 (]: On seed.dbt_marketing_analytics.conversions: /* {"app": "dbt", "dbt_version": "1.11.8", "profile_name": "dbt_marketing_analytics", "target_name": "dev", "node_id": "seed.dbt_marketing_analytics.conversions"} */
truncate table "dw_analytics"."raw"."conversions"
[0m16:44:05.326642 [debug] [Thread-3 (]: Opening a new connection, currently in state init
[0m16:44:05.347299 [debug] [Thread-3 (]: SQL status: TRUNCATE TABLE in 0.021 seconds
[0m16:44:06.946192 [debug] [Thread-4 (]: Using postgres connection "seed.dbt_marketing_analytics.leads"
[0m16:44:06.951739 [debug] [Thread-4 (]: On seed.dbt_marketing_analytics.leads: /* {"app": "dbt", "dbt_version": "1.11.8", "profile_name": "dbt_marketing_analytics", "target_name": "dev", "node_id": "seed.dbt_marketing_analytics.leads"} */
truncate table "dw_analytics"."raw"."leads"
[0m16:44:06.957286 [debug] [Thread-4 (]: Opening a new connection, currently in state init
[0m16:44:06.984554 [debug] [Thread-4 (]: SQL status: TRUNCATE TABLE in 0.027 seconds
[0m16:44:07.476331 [debug] [MainThread]: Connection 'master' was properly closed.
[0m16:44:07.481884 [debug] [MainThread]: Connection 'seed.dbt_marketing_analytics.ad_spend' was properly closed.
[0m16:44:07.487426 [debug] [MainThread]: Connection 'seed.dbt_marketing_analytics.campaigns' was properly closed.
[0m16:44:07.492905 [debug] [MainThread]: Connection 'seed.dbt_marketing_analytics.conversions' was left open.
[0m16:44:07.498466 [debug] [MainThread]: On seed.dbt_marketing_analytics.conversions: ROLLBACK
[0m16:44:07.509498 [debug] [MainThread]: On seed.dbt_marketing_analytics.conversions: Close
[0m16:44:07.520136 [debug] [MainThread]: Connection 'seed.dbt_marketing_analytics.leads' was left open.
[0m16:44:07.525584 [debug] [MainThread]: On seed.dbt_marketing_analytics.leads: ROLLBACK
[0m16:44:07.536536 [debug] [MainThread]: On seed.dbt_marketing_analytics.leads: Close
[0m16:44:07.547261 [info ] [MainThread]: 
[0m16:44:07.557994 [info ] [MainThread]: Finished running 2 seeds in 0 hours 0 minutes and 3.43 seconds (3.43s).
[0m16:44:07.568830 [error] [MainThread]: Encountered an error:

[0m16:44:07.953619 [error] [MainThread]: Traceback (most recent call last):
  File "/home/murilo/Área de trabalho/dbt-analytics-project/.venv/lib64/python3.12/site-packages/dbt/task/runnable.py", line 443, in execute_nodes
    self.run_queue(pool)
  File "/home/murilo/Área de trabalho/dbt-analytics-project/.venv/lib64/python3.12/site-packages/dbt/task/runnable.py", line 343, in run_queue
    self.job_queue.join()
  File "/home/murilo/Área de trabalho/dbt-analytics-project/.venv/lib64/python3.12/site-packages/dbt/graph/queue.py", line 220, in join
    self.inner.join()
  File "/usr/lib64/python3.12/queue.py", line 90, in join
    self.all_tasks_done.wait()
  File "/usr/lib64/python3.12/threading.py", line 355, in wait
    waiter.acquire()
KeyboardInterrupt

During handling of the above exception, another exception occurred:

Traceback (most recent call last):
  File "/home/murilo/Área de trabalho/dbt-analytics-project/.venv/lib64/python3.12/site-packages/dbt/cli/requires.py", line 182, in wrapper
    result, success = func(*args, **kwargs)
                      ^^^^^^^^^^^^^^^^^^^^^
  File "/home/murilo/Área de trabalho/dbt-analytics-project/.venv/lib64/python3.12/site-packages/dbt/cli/requires.py", line 128, in wrapper
    return func(*args, **kwargs)
           ^^^^^^^^^^^^^^^^^^^^^
  File "/home/murilo/Área de trabalho/dbt-analytics-project/.venv/lib64/python3.12/site-packages/dbt/cli/requires.py", line 276, in wrapper
    return func(*args, **kwargs)
           ^^^^^^^^^^^^^^^^^^^^^
  File "/home/murilo/Área de trabalho/dbt-analytics-project/.venv/lib64/python3.12/site-packages/dbt/cli/requires.py", line 321, in wrapper
    return func(*args, **kwargs)
           ^^^^^^^^^^^^^^^^^^^^^
  File "/home/murilo/Área de trabalho/dbt-analytics-project/.venv/lib64/python3.12/site-packages/dbt/cli/requires.py", line 391, in wrapper
    return func(*args, **kwargs)
           ^^^^^^^^^^^^^^^^^^^^^
  File "/home/murilo/Área de trabalho/dbt-analytics-project/.venv/lib64/python3.12/site-packages/dbt/cli/requires.py", line 368, in wrapper
    return func(*args, **kwargs)
           ^^^^^^^^^^^^^^^^^^^^^
  File "/home/murilo/Área de trabalho/dbt-analytics-project/.venv/lib64/python3.12/site-packages/dbt/cli/requires.py", line 408, in wrapper
    return func(*args, **kwargs)
           ^^^^^^^^^^^^^^^^^^^^^
  File "/home/murilo/Área de trabalho/dbt-analytics-project/.venv/lib64/python3.12/site-packages/dbt/cli/main.py", line 727, in seed
    results = task.run()
              ^^^^^^^^^^
  File "/home/murilo/Área de trabalho/dbt-analytics-project/.venv/lib64/python3.12/site-packages/dbt/task/runnable.py", line 626, in run
    result = self.execute_with_hooks(selected_uids)
             ^^^^^^^^^^^^^^^^^^^^^^^^^^^^^^^^^^^^^^
  File "/home/murilo/Área de trabalho/dbt-analytics-project/.venv/lib64/python3.12/site-packages/dbt/task/runnable.py", line 563, in execute_with_hooks
    res = self.execute_nodes()
          ^^^^^^^^^^^^^^^^^^^^
  File "/home/murilo/Área de trabalho/dbt-analytics-project/.venv/lib64/python3.12/site-packages/dbt/task/runnable.py", line 467, in execute_nodes
    run_result.write(self.result_path())
  File "/home/murilo/Área de trabalho/dbt-analytics-project/.venv/lib64/python3.12/site-packages/dbt/artifacts/schemas/run/v5/run.py", line 115, in write
    writable.write(path)
  File "/home/murilo/Área de trabalho/dbt-analytics-project/.venv/lib64/python3.12/site-packages/dbt/artifacts/schemas/run/v5/run.py", line 184, in write
    write_json(path, self.to_dict(omit_none=False))
  File "/home/murilo/Área de trabalho/dbt-analytics-project/.venv/lib64/python3.12/site-packages/dbt_common/clients/system.py", line 310, in write_json
    with open(path, "w", encoding="utf-8") as f:
         ^^^^^^^^^^^^^^^^^^^^^^^^^^^^^^^^^
  File "<frozen codecs>", line 186, in __init__
KeyboardInterrupt

[0m16:44:07.970385 [debug] [MainThread]: Resource report: {"command_name": "seed", "command_success": false, "command_wall_clock_time": 5.0874734, "process_in_blocks": "104", "process_kernel_time": 0.428679, "process_mem_max_rss": "187240", "process_out_blocks": "2200", "process_user_time": 5.832655}
[0m16:44:07.976294 [debug] [MainThread]: Command `dbt seed` failed at 16:44:07.976080 after 5.09 seconds
[0m16:44:07.976950 [debug] [MainThread]: Sending event: {'category': 'dbt', 'action': 'invocation', 'label': 'end', 'context': [<snowplow_tracker.self_describing_json.SelfDescribingJson object at 0x7f3fc91a61e0>, <snowplow_tracker.self_describing_json.SelfDescribingJson object at 0x7f3fc4110d10>, <snowplow_tracker.self_describing_json.SelfDescribingJson object at 0x7f3fc4112ab0>]}
[0m16:44:07.982644 [debug] [MainThread]: Flushing usage events
[0m16:44:08.932651 [debug] [MainThread]: An error was encountered while trying to flush usage events
[0m16:44:45.153567 [debug] [MainThread]: Sending event: {'category': 'dbt', 'action': 'invocation', 'label': 'start', 'context': [<snowplow_tracker.self_describing_json.SelfDescribingJson object at 0x7fb8d7499c70>, <snowplow_tracker.self_describing_json.SelfDescribingJson object at 0x7fb8da331ac0>, <snowplow_tracker.self_describing_json.SelfDescribingJson object at 0x7fb8d7b92c90>]}


============================== 16:44:45.156072 | 51051fcb-a416-4712-b251-a27838e23e36 ==============================
[0m16:44:45.156072 [info ] [MainThread]: Running with dbt=1.11.8
[0m16:44:45.156518 [debug] [MainThread]: running dbt with arguments {'log_format': 'default', 'target_path': 'None', 'invocation_command': 'dbt seed --full-refresh', 'use_colors': 'True', 'version_check': 'True', 'fail_fast': 'False', 'write_json': 'True', 'printer_width': '80', 'use_experimental_parser': 'False', 'profiles_dir': '/home/murilo/.dbt', 'cache_selected_only': 'False', 'warn_error_options': 'WarnErrorOptionsV2(error=[], warn=[], silence=[])', 'log_path': '/home/murilo/Área de trabalho/dbt-analytics-project/dbt_marketing_analytics/logs', 'static_parser': 'True', 'warn_error': 'None', 'partial_parse': 'True', 'introspect': 'True', 'no_print': 'None', 'indirect_selection': 'eager', 'send_anonymous_usage_stats': 'True', 'log_cache_events': 'False', 'debug': 'False', 'empty': 'None', 'quiet': 'False'}
[0m16:44:45.276028 [debug] [MainThread]: Sending event: {'category': 'dbt', 'action': 'project_id', 'label': '51051fcb-a416-4712-b251-a27838e23e36', 'context': [<snowplow_tracker.self_describing_json.SelfDescribingJson object at 0x7fb8d71d4560>]}
[0m16:44:45.324299 [debug] [MainThread]: Sending event: {'category': 'dbt', 'action': 'adapter_info', 'label': '51051fcb-a416-4712-b251-a27838e23e36', 'context': [<snowplow_tracker.self_describing_json.SelfDescribingJson object at 0x7fb8d89f7350>]}
[0m16:44:45.324947 [info ] [MainThread]: Registered adapter: postgres=1.10.0
[0m16:44:45.403986 [debug] [MainThread]: checksum: 7d524ac048c2100769df89d592e662e060a73ca564e31bd9c2a37efdfe8d8ab6, vars: {}, profile: , target: , version: 1.11.8
[0m16:44:45.467706 [info ] [MainThread]: Unable to do partial parsing because a project config has changed
[0m16:44:45.468120 [debug] [MainThread]: Sending event: {'category': 'dbt', 'action': 'partial_parser', 'label': '51051fcb-a416-4712-b251-a27838e23e36', 'context': [<snowplow_tracker.self_describing_json.SelfDescribingJson object at 0x7fb8d61164e0>]}
[0m16:44:46.264571 [warn ] [MainThread]: [[33mWARNING[0m]: Configuration paths exist in your dbt_project.yml file which do not apply to any resources.
There are 2 unused configuration paths:
- models.dbt_marketing_analytics.staging
- models.dbt_marketing_analytics.marts
[0m16:44:46.268609 [debug] [MainThread]: Sending event: {'category': 'dbt', 'action': 'load_project', 'label': '51051fcb-a416-4712-b251-a27838e23e36', 'context': [<snowplow_tracker.self_describing_json.SelfDescribingJson object at 0x7fb8d7c7c080>]}
[0m16:44:46.319316 [debug] [MainThread]: Wrote artifact WritableManifest to /home/murilo/Área de trabalho/dbt-analytics-project/dbt_marketing_analytics/target/manifest.json
[0m16:44:46.320723 [debug] [MainThread]: Wrote artifact SemanticManifest to /home/murilo/Área de trabalho/dbt-analytics-project/dbt_marketing_analytics/target/semantic_manifest.json
[0m16:44:46.326746 [debug] [MainThread]: Sending event: {'category': 'dbt', 'action': 'resource_counts', 'label': '51051fcb-a416-4712-b251-a27838e23e36', 'context': [<snowplow_tracker.self_describing_json.SelfDescribingJson object at 0x7fb8d553d8b0>]}
[0m16:44:46.327102 [info ] [MainThread]: Found 4 seeds, 12 data tests, 466 macros
[0m16:44:46.327407 [debug] [MainThread]: Sending event: {'category': 'dbt', 'action': 'runnable_timing', 'label': '51051fcb-a416-4712-b251-a27838e23e36', 'context': [<snowplow_tracker.self_describing_json.SelfDescribingJson object at 0x7fb8d6553500>]}
[0m16:44:46.328879 [info ] [MainThread]: 
[0m16:44:46.329192 [info ] [MainThread]: Concurrency: 4 threads (target='dev')
[0m16:44:46.329450 [info ] [MainThread]: 
[0m16:44:46.329838 [debug] [MainThread]: Acquiring new postgres connection 'master'
[0m16:44:46.332801 [debug] [ThreadPool]: Acquiring new postgres connection 'list_dw_analytics'
[0m16:44:46.361184 [debug] [ThreadPool]: Using postgres connection "list_dw_analytics"
[0m16:44:46.361557 [debug] [ThreadPool]: On list_dw_analytics: /* {"app": "dbt", "dbt_version": "1.11.8", "profile_name": "dbt_marketing_analytics", "target_name": "dev", "connection_name": "list_dw_analytics"} */

    select distinct nspname from pg_namespace
  
[0m16:44:46.361840 [debug] [ThreadPool]: Opening a new connection, currently in state init
[0m16:44:46.367737 [debug] [ThreadPool]: SQL status: SELECT 5 in 0.006 seconds
[0m16:44:46.368748 [debug] [ThreadPool]: On list_dw_analytics: Close
[0m16:44:46.369909 [debug] [ThreadPool]: Re-using an available connection from the pool (formerly list_dw_analytics, now list_dw_analytics_raw)
[0m16:44:46.375199 [debug] [ThreadPool]: Using postgres connection "list_dw_analytics_raw"
[0m16:44:46.375546 [debug] [ThreadPool]: On list_dw_analytics_raw: /* {"app": "dbt", "dbt_version": "1.11.8", "profile_name": "dbt_marketing_analytics", "target_name": "dev", "connection_name": "list_dw_analytics_raw"} */
select
      'dw_analytics' as database,
      tablename as name,
      schemaname as schema,
      'table' as type
    from pg_tables
    where schemaname ilike 'raw'
    union all
    select
      'dw_analytics' as database,
      viewname as name,
      schemaname as schema,
      'view' as type
    from pg_views
    where schemaname ilike 'raw'
    union all
    select
      'dw_analytics' as database,
      matviewname as name,
      schemaname as schema,
      'materialized_view' as type
    from pg_matviews
    where schemaname ilike 'raw'
  
[0m16:44:46.375817 [debug] [ThreadPool]: Opening a new connection, currently in state closed
[0m16:44:46.382052 [debug] [ThreadPool]: SQL status: SELECT 4 in 0.006 seconds
[0m16:44:46.383274 [debug] [ThreadPool]: On list_dw_analytics_raw: ROLLBACK
[0m16:44:46.383966 [debug] [ThreadPool]: On list_dw_analytics_raw: Close
[0m16:44:46.388156 [debug] [MainThread]: Using postgres connection "master"
[0m16:44:46.388524 [debug] [MainThread]: On master: /* {"app": "dbt", "dbt_version": "1.11.8", "profile_name": "dbt_marketing_analytics", "target_name": "dev", "connection_name": "master"} */
select distinct
        dependent_namespace.nspname as dependent_schema,
        dependent_class.relname as dependent_name,
        referenced_namespace.nspname as referenced_schema,
        referenced_class.relname as referenced_name

    -- Query for views: views are entries in pg_class with an entry in pg_rewrite, but we avoid
    -- a seq scan on pg_rewrite by leveraging the fact there is an "internal" row in pg_depend for
    -- the view...
    from pg_class as dependent_class
    join pg_namespace as dependent_namespace on dependent_namespace.oid = dependent_class.relnamespace
    join pg_depend as dependent_depend on dependent_depend.refobjid = dependent_class.oid
        and dependent_depend.classid = 'pg_rewrite'::regclass
        and dependent_depend.refclassid = 'pg_class'::regclass
        and dependent_depend.deptype = 'i'

    -- ... and via pg_depend (that has a row per column, hence the need for "distinct" above, and
    -- making sure to exclude the internal row to avoid a view appearing to depend on itself)...
    join pg_depend as joining_depend on joining_depend.objid = dependent_depend.objid
        and joining_depend.classid = 'pg_rewrite'::regclass
        and joining_depend.refclassid = 'pg_class'::regclass
        and joining_depend.refobjid != dependent_depend.refobjid

    -- ... we can find the tables they query from in pg_class, but excluding system tables. Note we
    -- don't need need to exclude _dependent_ system tables, because they only query from other
    -- system tables, and so are automatically excluded by excluding _referenced_ system tables
    join pg_class as referenced_class on referenced_class.oid = joining_depend.refobjid
    join pg_namespace as referenced_namespace on referenced_namespace.oid = referenced_class.relnamespace
        and referenced_namespace.nspname != 'information_schema'
        and referenced_namespace.nspname not like 'pg\_%'

    order by
        dependent_schema, dependent_name, referenced_schema, referenced_name;
[0m16:44:46.388829 [debug] [MainThread]: Opening a new connection, currently in state init
[0m16:44:46.394702 [debug] [MainThread]: SQL status: SELECT 0 in 0.006 seconds
[0m16:44:46.395685 [debug] [MainThread]: Sending event: {'category': 'dbt', 'action': 'runnable_timing', 'label': '51051fcb-a416-4712-b251-a27838e23e36', 'context': [<snowplow_tracker.self_describing_json.SelfDescribingJson object at 0x7fb8d598f260>]}
[0m16:44:46.396051 [debug] [MainThread]: On master: ROLLBACK
[0m16:44:46.396434 [debug] [MainThread]: On master: COMMIT
[0m16:44:46.396703 [debug] [MainThread]: Using postgres connection "master"
[0m16:44:46.396946 [debug] [MainThread]: On master: COMMIT
[0m16:44:46.397376 [debug] [MainThread]: SQL status: COMMIT in 0.000 seconds
[0m16:44:46.397642 [debug] [MainThread]: On master: Close
[0m16:44:46.399895 [debug] [Thread-1 (]: Began running node seed.dbt_marketing_analytics.ad_spend
[0m16:44:46.400329 [debug] [Thread-2 (]: Began running node seed.dbt_marketing_analytics.campaigns
[0m16:44:46.400700 [debug] [Thread-3 (]: Began running node seed.dbt_marketing_analytics.conversions
[0m16:44:46.401489 [debug] [Thread-4 (]: Began running node seed.dbt_marketing_analytics.leads
[0m16:44:46.401186 [info ] [Thread-1 (]: 1 of 4 START seed file raw.ad_spend ............................................ [RUN]
[0m16:44:46.402068 [info ] [Thread-2 (]: 2 of 4 START seed file raw.campaigns ........................................... [RUN]
[0m16:44:46.402517 [info ] [Thread-3 (]: 3 of 4 START seed file raw.conversions ......................................... [RUN]
[0m16:44:46.402918 [info ] [Thread-4 (]: 4 of 4 START seed file raw.leads ............................................... [RUN]
[0m16:44:46.403339 [debug] [Thread-1 (]: Re-using an available connection from the pool (formerly list_dw_analytics_raw, now seed.dbt_marketing_analytics.ad_spend)
[0m16:44:46.403782 [debug] [Thread-2 (]: Acquiring new postgres connection 'seed.dbt_marketing_analytics.campaigns'
[0m16:44:46.404217 [debug] [Thread-3 (]: Acquiring new postgres connection 'seed.dbt_marketing_analytics.conversions'
[0m16:44:46.404584 [debug] [Thread-4 (]: Acquiring new postgres connection 'seed.dbt_marketing_analytics.leads'
[0m16:44:46.404896 [debug] [Thread-1 (]: Began compiling node seed.dbt_marketing_analytics.ad_spend
[0m16:44:46.405215 [debug] [Thread-2 (]: Began compiling node seed.dbt_marketing_analytics.campaigns
[0m16:44:46.405544 [debug] [Thread-3 (]: Began compiling node seed.dbt_marketing_analytics.conversions
[0m16:44:46.405837 [debug] [Thread-4 (]: Began compiling node seed.dbt_marketing_analytics.leads
[0m16:44:46.406158 [debug] [Thread-1 (]: Began executing node seed.dbt_marketing_analytics.ad_spend
[0m16:44:46.406478 [debug] [Thread-2 (]: Began executing node seed.dbt_marketing_analytics.campaigns
[0m16:44:46.406842 [debug] [Thread-3 (]: Began executing node seed.dbt_marketing_analytics.conversions
[0m16:44:46.407227 [debug] [Thread-4 (]: Began executing node seed.dbt_marketing_analytics.leads
[0m16:44:46.434463 [debug] [Thread-2 (]: Applying DROP to: "dw_analytics"."raw"."campaigns"
[0m16:44:46.443449 [debug] [Thread-1 (]: Applying DROP to: "dw_analytics"."raw"."ad_spend"
[0m16:44:46.450429 [debug] [Thread-2 (]: Using postgres connection "seed.dbt_marketing_analytics.campaigns"
[0m16:44:46.552345 [debug] [Thread-1 (]: Using postgres connection "seed.dbt_marketing_analytics.ad_spend"
[0m16:44:46.597924 [debug] [Thread-2 (]: On seed.dbt_marketing_analytics.campaigns: /* {"app": "dbt", "dbt_version": "1.11.8", "profile_name": "dbt_marketing_analytics", "target_name": "dev", "node_id": "seed.dbt_marketing_analytics.campaigns"} */
drop table if exists "dw_analytics"."raw"."campaigns" cascade
[0m16:44:46.598239 [debug] [Thread-1 (]: On seed.dbt_marketing_analytics.ad_spend: /* {"app": "dbt", "dbt_version": "1.11.8", "profile_name": "dbt_marketing_analytics", "target_name": "dev", "node_id": "seed.dbt_marketing_analytics.ad_spend"} */
drop table if exists "dw_analytics"."raw"."ad_spend" cascade
[0m16:44:46.598726 [debug] [Thread-2 (]: Opening a new connection, currently in state init
[0m16:44:46.599152 [debug] [Thread-1 (]: Opening a new connection, currently in state closed
[0m16:44:46.604359 [debug] [Thread-1 (]: SQL status: DROP TABLE in 0.005 seconds
[0m16:44:46.604524 [debug] [Thread-2 (]: SQL status: DROP TABLE in 0.006 seconds
[0m16:44:46.611784 [debug] [Thread-1 (]: Using postgres connection "seed.dbt_marketing_analytics.ad_spend"
[0m16:44:46.612718 [debug] [Thread-2 (]: Using postgres connection "seed.dbt_marketing_analytics.campaigns"
[0m16:44:46.613177 [debug] [Thread-1 (]: On seed.dbt_marketing_analytics.ad_spend: /* {"app": "dbt", "dbt_version": "1.11.8", "profile_name": "dbt_marketing_analytics", "target_name": "dev", "node_id": "seed.dbt_marketing_analytics.ad_spend"} */

    create table "dw_analytics"."raw"."ad_spend" ("date" date,"canal" text,"spend" float8)
  
[0m16:44:46.613546 [debug] [Thread-2 (]: On seed.dbt_marketing_analytics.campaigns: /* {"app": "dbt", "dbt_version": "1.11.8", "profile_name": "dbt_marketing_analytics", "target_name": "dev", "node_id": "seed.dbt_marketing_analytics.campaigns"} */

    create table "dw_analytics"."raw"."campaigns" ("campaign_id" integer,"canal" text,"nome_campanha" text,"orcamento" integer)
  
[0m16:44:46.631921 [debug] [Thread-1 (]: SQL status: CREATE TABLE in 0.018 seconds
[0m16:44:46.632145 [debug] [Thread-2 (]: SQL status: CREATE TABLE in 0.018 seconds
[0m16:44:46.645731 [debug] [Thread-2 (]: Using postgres connection "seed.dbt_marketing_analytics.campaigns"
[0m16:44:46.676887 [debug] [Thread-2 (]: On seed.dbt_marketing_analytics.campaigns: 
          insert into "dw_analytics"."raw"."campaigns" ("campaign_id", "canal", "nome_campanha", "orcamento") values
          (%s,%s,%s,%s),(%s,%s,%s,%s),(%s,%s,%s,%s)
      ...
[0m16:44:46.684008 [debug] [Thread-1 (]: Using postgres connection "seed.dbt_marketing_analytics.ad_spend"
[0m16:44:46.684945 [debug] [Thread-1 (]: On seed.dbt_marketing_analytics.ad_spend: 
          insert into "dw_analytics"."raw"."ad_spend" ("date", "canal", "spend") values
          (%s,%s,%s),(%s,%s,%s),(%s,%s,%s),(%s,%s,%s),(%s,%s,%s),(%s,%s,%s),(%s,%s,%s),(%s,%s,%s),(%s,%s,%s),(%s,%s,%s),(%s,%s,%s),(%s,%s,%s),(%s,%s,%s),(%s,%s,%s),(%s,%s,%s),(%s,%s,%s),(%s,%s,%s),(%s,%s,%s),(%s,%s,%s),(%s,%s,%s),(%s,%s,%s),(%s,%s,%s),(%s,%s,%s),(%s,%s,%s),(%s,%s,%s),(%s,%s,%s),(%s,%s,%s),(%s,%s,%s),(%s,%s,%s),(%s,%s,%s),(%s,%s,%s),(%s,%s,%s),(%s,%s,%s),(%s,%s,%s),(%s,%s,%s),(%s,%s,%s),(%s,%s,%s),(%s,%s...
[0m16:44:46.685401 [debug] [Thread-2 (]: SQL status: INSERT 0 3 in 0.001 seconds
[0m16:44:46.691133 [debug] [Thread-2 (]: Writing runtime SQL for node "seed.dbt_marketing_analytics.campaigns"
[0m16:44:46.691399 [debug] [Thread-1 (]: SQL status: INSERT 0 273 in 0.006 seconds
[0m16:44:46.692496 [debug] [Thread-1 (]: Writing runtime SQL for node "seed.dbt_marketing_analytics.ad_spend"
[0m16:44:46.709089 [debug] [Thread-2 (]: On seed.dbt_marketing_analytics.campaigns: COMMIT
[0m16:44:46.710547 [debug] [Thread-1 (]: On seed.dbt_marketing_analytics.ad_spend: COMMIT
[0m16:44:46.710707 [debug] [Thread-2 (]: Using postgres connection "seed.dbt_marketing_analytics.campaigns"
[0m16:44:46.711349 [debug] [Thread-1 (]: Using postgres connection "seed.dbt_marketing_analytics.ad_spend"
[0m16:44:46.711635 [debug] [Thread-2 (]: On seed.dbt_marketing_analytics.campaigns: COMMIT
[0m16:44:46.712021 [debug] [Thread-1 (]: On seed.dbt_marketing_analytics.ad_spend: COMMIT
[0m16:44:46.719238 [debug] [Thread-2 (]: SQL status: COMMIT in 0.007 seconds
[0m16:44:46.721222 [debug] [Thread-2 (]: On seed.dbt_marketing_analytics.campaigns: Close
[0m16:44:46.722783 [debug] [Thread-2 (]: Sending event: {'category': 'dbt', 'action': 'run_model', 'label': '51051fcb-a416-4712-b251-a27838e23e36', 'context': [<snowplow_tracker.self_describing_json.SelfDescribingJson object at 0x7fb8da3189b0>]}
[0m16:44:46.723974 [info ] [Thread-2 (]: 2 of 4 OK loaded seed file raw.campaigns ....................................... [[32mCREATE 3[0m in 0.32s]
[0m16:44:46.724812 [debug] [Thread-2 (]: Finished running node seed.dbt_marketing_analytics.campaigns
[0m16:44:46.725506 [debug] [Thread-1 (]: SQL status: COMMIT in 0.013 seconds
[0m16:44:46.726372 [debug] [Thread-1 (]: On seed.dbt_marketing_analytics.ad_spend: Close
[0m16:44:46.726917 [debug] [Thread-1 (]: Sending event: {'category': 'dbt', 'action': 'run_model', 'label': '51051fcb-a416-4712-b251-a27838e23e36', 'context': [<snowplow_tracker.self_describing_json.SelfDescribingJson object at 0x7fb8d44f9b50>]}
[0m16:44:46.727414 [info ] [Thread-1 (]: 1 of 4 OK loaded seed file raw.ad_spend ........................................ [[32mCREATE 273[0m in 0.32s]
[0m16:44:46.728229 [debug] [Thread-1 (]: Finished running node seed.dbt_marketing_analytics.ad_spend
[0m16:44:47.471307 [debug] [Thread-3 (]: Applying DROP to: "dw_analytics"."raw"."conversions"
[0m16:44:47.476968 [debug] [Thread-3 (]: Using postgres connection "seed.dbt_marketing_analytics.conversions"
[0m16:44:47.482478 [debug] [Thread-3 (]: On seed.dbt_marketing_analytics.conversions: /* {"app": "dbt", "dbt_version": "1.11.8", "profile_name": "dbt_marketing_analytics", "target_name": "dev", "node_id": "seed.dbt_marketing_analytics.conversions"} */
drop table if exists "dw_analytics"."raw"."conversions" cascade
[0m16:44:47.487961 [debug] [Thread-3 (]: Opening a new connection, currently in state init
[0m16:44:47.508409 [debug] [Thread-3 (]: SQL status: DROP TABLE in 0.020 seconds
[0m16:44:47.579337 [debug] [Thread-3 (]: Using postgres connection "seed.dbt_marketing_analytics.conversions"
[0m16:44:47.584834 [debug] [Thread-3 (]: On seed.dbt_marketing_analytics.conversions: /* {"app": "dbt", "dbt_version": "1.11.8", "profile_name": "dbt_marketing_analytics", "target_name": "dev", "node_id": "seed.dbt_marketing_analytics.conversions"} */

    create table "dw_analytics"."raw"."conversions" ("conversion_id" integer,"lead_id" integer,"converted_at" date,"revenue" float8)
  
[0m16:44:47.596156 [debug] [Thread-3 (]: SQL status: CREATE TABLE in 0.006 seconds
[0m16:44:49.110555 [debug] [Thread-4 (]: Applying DROP to: "dw_analytics"."raw"."leads"
[0m16:44:49.116244 [debug] [Thread-4 (]: Using postgres connection "seed.dbt_marketing_analytics.leads"
[0m16:44:49.121732 [debug] [Thread-4 (]: On seed.dbt_marketing_analytics.leads: /* {"app": "dbt", "dbt_version": "1.11.8", "profile_name": "dbt_marketing_analytics", "target_name": "dev", "node_id": "seed.dbt_marketing_analytics.leads"} */
drop table if exists "dw_analytics"."raw"."leads" cascade
[0m16:44:49.127193 [debug] [Thread-4 (]: Opening a new connection, currently in state init
[0m16:44:49.147973 [debug] [Thread-4 (]: SQL status: DROP TABLE in 0.021 seconds
[0m16:44:49.460115 [debug] [Thread-4 (]: Using postgres connection "seed.dbt_marketing_analytics.leads"
[0m16:44:49.465619 [debug] [Thread-4 (]: On seed.dbt_marketing_analytics.leads: /* {"app": "dbt", "dbt_version": "1.11.8", "profile_name": "dbt_marketing_analytics", "target_name": "dev", "node_id": "seed.dbt_marketing_analytics.leads"} */

    create table "dw_analytics"."raw"."leads" ("lead_id" integer,"user_id" integer,"campaign_id" integer,"created_at" date,"canal" text)
  
[0m16:44:49.483778 [debug] [Thread-4 (]: SQL status: CREATE TABLE in 0.013 seconds
[0m16:44:51.273451 [debug] [Thread-3 (]: Using postgres connection "seed.dbt_marketing_analytics.conversions"
[0m16:44:51.278985 [debug] [Thread-3 (]: On seed.dbt_marketing_analytics.conversions: 
          insert into "dw_analytics"."raw"."conversions" ("conversion_id", "lead_id", "converted_at", "revenue") values
          (%s,%s,%s,%s),(%s,%s,%s,%s),(%s,%s,%s,%s),(%s,%s,%s,%s),(%s,%s,%s,%s),(%s,%s,%s,%s),(%s,%s,%s,%s),(%s,%s,%s,%s),(%s,%s,%s,%s),(%s,%s,%s,%s),(%s,%s,%s,%s),(%s,%s,%s,%s),(%s,%s,%s,%s),(%s,%s,%s,%s),(%s,%s,%s,%s),(%s,%s,%s,%s),(%s,%s,%s,%s),(%s,%s,%s,%s),(%s,%s,%s,%s),(%s,%s,%s,%s),(%s,%s,%s,%s),(%s,%s,%s,%s),(%s,%s,%s,%s),(%s,%s,%s,%s),(%s,%s,%s,%s),(%s,%s,%s,%s),(%s,%s,%s,%s),(%s...
[0m16:44:51.370439 [debug] [Thread-3 (]: SQL status: INSERT 0 10000 in 0.086 seconds
[0m16:44:51.744610 [debug] [Thread-3 (]: Using postgres connection "seed.dbt_marketing_analytics.conversions"
[0m16:44:51.750158 [debug] [Thread-3 (]: On seed.dbt_marketing_analytics.conversions: 
          insert into "dw_analytics"."raw"."conversions" ("conversion_id", "lead_id", "converted_at", "revenue") values
          (%s,%s,%s,%s),(%s,%s,%s,%s),(%s,%s,%s,%s),(%s,%s,%s,%s),(%s,%s,%s,%s),(%s,%s,%s,%s),(%s,%s,%s,%s),(%s,%s,%s,%s),(%s,%s,%s,%s),(%s,%s,%s,%s),(%s,%s,%s,%s),(%s,%s,%s,%s),(%s,%s,%s,%s),(%s,%s,%s,%s),(%s,%s,%s,%s),(%s,%s,%s,%s),(%s,%s,%s,%s),(%s,%s,%s,%s),(%s,%s,%s,%s),(%s,%s,%s,%s),(%s,%s,%s,%s),(%s,%s,%s,%s),(%s,%s,%s,%s),(%s,%s,%s,%s),(%s,%s,%s,%s),(%s,%s,%s,%s),(%s,%s,%s,%s),(%s...
[0m16:44:51.768739 [debug] [Thread-3 (]: SQL status: INSERT 0 1000 in 0.013 seconds
[0m16:44:51.774753 [debug] [Thread-3 (]: Writing runtime SQL for node "seed.dbt_marketing_analytics.conversions"
[0m16:44:51.808153 [debug] [Thread-3 (]: On seed.dbt_marketing_analytics.conversions: COMMIT
[0m16:44:51.813642 [debug] [Thread-3 (]: Using postgres connection "seed.dbt_marketing_analytics.conversions"
[0m16:44:51.819148 [debug] [Thread-3 (]: On seed.dbt_marketing_analytics.conversions: COMMIT
[0m16:44:51.837539 [debug] [Thread-3 (]: SQL status: COMMIT in 0.013 seconds
[0m16:44:51.843426 [debug] [Thread-3 (]: On seed.dbt_marketing_analytics.conversions: Close
[0m16:44:51.854151 [debug] [Thread-3 (]: Sending event: {'category': 'dbt', 'action': 'run_model', 'label': '51051fcb-a416-4712-b251-a27838e23e36', 'context': [<snowplow_tracker.self_describing_json.SelfDescribingJson object at 0x7fb8ccf32450>]}
[0m16:44:51.864921 [info ] [Thread-3 (]: 3 of 4 OK loaded seed file raw.conversions ..................................... [[32mCREATE 11000[0m in 5.45s]
[0m16:44:51.875838 [debug] [Thread-3 (]: Finished running node seed.dbt_marketing_analytics.conversions
[0m16:44:52.869210 [debug] [Thread-4 (]: Using postgres connection "seed.dbt_marketing_analytics.leads"
[0m16:44:52.869808 [debug] [Thread-4 (]: On seed.dbt_marketing_analytics.leads: 
          insert into "dw_analytics"."raw"."leads" ("lead_id", "user_id", "campaign_id", "created_at", "canal") values
          (%s,%s,%s,%s,%s),(%s,%s,%s,%s,%s),(%s,%s,%s,%s,%s),(%s,%s,%s,%s,%s),(%s,%s,%s,%s,%s),(%s,%s,%s,%s,%s),(%s,%s,%s,%s,%s),(%s,%s,%s,%s,%s),(%s,%s,%s,%s,%s),(%s,%s,%s,%s,%s),(%s,%s,%s,%s,%s),(%s,%s,%s,%s,%s),(%s,%s,%s,%s,%s),(%s,%s,%s,%s,%s),(%s,%s,%s,%s,%s),(%s,%s,%s,%s,%s),(%s,%s,%s,%s,%s),(%s,%s,%s,%s,%s),(%s,%s,%s,%s,%s),(%s,%s,%s,%s,%s),(%s,%s,%s,%s,%s),(%s,%s,%s,%s,%s),(%s,%s,%...
[0m16:44:52.950264 [debug] [Thread-4 (]: SQL status: INSERT 0 10000 in 0.080 seconds
[0m16:44:55.066922 [debug] [Thread-4 (]: Using postgres connection "seed.dbt_marketing_analytics.leads"
[0m16:44:55.067360 [debug] [Thread-4 (]: On seed.dbt_marketing_analytics.leads: 
          insert into "dw_analytics"."raw"."leads" ("lead_id", "user_id", "campaign_id", "created_at", "canal") values
          (%s,%s,%s,%s,%s),(%s,%s,%s,%s,%s),(%s,%s,%s,%s,%s),(%s,%s,%s,%s,%s),(%s,%s,%s,%s,%s),(%s,%s,%s,%s,%s),(%s,%s,%s,%s,%s),(%s,%s,%s,%s,%s),(%s,%s,%s,%s,%s),(%s,%s,%s,%s,%s),(%s,%s,%s,%s,%s),(%s,%s,%s,%s,%s),(%s,%s,%s,%s,%s),(%s,%s,%s,%s,%s),(%s,%s,%s,%s,%s),(%s,%s,%s,%s,%s),(%s,%s,%s,%s,%s),(%s,%s,%s,%s,%s),(%s,%s,%s,%s,%s),(%s,%s,%s,%s,%s),(%s,%s,%s,%s,%s),(%s,%s,%s,%s,%s),(%s,%s,%...
[0m16:44:55.145152 [debug] [Thread-4 (]: SQL status: INSERT 0 10000 in 0.077 seconds
[0m16:44:57.274926 [debug] [Thread-4 (]: Using postgres connection "seed.dbt_marketing_analytics.leads"
[0m16:44:57.275368 [debug] [Thread-4 (]: On seed.dbt_marketing_analytics.leads: 
          insert into "dw_analytics"."raw"."leads" ("lead_id", "user_id", "campaign_id", "created_at", "canal") values
          (%s,%s,%s,%s,%s),(%s,%s,%s,%s,%s),(%s,%s,%s,%s,%s),(%s,%s,%s,%s,%s),(%s,%s,%s,%s,%s),(%s,%s,%s,%s,%s),(%s,%s,%s,%s,%s),(%s,%s,%s,%s,%s),(%s,%s,%s,%s,%s),(%s,%s,%s,%s,%s),(%s,%s,%s,%s,%s),(%s,%s,%s,%s,%s),(%s,%s,%s,%s,%s),(%s,%s,%s,%s,%s),(%s,%s,%s,%s,%s),(%s,%s,%s,%s,%s),(%s,%s,%s,%s,%s),(%s,%s,%s,%s,%s),(%s,%s,%s,%s,%s),(%s,%s,%s,%s,%s),(%s,%s,%s,%s,%s),(%s,%s,%s,%s,%s),(%s,%s,%...
[0m16:44:57.353498 [debug] [Thread-4 (]: SQL status: INSERT 0 10000 in 0.078 seconds
[0m16:44:59.545665 [debug] [Thread-4 (]: Using postgres connection "seed.dbt_marketing_analytics.leads"
[0m16:44:59.546100 [debug] [Thread-4 (]: On seed.dbt_marketing_analytics.leads: 
          insert into "dw_analytics"."raw"."leads" ("lead_id", "user_id", "campaign_id", "created_at", "canal") values
          (%s,%s,%s,%s,%s),(%s,%s,%s,%s,%s),(%s,%s,%s,%s,%s),(%s,%s,%s,%s,%s),(%s,%s,%s,%s,%s),(%s,%s,%s,%s,%s),(%s,%s,%s,%s,%s),(%s,%s,%s,%s,%s),(%s,%s,%s,%s,%s),(%s,%s,%s,%s,%s),(%s,%s,%s,%s,%s),(%s,%s,%s,%s,%s),(%s,%s,%s,%s,%s),(%s,%s,%s,%s,%s),(%s,%s,%s,%s,%s),(%s,%s,%s,%s,%s),(%s,%s,%s,%s,%s),(%s,%s,%s,%s,%s),(%s,%s,%s,%s,%s),(%s,%s,%s,%s,%s),(%s,%s,%s,%s,%s),(%s,%s,%s,%s,%s),(%s,%s,%...
[0m16:44:59.626888 [debug] [Thread-4 (]: SQL status: INSERT 0 10000 in 0.080 seconds
[0m16:45:01.718049 [debug] [Thread-4 (]: Using postgres connection "seed.dbt_marketing_analytics.leads"
[0m16:45:01.718485 [debug] [Thread-4 (]: On seed.dbt_marketing_analytics.leads: 
          insert into "dw_analytics"."raw"."leads" ("lead_id", "user_id", "campaign_id", "created_at", "canal") values
          (%s,%s,%s,%s,%s),(%s,%s,%s,%s,%s),(%s,%s,%s,%s,%s),(%s,%s,%s,%s,%s),(%s,%s,%s,%s,%s),(%s,%s,%s,%s,%s),(%s,%s,%s,%s,%s),(%s,%s,%s,%s,%s),(%s,%s,%s,%s,%s),(%s,%s,%s,%s,%s),(%s,%s,%s,%s,%s),(%s,%s,%s,%s,%s),(%s,%s,%s,%s,%s),(%s,%s,%s,%s,%s),(%s,%s,%s,%s,%s),(%s,%s,%s,%s,%s),(%s,%s,%s,%s,%s),(%s,%s,%s,%s,%s),(%s,%s,%s,%s,%s),(%s,%s,%s,%s,%s),(%s,%s,%s,%s,%s),(%s,%s,%s,%s,%s),(%s,%s,%...
[0m16:45:01.798508 [debug] [Thread-4 (]: SQL status: INSERT 0 10000 in 0.080 seconds
[0m16:45:01.799786 [debug] [Thread-4 (]: Writing runtime SQL for node "seed.dbt_marketing_analytics.leads"
[0m16:45:01.801456 [debug] [Thread-4 (]: On seed.dbt_marketing_analytics.leads: COMMIT
[0m16:45:01.801782 [debug] [Thread-4 (]: Using postgres connection "seed.dbt_marketing_analytics.leads"
[0m16:45:01.802071 [debug] [Thread-4 (]: On seed.dbt_marketing_analytics.leads: COMMIT
[0m16:45:01.813550 [debug] [Thread-4 (]: SQL status: COMMIT in 0.011 seconds
[0m16:45:01.814266 [debug] [Thread-4 (]: On seed.dbt_marketing_analytics.leads: Close
[0m16:45:01.814799 [debug] [Thread-4 (]: Sending event: {'category': 'dbt', 'action': 'run_model', 'label': '51051fcb-a416-4712-b251-a27838e23e36', 'context': [<snowplow_tracker.self_describing_json.SelfDescribingJson object at 0x7fb8cc62b2f0>]}
[0m16:45:01.815405 [info ] [Thread-4 (]: 4 of 4 OK loaded seed file raw.leads ........................................... [[32mCREATE 50000[0m in 15.41s]
[0m16:45:01.816021 [debug] [Thread-4 (]: Finished running node seed.dbt_marketing_analytics.leads
[0m16:45:01.817241 [debug] [MainThread]: On master: COMMIT
[0m16:45:01.817553 [debug] [MainThread]: Using postgres connection "master"
[0m16:45:01.817803 [debug] [MainThread]: On master: COMMIT
[0m16:45:01.818044 [debug] [MainThread]: Opening a new connection, currently in state closed
[0m16:45:01.823983 [debug] [MainThread]: SQL status: COMMIT in 0.006 seconds
[0m16:45:01.824382 [debug] [MainThread]: On master: Close
[0m16:45:01.824782 [debug] [MainThread]: Connection 'master' was properly closed.
[0m16:45:01.825036 [debug] [MainThread]: Connection 'seed.dbt_marketing_analytics.ad_spend' was properly closed.
[0m16:45:01.825289 [debug] [MainThread]: Connection 'seed.dbt_marketing_analytics.campaigns' was properly closed.
[0m16:45:01.825532 [debug] [MainThread]: Connection 'seed.dbt_marketing_analytics.conversions' was properly closed.
[0m16:45:01.825768 [debug] [MainThread]: Connection 'seed.dbt_marketing_analytics.leads' was properly closed.
[0m16:45:01.826059 [info ] [MainThread]: 
[0m16:45:01.826362 [info ] [MainThread]: Finished running 4 seeds in 0 hours 0 minutes and 15.50 seconds (15.50s).
[0m16:45:01.827228 [debug] [MainThread]: Command end result
[0m16:45:01.848469 [debug] [MainThread]: Wrote artifact WritableManifest to /home/murilo/Área de trabalho/dbt-analytics-project/dbt_marketing_analytics/target/manifest.json
[0m16:45:01.850137 [debug] [MainThread]: Wrote artifact SemanticManifest to /home/murilo/Área de trabalho/dbt-analytics-project/dbt_marketing_analytics/target/semantic_manifest.json
[0m16:45:01.854402 [debug] [MainThread]: Wrote artifact RunExecutionResult to /home/murilo/Área de trabalho/dbt-analytics-project/dbt_marketing_analytics/target/run_results.json
[0m16:45:01.854692 [info ] [MainThread]: 
[0m16:45:01.855036 [info ] [MainThread]: [32mCompleted successfully[0m
[0m16:45:01.855325 [info ] [MainThread]: 
[0m16:45:01.855626 [info ] [MainThread]: Done. PASS=4 WARN=0 ERROR=0 SKIP=0 NO-OP=0 TOTAL=4
[0m16:45:01.856345 [debug] [MainThread]: Resource report: {"command_name": "seed", "command_success": true, "command_wall_clock_time": 16.746061, "process_in_blocks": "0", "process_kernel_time": 0.379163, "process_mem_max_rss": "189844", "process_out_blocks": "3816", "process_user_time": 17.287506}
[0m16:45:01.856731 [debug] [MainThread]: Command `dbt seed` succeeded at 16:45:01.856655 after 16.75 seconds
[0m16:45:01.857039 [debug] [MainThread]: Sending event: {'category': 'dbt', 'action': 'invocation', 'label': 'end', 'context': [<snowplow_tracker.self_describing_json.SelfDescribingJson object at 0x7fb8cc735e50>, <snowplow_tracker.self_describing_json.SelfDescribingJson object at 0x7fb8cc734230>, <snowplow_tracker.self_describing_json.SelfDescribingJson object at 0x7fb8cc735df0>]}
[0m16:45:01.857374 [debug] [MainThread]: Flushing usage events
[0m16:45:02.592356 [debug] [MainThread]: An error was encountered while trying to flush usage events
[0m16:49:09.697170 [debug] [MainThread]: Sending event: {'category': 'dbt', 'action': 'invocation', 'label': 'start', 'context': [<snowplow_tracker.self_describing_json.SelfDescribingJson object at 0x7f076b85e540>, <snowplow_tracker.self_describing_json.SelfDescribingJson object at 0x7f076da29dc0>, <snowplow_tracker.self_describing_json.SelfDescribingJson object at 0x7f076b3a3620>]}


============================== 16:49:09.699801 | b7d6053a-cf7f-48f7-b2e0-714e41c4de3e ==============================
[0m16:49:09.699801 [info ] [MainThread]: Running with dbt=1.11.8
[0m16:49:09.700244 [debug] [MainThread]: running dbt with arguments {'target_path': 'None', 'log_path': '/home/murilo/Área de trabalho/dbt-analytics-project/dbt_marketing_analytics/logs', 'introspect': 'True', 'static_parser': 'True', 'no_print': 'None', 'invocation_command': 'dbt seed', 'empty': 'None', 'version_check': 'True', 'use_experimental_parser': 'False', 'indirect_selection': 'eager', 'log_format': 'default', 'cache_selected_only': 'False', 'log_cache_events': 'False', 'profiles_dir': '/home/murilo/.dbt', 'printer_width': '80', 'partial_parse': 'True', 'warn_error_options': 'WarnErrorOptionsV2(error=[], warn=[], silence=[])', 'quiet': 'False', 'send_anonymous_usage_stats': 'True', 'warn_error': 'None', 'debug': 'False', 'fail_fast': 'False', 'write_json': 'True', 'use_colors': 'True'}
[0m16:49:09.820855 [debug] [MainThread]: Sending event: {'category': 'dbt', 'action': 'project_id', 'label': 'b7d6053a-cf7f-48f7-b2e0-714e41c4de3e', 'context': [<snowplow_tracker.self_describing_json.SelfDescribingJson object at 0x7f076a7c6660>]}
[0m16:49:09.869021 [debug] [MainThread]: Sending event: {'category': 'dbt', 'action': 'adapter_info', 'label': 'b7d6053a-cf7f-48f7-b2e0-714e41c4de3e', 'context': [<snowplow_tracker.self_describing_json.SelfDescribingJson object at 0x7f076c512180>]}
[0m16:49:09.869728 [info ] [MainThread]: Registered adapter: postgres=1.10.0
[0m16:49:09.949483 [debug] [MainThread]: checksum: 7d524ac048c2100769df89d592e662e060a73ca564e31bd9c2a37efdfe8d8ab6, vars: {}, profile: , target: , version: 1.11.8
[0m16:49:10.024976 [debug] [MainThread]: Partial parsing enabled: 0 files deleted, 0 files added, 1 files changed.
[0m16:49:10.025792 [debug] [MainThread]: Partial parsing: updated file: dbt_marketing_analytics://seeds/raw/schema..yml
[0m16:49:10.237614 [error] [MainThread]: Encountered an error:
Parsing Error
  Invalid test config given in seeds/raw/schema..yml:
  	test definition dictionary must have exactly one key, got [('accepted_value', None), ('values', ['google', 'meta', 'linkedin'])] instead (2 keys)
  	@: UnparsedNodeUpdate(original_file_path='seeds...ne)
[0m16:49:10.238487 [debug] [MainThread]: Resource report: {"command_name": "seed", "command_success": false, "command_wall_clock_time": 0.58502716, "process_in_blocks": "0", "process_kernel_time": 0.168861, "process_mem_max_rss": "119984", "process_out_blocks": "16", "process_user_time": 1.493676}
[0m16:49:10.238884 [debug] [MainThread]: Command `dbt seed` failed at 16:49:10.238808 after 0.59 seconds
[0m16:49:10.239219 [debug] [MainThread]: Sending event: {'category': 'dbt', 'action': 'invocation', 'label': 'end', 'context': [<snowplow_tracker.self_describing_json.SelfDescribingJson object at 0x7f076a9a9400>, <snowplow_tracker.self_describing_json.SelfDescribingJson object at 0x7f0768b460c0>, <snowplow_tracker.self_describing_json.SelfDescribingJson object at 0x7f0769f2d280>]}
[0m16:49:10.239533 [debug] [MainThread]: Flushing usage events
[0m16:49:10.863531 [debug] [MainThread]: An error was encountered while trying to flush usage events
[0m16:50:04.943233 [debug] [MainThread]: Sending event: {'category': 'dbt', 'action': 'invocation', 'label': 'start', 'context': [<snowplow_tracker.self_describing_json.SelfDescribingJson object at 0x7efeff1a0920>, <snowplow_tracker.self_describing_json.SelfDescribingJson object at 0x7efefd7fcd70>, <snowplow_tracker.self_describing_json.SelfDescribingJson object at 0x7efeff1a3a70>]}


============================== 16:50:04.945697 | 808de60e-140a-4c88-80be-fc6a1c8e0da9 ==============================
[0m16:50:04.945697 [info ] [MainThread]: Running with dbt=1.11.8
[0m16:50:04.946121 [debug] [MainThread]: running dbt with arguments {'printer_width': '80', 'use_colors': 'True', 'log_cache_events': 'False', 'static_parser': 'True', 'no_print': 'None', 'log_format': 'default', 'fail_fast': 'False', 'invocation_command': 'dbt seed', 'log_path': '/home/murilo/Área de trabalho/dbt-analytics-project/dbt_marketing_analytics/logs', 'debug': 'False', 'partial_parse': 'True', 'quiet': 'False', 'empty': 'None', 'cache_selected_only': 'False', 'write_json': 'True', 'profiles_dir': '/home/murilo/.dbt', 'warn_error': 'None', 'warn_error_options': 'WarnErrorOptionsV2(error=[], warn=[], silence=[])', 'version_check': 'True', 'use_experimental_parser': 'False', 'target_path': 'None', 'introspect': 'True', 'send_anonymous_usage_stats': 'True', 'indirect_selection': 'eager'}
[0m16:50:05.067193 [debug] [MainThread]: Sending event: {'category': 'dbt', 'action': 'project_id', 'label': '808de60e-140a-4c88-80be-fc6a1c8e0da9', 'context': [<snowplow_tracker.self_describing_json.SelfDescribingJson object at 0x7efefcb276b0>]}
[0m16:50:05.116051 [debug] [MainThread]: Sending event: {'category': 'dbt', 'action': 'adapter_info', 'label': '808de60e-140a-4c88-80be-fc6a1c8e0da9', 'context': [<snowplow_tracker.self_describing_json.SelfDescribingJson object at 0x7efefde3b320>]}
[0m16:50:05.116719 [info ] [MainThread]: Registered adapter: postgres=1.10.0
[0m16:50:05.196073 [debug] [MainThread]: checksum: 7d524ac048c2100769df89d592e662e060a73ca564e31bd9c2a37efdfe8d8ab6, vars: {}, profile: , target: , version: 1.11.8
[0m16:50:05.272294 [debug] [MainThread]: Partial parsing enabled: 0 files deleted, 0 files added, 1 files changed.
[0m16:50:05.273102 [debug] [MainThread]: Partial parsing: updated file: dbt_marketing_analytics://seeds/raw/schema..yml
[0m16:50:05.486548 [error] [MainThread]: Encountered an error:
Parsing Error
  Invalid test config given in seeds/raw/schema..yml:
  	test definition dictionary must have exactly one key, got [('accepted_values', None), ('values', ['google', 'meta', 'linkedin'])] instead (2 keys)
  	@: UnparsedNodeUpdate(original_file_path='seeds...ne)
[0m16:50:05.487418 [debug] [MainThread]: Resource report: {"command_name": "seed", "command_success": false, "command_wall_clock_time": 0.5876819, "process_in_blocks": "0", "process_kernel_time": 0.169337, "process_mem_max_rss": "119996", "process_out_blocks": "8", "process_user_time": 1.496303}
[0m16:50:05.487815 [debug] [MainThread]: Command `dbt seed` failed at 16:50:05.487736 after 0.59 seconds
[0m16:50:05.488156 [debug] [MainThread]: Sending event: {'category': 'dbt', 'action': 'invocation', 'label': 'end', 'context': [<snowplow_tracker.self_describing_json.SelfDescribingJson object at 0x7efefdbe45c0>, <snowplow_tracker.self_describing_json.SelfDescribingJson object at 0x7efefb334560>, <snowplow_tracker.self_describing_json.SelfDescribingJson object at 0x7efefb78e150>]}
[0m16:50:05.488464 [debug] [MainThread]: Flushing usage events
[0m16:50:06.042675 [debug] [MainThread]: An error was encountered while trying to flush usage events
[0m16:51:47.618154 [debug] [MainThread]: Sending event: {'category': 'dbt', 'action': 'invocation', 'label': 'start', 'context': [<snowplow_tracker.self_describing_json.SelfDescribingJson object at 0x7fe2727db890>, <snowplow_tracker.self_describing_json.SelfDescribingJson object at 0x7fe272be9af0>, <snowplow_tracker.self_describing_json.SelfDescribingJson object at 0x7fe27197cb60>]}


============================== 16:51:47.621127 | 0b132ada-1049-48d0-82d8-874988bebb00 ==============================
[0m16:51:47.621127 [info ] [MainThread]: Running with dbt=1.11.8
[0m16:51:47.621564 [debug] [MainThread]: running dbt with arguments {'fail_fast': 'False', 'profiles_dir': '/home/murilo/.dbt', 'warn_error': 'None', 'target_path': 'None', 'empty': 'None', 'version_check': 'True', 'quiet': 'False', 'send_anonymous_usage_stats': 'True', 'log_cache_events': 'False', 'cache_selected_only': 'False', 'use_colors': 'True', 'warn_error_options': 'WarnErrorOptionsV2(error=[], warn=[], silence=[])', 'log_format': 'default', 'printer_width': '80', 'no_print': 'None', 'indirect_selection': 'eager', 'log_path': '/home/murilo/Área de trabalho/dbt-analytics-project/dbt_marketing_analytics/logs', 'partial_parse': 'True', 'static_parser': 'True', 'write_json': 'True', 'introspect': 'True', 'invocation_command': 'dbt seed', 'debug': 'False', 'use_experimental_parser': 'False'}
[0m16:51:47.741705 [debug] [MainThread]: Sending event: {'category': 'dbt', 'action': 'project_id', 'label': '0b132ada-1049-48d0-82d8-874988bebb00', 'context': [<snowplow_tracker.self_describing_json.SelfDescribingJson object at 0x7fe271791610>]}
[0m16:51:47.790175 [debug] [MainThread]: Sending event: {'category': 'dbt', 'action': 'adapter_info', 'label': '0b132ada-1049-48d0-82d8-874988bebb00', 'context': [<snowplow_tracker.self_describing_json.SelfDescribingJson object at 0x7fe2716ea060>]}
[0m16:51:47.790837 [info ] [MainThread]: Registered adapter: postgres=1.10.0
[0m16:51:47.870361 [debug] [MainThread]: checksum: 7d524ac048c2100769df89d592e662e060a73ca564e31bd9c2a37efdfe8d8ab6, vars: {}, profile: , target: , version: 1.11.8
[0m16:51:47.945948 [debug] [MainThread]: Partial parsing enabled: 0 files deleted, 0 files added, 1 files changed.
[0m16:51:47.946736 [debug] [MainThread]: Partial parsing: updated file: dbt_marketing_analytics://seeds/raw/schema..yml
[0m16:51:48.160549 [error] [MainThread]: Encountered an error:
Parsing Error
  Invalid test config given in seeds/raw/schema..yml:
  	test definition dictionary must have exactly one key, got [('accepted_values', None), ('values', ['google', 'meta', 'linkedin'])] instead (2 keys)
  	@: UnparsedNodeUpdate(original_file_path='seeds...ne)
[0m16:51:48.161416 [debug] [MainThread]: Resource report: {"command_name": "seed", "command_success": false, "command_wall_clock_time": 0.5876276, "process_in_blocks": "0", "process_kernel_time": 0.173728, "process_mem_max_rss": "119872", "process_out_blocks": "8", "process_user_time": 1.494674}
[0m16:51:48.161806 [debug] [MainThread]: Command `dbt seed` failed at 16:51:48.161729 after 0.59 seconds
[0m16:51:48.162134 [debug] [MainThread]: Sending event: {'category': 'dbt', 'action': 'invocation', 'label': 'end', 'context': [<snowplow_tracker.self_describing_json.SelfDescribingJson object at 0x7fe272919b80>, <snowplow_tracker.self_describing_json.SelfDescribingJson object at 0x7fe270d0fe60>, <snowplow_tracker.self_describing_json.SelfDescribingJson object at 0x7fe2720e0e90>]}
[0m16:51:48.162450 [debug] [MainThread]: Flushing usage events
[0m16:51:48.764453 [debug] [MainThread]: An error was encountered while trying to flush usage events
[0m16:54:07.722063 [debug] [MainThread]: Sending event: {'category': 'dbt', 'action': 'invocation', 'label': 'start', 'context': [<snowplow_tracker.self_describing_json.SelfDescribingJson object at 0x7fc8e6713590>, <snowplow_tracker.self_describing_json.SelfDescribingJson object at 0x7fc8e5d0c380>, <snowplow_tracker.self_describing_json.SelfDescribingJson object at 0x7fc8e5dab170>]}


============================== 16:54:07.724805 | b39e8400-7e90-4d70-a46e-21ac5ed1438c ==============================
[0m16:54:07.724805 [info ] [MainThread]: Running with dbt=1.11.8
[0m16:54:07.725254 [debug] [MainThread]: running dbt with arguments {'warn_error': 'None', 'use_colors': 'True', 'cache_selected_only': 'False', 'log_format': 'default', 'static_parser': 'True', 'no_print': 'None', 'partial_parse': 'True', 'empty': 'None', 'use_experimental_parser': 'False', 'version_check': 'True', 'send_anonymous_usage_stats': 'True', 'log_path': '/home/murilo/Área de trabalho/dbt-analytics-project/dbt_marketing_analytics/logs', 'debug': 'False', 'invocation_command': 'dbt seed', 'target_path': 'None', 'indirect_selection': 'eager', 'profiles_dir': '/home/murilo/.dbt', 'write_json': 'True', 'log_cache_events': 'False', 'printer_width': '80', 'quiet': 'False', 'warn_error_options': 'WarnErrorOptionsV2(error=[], warn=[], silence=[])', 'introspect': 'True', 'fail_fast': 'False'}
[0m16:54:07.847192 [debug] [MainThread]: Sending event: {'category': 'dbt', 'action': 'project_id', 'label': 'b39e8400-7e90-4d70-a46e-21ac5ed1438c', 'context': [<snowplow_tracker.self_describing_json.SelfDescribingJson object at 0x7fc8e56137d0>]}
[0m16:54:07.895952 [debug] [MainThread]: Sending event: {'category': 'dbt', 'action': 'adapter_info', 'label': 'b39e8400-7e90-4d70-a46e-21ac5ed1438c', 'context': [<snowplow_tracker.self_describing_json.SelfDescribingJson object at 0x7fc8e6653950>]}
[0m16:54:07.896620 [info ] [MainThread]: Registered adapter: postgres=1.10.0
[0m16:54:07.976284 [debug] [MainThread]: checksum: 7d524ac048c2100769df89d592e662e060a73ca564e31bd9c2a37efdfe8d8ab6, vars: {}, profile: , target: , version: 1.11.8
[0m16:54:08.053936 [debug] [MainThread]: Partial parsing enabled: 0 files deleted, 0 files added, 1 files changed.
[0m16:54:08.054725 [debug] [MainThread]: Partial parsing: updated file: dbt_marketing_analytics://seeds/raw/schema..yml
[0m16:54:08.269250 [warn ] [MainThread]: [[33mWARNING[0m][MissingArgumentsPropertyInGenericTestDeprecation]: Deprecated
functionality
Found top-level arguments to test `accepted_values` defined on 'ad_spend' in
package 'dbt_marketing_analytics' (seeds/raw/schema..yml). Arguments to generic
tests should be nested under the `arguments` property.
[0m16:54:08.269752 [debug] [MainThread]: Sending event: {'category': 'dbt', 'action': 'deprecation', 'label': 'b39e8400-7e90-4d70-a46e-21ac5ed1438c', 'property_': 'warn', 'context': [<snowplow_tracker.self_describing_json.SelfDescribingJson object at 0x7fc8e4f508c0>]}
[0m16:54:08.338680 [warn ] [MainThread]: [[33mWARNING[0m]: Configuration paths exist in your dbt_project.yml file which do not apply to any resources.
There are 2 unused configuration paths:
- models.dbt_marketing_analytics.marts
- models.dbt_marketing_analytics.staging
[0m16:54:08.342909 [debug] [MainThread]: Sending event: {'category': 'dbt', 'action': 'load_project', 'label': 'b39e8400-7e90-4d70-a46e-21ac5ed1438c', 'context': [<snowplow_tracker.self_describing_json.SelfDescribingJson object at 0x7fc8e37898e0>]}
[0m16:54:08.448841 [debug] [MainThread]: Wrote artifact WritableManifest to /home/murilo/Área de trabalho/dbt-analytics-project/dbt_marketing_analytics/target/manifest.json
[0m16:54:08.450465 [debug] [MainThread]: Wrote artifact SemanticManifest to /home/murilo/Área de trabalho/dbt-analytics-project/dbt_marketing_analytics/target/semantic_manifest.json
[0m16:54:08.457625 [debug] [MainThread]: Sending event: {'category': 'dbt', 'action': 'resource_counts', 'label': 'b39e8400-7e90-4d70-a46e-21ac5ed1438c', 'context': [<snowplow_tracker.self_describing_json.SelfDescribingJson object at 0x7fc8e37ef8f0>]}
[0m16:54:08.457997 [info ] [MainThread]: Found 4 seeds, 17 data tests, 466 macros
[0m16:54:08.458313 [debug] [MainThread]: Sending event: {'category': 'dbt', 'action': 'runnable_timing', 'label': 'b39e8400-7e90-4d70-a46e-21ac5ed1438c', 'context': [<snowplow_tracker.self_describing_json.SelfDescribingJson object at 0x7fc8e3b7b7d0>]}
[0m16:54:08.460008 [info ] [MainThread]: 
[0m16:54:08.460344 [info ] [MainThread]: Concurrency: 4 threads (target='dev')
[0m16:54:08.460626 [info ] [MainThread]: 
[0m16:54:08.461054 [debug] [MainThread]: Acquiring new postgres connection 'master'
[0m16:54:08.463992 [debug] [ThreadPool]: Acquiring new postgres connection 'list_dw_analytics'
[0m16:54:08.491518 [debug] [ThreadPool]: Using postgres connection "list_dw_analytics"
[0m16:54:08.491887 [debug] [ThreadPool]: On list_dw_analytics: /* {"app": "dbt", "dbt_version": "1.11.8", "profile_name": "dbt_marketing_analytics", "target_name": "dev", "connection_name": "list_dw_analytics"} */

    select distinct nspname from pg_namespace
  
[0m16:54:08.492212 [debug] [ThreadPool]: Opening a new connection, currently in state init
[0m16:54:08.498824 [debug] [ThreadPool]: SQL status: SELECT 4 in 0.007 seconds
[0m16:54:08.500018 [debug] [ThreadPool]: On list_dw_analytics: Close
[0m16:54:08.500592 [debug] [ThreadPool]: Re-using an available connection from the pool (formerly list_dw_analytics, now create_dw_analytics_raw)
[0m16:54:08.500954 [debug] [ThreadPool]: Creating schema "database: "dw_analytics"
schema: "raw"
"
[0m16:54:08.504783 [debug] [ThreadPool]: Using postgres connection "create_dw_analytics_raw"
[0m16:54:08.505063 [debug] [ThreadPool]: On create_dw_analytics_raw: /* {"app": "dbt", "dbt_version": "1.11.8", "profile_name": "dbt_marketing_analytics", "target_name": "dev", "connection_name": "create_dw_analytics_raw"} */
create schema if not exists "raw"
[0m16:54:08.505329 [debug] [ThreadPool]: Opening a new connection, currently in state closed
[0m16:54:08.509673 [debug] [ThreadPool]: SQL status: CREATE SCHEMA in 0.004 seconds
[0m16:54:08.510415 [debug] [ThreadPool]: On create_dw_analytics_raw: COMMIT
[0m16:54:08.510711 [debug] [ThreadPool]: Using postgres connection "create_dw_analytics_raw"
[0m16:54:08.510958 [debug] [ThreadPool]: On create_dw_analytics_raw: COMMIT
[0m16:54:08.517918 [debug] [ThreadPool]: SQL status: COMMIT in 0.007 seconds
[0m16:54:08.518375 [debug] [ThreadPool]: On create_dw_analytics_raw: Close
[0m16:54:08.519593 [debug] [ThreadPool]: Re-using an available connection from the pool (formerly create_dw_analytics_raw, now list_dw_analytics_raw)
[0m16:54:08.523877 [debug] [ThreadPool]: Using postgres connection "list_dw_analytics_raw"
[0m16:54:08.524231 [debug] [ThreadPool]: On list_dw_analytics_raw: /* {"app": "dbt", "dbt_version": "1.11.8", "profile_name": "dbt_marketing_analytics", "target_name": "dev", "connection_name": "list_dw_analytics_raw"} */
select
      'dw_analytics' as database,
      tablename as name,
      schemaname as schema,
      'table' as type
    from pg_tables
    where schemaname ilike 'raw'
    union all
    select
      'dw_analytics' as database,
      viewname as name,
      schemaname as schema,
      'view' as type
    from pg_views
    where schemaname ilike 'raw'
    union all
    select
      'dw_analytics' as database,
      matviewname as name,
      schemaname as schema,
      'materialized_view' as type
    from pg_matviews
    where schemaname ilike 'raw'
  
[0m16:54:08.524590 [debug] [ThreadPool]: Opening a new connection, currently in state closed
[0m16:54:08.530753 [debug] [ThreadPool]: SQL status: SELECT 0 in 0.006 seconds
[0m16:54:08.531855 [debug] [ThreadPool]: On list_dw_analytics_raw: ROLLBACK
[0m16:54:08.532229 [debug] [ThreadPool]: On list_dw_analytics_raw: Close
[0m16:54:08.535607 [debug] [MainThread]: Using postgres connection "master"
[0m16:54:08.535944 [debug] [MainThread]: On master: /* {"app": "dbt", "dbt_version": "1.11.8", "profile_name": "dbt_marketing_analytics", "target_name": "dev", "connection_name": "master"} */
select distinct
        dependent_namespace.nspname as dependent_schema,
        dependent_class.relname as dependent_name,
        referenced_namespace.nspname as referenced_schema,
        referenced_class.relname as referenced_name

    -- Query for views: views are entries in pg_class with an entry in pg_rewrite, but we avoid
    -- a seq scan on pg_rewrite by leveraging the fact there is an "internal" row in pg_depend for
    -- the view...
    from pg_class as dependent_class
    join pg_namespace as dependent_namespace on dependent_namespace.oid = dependent_class.relnamespace
    join pg_depend as dependent_depend on dependent_depend.refobjid = dependent_class.oid
        and dependent_depend.classid = 'pg_rewrite'::regclass
        and dependent_depend.refclassid = 'pg_class'::regclass
        and dependent_depend.deptype = 'i'

    -- ... and via pg_depend (that has a row per column, hence the need for "distinct" above, and
    -- making sure to exclude the internal row to avoid a view appearing to depend on itself)...
    join pg_depend as joining_depend on joining_depend.objid = dependent_depend.objid
        and joining_depend.classid = 'pg_rewrite'::regclass
        and joining_depend.refclassid = 'pg_class'::regclass
        and joining_depend.refobjid != dependent_depend.refobjid

    -- ... we can find the tables they query from in pg_class, but excluding system tables. Note we
    -- don't need need to exclude _dependent_ system tables, because they only query from other
    -- system tables, and so are automatically excluded by excluding _referenced_ system tables
    join pg_class as referenced_class on referenced_class.oid = joining_depend.refobjid
    join pg_namespace as referenced_namespace on referenced_namespace.oid = referenced_class.relnamespace
        and referenced_namespace.nspname != 'information_schema'
        and referenced_namespace.nspname not like 'pg\_%'

    order by
        dependent_schema, dependent_name, referenced_schema, referenced_name;
[0m16:54:08.536257 [debug] [MainThread]: Opening a new connection, currently in state init
[0m16:54:08.542805 [debug] [MainThread]: SQL status: SELECT 0 in 0.006 seconds
[0m16:54:08.543891 [debug] [MainThread]: Sending event: {'category': 'dbt', 'action': 'runnable_timing', 'label': 'b39e8400-7e90-4d70-a46e-21ac5ed1438c', 'context': [<snowplow_tracker.self_describing_json.SelfDescribingJson object at 0x7fc8e3bdfbf0>]}
[0m16:54:08.544273 [debug] [MainThread]: On master: ROLLBACK
[0m16:54:08.544645 [debug] [MainThread]: On master: COMMIT
[0m16:54:08.544916 [debug] [MainThread]: Using postgres connection "master"
[0m16:54:08.545187 [debug] [MainThread]: On master: COMMIT
[0m16:54:08.545593 [debug] [MainThread]: SQL status: COMMIT in 0.000 seconds
[0m16:54:08.545852 [debug] [MainThread]: On master: Close
[0m16:54:08.548843 [debug] [Thread-1 (]: Began running node seed.dbt_marketing_analytics.ad_spend
[0m16:54:08.549206 [debug] [Thread-2 (]: Began running node seed.dbt_marketing_analytics.campaigns
[0m16:54:08.549917 [debug] [Thread-3 (]: Began running node seed.dbt_marketing_analytics.conversions
[0m16:54:08.550357 [debug] [Thread-4 (]: Began running node seed.dbt_marketing_analytics.leads
[0m16:54:08.549622 [info ] [Thread-1 (]: 1 of 4 START seed file raw.ad_spend ............................................ [RUN]
[0m16:54:08.550908 [info ] [Thread-2 (]: 2 of 4 START seed file raw.campaigns ........................................... [RUN]
[0m16:54:08.551318 [info ] [Thread-3 (]: 3 of 4 START seed file raw.conversions ......................................... [RUN]
[0m16:54:08.551741 [info ] [Thread-4 (]: 4 of 4 START seed file raw.leads ............................................... [RUN]
[0m16:54:08.552222 [debug] [Thread-1 (]: Re-using an available connection from the pool (formerly list_dw_analytics_raw, now seed.dbt_marketing_analytics.ad_spend)
[0m16:54:08.552653 [debug] [Thread-2 (]: Acquiring new postgres connection 'seed.dbt_marketing_analytics.campaigns'
[0m16:54:08.553042 [debug] [Thread-3 (]: Acquiring new postgres connection 'seed.dbt_marketing_analytics.conversions'
[0m16:54:08.553432 [debug] [Thread-4 (]: Acquiring new postgres connection 'seed.dbt_marketing_analytics.leads'
[0m16:54:08.553791 [debug] [Thread-1 (]: Began compiling node seed.dbt_marketing_analytics.ad_spend
[0m16:54:08.554131 [debug] [Thread-2 (]: Began compiling node seed.dbt_marketing_analytics.campaigns
[0m16:54:08.554452 [debug] [Thread-3 (]: Began compiling node seed.dbt_marketing_analytics.conversions
[0m16:54:08.554782 [debug] [Thread-4 (]: Began compiling node seed.dbt_marketing_analytics.leads
[0m16:54:08.555110 [debug] [Thread-1 (]: Began executing node seed.dbt_marketing_analytics.ad_spend
[0m16:54:08.555472 [debug] [Thread-2 (]: Began executing node seed.dbt_marketing_analytics.campaigns
[0m16:54:08.555879 [debug] [Thread-3 (]: Began executing node seed.dbt_marketing_analytics.conversions
[0m16:54:08.556220 [debug] [Thread-4 (]: Began executing node seed.dbt_marketing_analytics.leads
[0m16:54:08.596028 [debug] [Thread-1 (]: Using postgres connection "seed.dbt_marketing_analytics.ad_spend"
[0m16:54:08.596509 [debug] [Thread-1 (]: On seed.dbt_marketing_analytics.ad_spend: /* {"app": "dbt", "dbt_version": "1.11.8", "profile_name": "dbt_marketing_analytics", "target_name": "dev", "node_id": "seed.dbt_marketing_analytics.ad_spend"} */

    create table "dw_analytics"."raw"."ad_spend" ("date" date,"canal" text,"spend" float8)
  
[0m16:54:08.596813 [debug] [Thread-1 (]: Opening a new connection, currently in state closed
[0m16:54:08.597904 [debug] [Thread-2 (]: Using postgres connection "seed.dbt_marketing_analytics.campaigns"
[0m16:54:08.623704 [debug] [Thread-1 (]: SQL status: CREATE TABLE in 0.027 seconds
[0m16:54:08.624213 [debug] [Thread-2 (]: On seed.dbt_marketing_analytics.campaigns: /* {"app": "dbt", "dbt_version": "1.11.8", "profile_name": "dbt_marketing_analytics", "target_name": "dev", "node_id": "seed.dbt_marketing_analytics.campaigns"} */

    create table "dw_analytics"."raw"."campaigns" ("campaign_id" integer,"canal" text,"nome_campanha" text,"orcamento" integer)
  
[0m16:54:08.664742 [debug] [Thread-2 (]: Opening a new connection, currently in state init
[0m16:54:08.700044 [debug] [Thread-2 (]: SQL status: CREATE TABLE in 0.035 seconds
[0m16:54:08.707094 [debug] [Thread-2 (]: Using postgres connection "seed.dbt_marketing_analytics.campaigns"
[0m16:54:08.712527 [debug] [Thread-2 (]: On seed.dbt_marketing_analytics.campaigns: 
          insert into "dw_analytics"."raw"."campaigns" ("campaign_id", "canal", "nome_campanha", "orcamento") values
          (%s,%s,%s,%s),(%s,%s,%s,%s),(%s,%s,%s,%s)
      ...
[0m16:54:08.848471 [debug] [Thread-1 (]: Using postgres connection "seed.dbt_marketing_analytics.ad_spend"
[0m16:54:08.848970 [debug] [Thread-2 (]: SQL status: INSERT 0 3 in 0.131 seconds
[0m16:54:08.884515 [debug] [Thread-1 (]: On seed.dbt_marketing_analytics.ad_spend: 
          insert into "dw_analytics"."raw"."ad_spend" ("date", "canal", "spend") values
          (%s,%s,%s),(%s,%s,%s),(%s,%s,%s),(%s,%s,%s),(%s,%s,%s),(%s,%s,%s),(%s,%s,%s),(%s,%s,%s),(%s,%s,%s),(%s,%s,%s),(%s,%s,%s),(%s,%s,%s),(%s,%s,%s),(%s,%s,%s),(%s,%s,%s),(%s,%s,%s),(%s,%s,%s),(%s,%s,%s),(%s,%s,%s),(%s,%s,%s),(%s,%s,%s),(%s,%s,%s),(%s,%s,%s),(%s,%s,%s),(%s,%s,%s),(%s,%s,%s),(%s,%s,%s),(%s,%s,%s),(%s,%s,%s),(%s,%s,%s),(%s,%s,%s),(%s,%s,%s),(%s,%s,%s),(%s,%s,%s),(%s,%s,%s),(%s,%s,%s),(%s,%s,%s),(%s,%s...
[0m16:54:08.908926 [debug] [Thread-2 (]: Writing runtime SQL for node "seed.dbt_marketing_analytics.campaigns"
[0m16:54:08.928051 [debug] [Thread-1 (]: SQL status: INSERT 0 273 in 0.008 seconds
[0m16:54:08.936237 [debug] [Thread-2 (]: On seed.dbt_marketing_analytics.campaigns: COMMIT
[0m16:54:08.937258 [debug] [Thread-1 (]: Writing runtime SQL for node "seed.dbt_marketing_analytics.ad_spend"
[0m16:54:08.937546 [debug] [Thread-2 (]: Using postgres connection "seed.dbt_marketing_analytics.campaigns"
[0m16:54:08.938422 [debug] [Thread-2 (]: On seed.dbt_marketing_analytics.campaigns: COMMIT
[0m16:54:08.939452 [debug] [Thread-1 (]: On seed.dbt_marketing_analytics.ad_spend: COMMIT
[0m16:54:08.940186 [debug] [Thread-1 (]: Using postgres connection "seed.dbt_marketing_analytics.ad_spend"
[0m16:54:08.940656 [debug] [Thread-1 (]: On seed.dbt_marketing_analytics.ad_spend: COMMIT
[0m16:54:08.947263 [debug] [Thread-2 (]: SQL status: COMMIT in 0.007 seconds
[0m16:54:08.948955 [debug] [Thread-2 (]: On seed.dbt_marketing_analytics.campaigns: Close
[0m16:54:08.950804 [debug] [Thread-2 (]: Sending event: {'category': 'dbt', 'action': 'run_model', 'label': 'b39e8400-7e90-4d70-a46e-21ac5ed1438c', 'context': [<snowplow_tracker.self_describing_json.SelfDescribingJson object at 0x7fc8e3fd76b0>]}
[0m16:54:08.951526 [info ] [Thread-2 (]: 2 of 4 OK loaded seed file raw.campaigns ....................................... [[32mINSERT 3[0m in 0.40s]
[0m16:54:08.952559 [debug] [Thread-2 (]: Finished running node seed.dbt_marketing_analytics.campaigns
[0m16:54:08.953350 [debug] [Thread-1 (]: SQL status: COMMIT in 0.012 seconds
[0m16:54:08.954167 [debug] [Thread-1 (]: On seed.dbt_marketing_analytics.ad_spend: Close
[0m16:54:08.954725 [debug] [Thread-1 (]: Sending event: {'category': 'dbt', 'action': 'run_model', 'label': 'b39e8400-7e90-4d70-a46e-21ac5ed1438c', 'context': [<snowplow_tracker.self_describing_json.SelfDescribingJson object at 0x7fc8e3b9deb0>]}
[0m16:54:08.955240 [info ] [Thread-1 (]: 1 of 4 OK loaded seed file raw.ad_spend ........................................ [[32mINSERT 273[0m in 0.40s]
[0m16:54:08.956178 [debug] [Thread-1 (]: Finished running node seed.dbt_marketing_analytics.ad_spend
[0m16:54:09.676605 [debug] [Thread-3 (]: Using postgres connection "seed.dbt_marketing_analytics.conversions"
[0m16:54:09.682134 [debug] [Thread-3 (]: On seed.dbt_marketing_analytics.conversions: /* {"app": "dbt", "dbt_version": "1.11.8", "profile_name": "dbt_marketing_analytics", "target_name": "dev", "node_id": "seed.dbt_marketing_analytics.conversions"} */

    create table "dw_analytics"."raw"."conversions" ("conversion_id" integer,"lead_id" integer,"converted_at" date,"revenue" float8)
  
[0m16:54:09.687605 [debug] [Thread-3 (]: Opening a new connection, currently in state init
[0m16:54:09.708363 [debug] [Thread-3 (]: SQL status: CREATE TABLE in 0.021 seconds
[0m16:54:11.499802 [debug] [Thread-4 (]: Using postgres connection "seed.dbt_marketing_analytics.leads"
[0m16:54:11.505370 [debug] [Thread-4 (]: On seed.dbt_marketing_analytics.leads: /* {"app": "dbt", "dbt_version": "1.11.8", "profile_name": "dbt_marketing_analytics", "target_name": "dev", "node_id": "seed.dbt_marketing_analytics.leads"} */

    create table "dw_analytics"."raw"."leads" ("lead_id" integer,"user_id" integer,"campaign_id" integer,"created_at" date,"canal" text)
  
[0m16:54:11.510847 [debug] [Thread-4 (]: Opening a new connection, currently in state init
[0m16:54:11.543256 [debug] [Thread-4 (]: SQL status: CREATE TABLE in 0.032 seconds
[0m16:54:13.331710 [debug] [Thread-3 (]: Using postgres connection "seed.dbt_marketing_analytics.conversions"
[0m16:54:13.337231 [debug] [Thread-3 (]: On seed.dbt_marketing_analytics.conversions: 
          insert into "dw_analytics"."raw"."conversions" ("conversion_id", "lead_id", "converted_at", "revenue") values
          (%s,%s,%s,%s),(%s,%s,%s,%s),(%s,%s,%s,%s),(%s,%s,%s,%s),(%s,%s,%s,%s),(%s,%s,%s,%s),(%s,%s,%s,%s),(%s,%s,%s,%s),(%s,%s,%s,%s),(%s,%s,%s,%s),(%s,%s,%s,%s),(%s,%s,%s,%s),(%s,%s,%s,%s),(%s,%s,%s,%s),(%s,%s,%s,%s),(%s,%s,%s,%s),(%s,%s,%s,%s),(%s,%s,%s,%s),(%s,%s,%s,%s),(%s,%s,%s,%s),(%s,%s,%s,%s),(%s,%s,%s,%s),(%s,%s,%s,%s),(%s,%s,%s,%s),(%s,%s,%s,%s),(%s,%s,%s,%s),(%s,%s,%s,%s),(%s...
[0m16:54:13.425643 [debug] [Thread-3 (]: SQL status: INSERT 0 10000 in 0.083 seconds
[0m16:54:13.759123 [debug] [Thread-3 (]: Using postgres connection "seed.dbt_marketing_analytics.conversions"
[0m16:54:13.764709 [debug] [Thread-3 (]: On seed.dbt_marketing_analytics.conversions: 
          insert into "dw_analytics"."raw"."conversions" ("conversion_id", "lead_id", "converted_at", "revenue") values
          (%s,%s,%s,%s),(%s,%s,%s,%s),(%s,%s,%s,%s),(%s,%s,%s,%s),(%s,%s,%s,%s),(%s,%s,%s,%s),(%s,%s,%s,%s),(%s,%s,%s,%s),(%s,%s,%s,%s),(%s,%s,%s,%s),(%s,%s,%s,%s),(%s,%s,%s,%s),(%s,%s,%s,%s),(%s,%s,%s,%s),(%s,%s,%s,%s),(%s,%s,%s,%s),(%s,%s,%s,%s),(%s,%s,%s,%s),(%s,%s,%s,%s),(%s,%s,%s,%s),(%s,%s,%s,%s),(%s,%s,%s,%s),(%s,%s,%s,%s),(%s,%s,%s,%s),(%s,%s,%s,%s),(%s,%s,%s,%s),(%s,%s,%s,%s),(%s...
[0m16:54:13.782937 [debug] [Thread-3 (]: SQL status: INSERT 0 1000 in 0.013 seconds
[0m16:54:13.788701 [debug] [Thread-3 (]: Writing runtime SQL for node "seed.dbt_marketing_analytics.conversions"
[0m16:54:13.820827 [debug] [Thread-3 (]: On seed.dbt_marketing_analytics.conversions: COMMIT
[0m16:54:13.826341 [debug] [Thread-3 (]: Using postgres connection "seed.dbt_marketing_analytics.conversions"
[0m16:54:13.831770 [debug] [Thread-3 (]: On seed.dbt_marketing_analytics.conversions: COMMIT
[0m16:54:13.850716 [debug] [Thread-3 (]: SQL status: COMMIT in 0.014 seconds
[0m16:54:13.856471 [debug] [Thread-3 (]: On seed.dbt_marketing_analytics.conversions: Close
[0m16:54:13.867158 [debug] [Thread-3 (]: Sending event: {'category': 'dbt', 'action': 'run_model', 'label': 'b39e8400-7e90-4d70-a46e-21ac5ed1438c', 'context': [<snowplow_tracker.self_describing_json.SelfDescribingJson object at 0x7fc8e052e1e0>]}
[0m16:54:13.872734 [info ] [Thread-3 (]: 3 of 4 OK loaded seed file raw.conversions ..................................... [[32mINSERT 11000[0m in 5.31s]
[0m16:54:13.883529 [debug] [Thread-3 (]: Finished running node seed.dbt_marketing_analytics.conversions
[0m16:54:14.781372 [debug] [Thread-4 (]: Using postgres connection "seed.dbt_marketing_analytics.leads"
[0m16:54:14.781812 [debug] [Thread-4 (]: On seed.dbt_marketing_analytics.leads: 
          insert into "dw_analytics"."raw"."leads" ("lead_id", "user_id", "campaign_id", "created_at", "canal") values
          (%s,%s,%s,%s,%s),(%s,%s,%s,%s,%s),(%s,%s,%s,%s,%s),(%s,%s,%s,%s,%s),(%s,%s,%s,%s,%s),(%s,%s,%s,%s,%s),(%s,%s,%s,%s,%s),(%s,%s,%s,%s,%s),(%s,%s,%s,%s,%s),(%s,%s,%s,%s,%s),(%s,%s,%s,%s,%s),(%s,%s,%s,%s,%s),(%s,%s,%s,%s,%s),(%s,%s,%s,%s,%s),(%s,%s,%s,%s,%s),(%s,%s,%s,%s,%s),(%s,%s,%s,%s,%s),(%s,%s,%s,%s,%s),(%s,%s,%s,%s,%s),(%s,%s,%s,%s,%s),(%s,%s,%s,%s,%s),(%s,%s,%s,%s,%s),(%s,%s,%...
[0m16:54:14.860089 [debug] [Thread-4 (]: SQL status: INSERT 0 10000 in 0.078 seconds
[0m16:54:16.941425 [debug] [Thread-4 (]: Using postgres connection "seed.dbt_marketing_analytics.leads"
[0m16:54:16.941856 [debug] [Thread-4 (]: On seed.dbt_marketing_analytics.leads: 
          insert into "dw_analytics"."raw"."leads" ("lead_id", "user_id", "campaign_id", "created_at", "canal") values
          (%s,%s,%s,%s,%s),(%s,%s,%s,%s,%s),(%s,%s,%s,%s,%s),(%s,%s,%s,%s,%s),(%s,%s,%s,%s,%s),(%s,%s,%s,%s,%s),(%s,%s,%s,%s,%s),(%s,%s,%s,%s,%s),(%s,%s,%s,%s,%s),(%s,%s,%s,%s,%s),(%s,%s,%s,%s,%s),(%s,%s,%s,%s,%s),(%s,%s,%s,%s,%s),(%s,%s,%s,%s,%s),(%s,%s,%s,%s,%s),(%s,%s,%s,%s,%s),(%s,%s,%s,%s,%s),(%s,%s,%s,%s,%s),(%s,%s,%s,%s,%s),(%s,%s,%s,%s,%s),(%s,%s,%s,%s,%s),(%s,%s,%s,%s,%s),(%s,%s,%...
[0m16:54:17.019056 [debug] [Thread-4 (]: SQL status: INSERT 0 10000 in 0.077 seconds
[0m16:54:19.107749 [debug] [Thread-4 (]: Using postgres connection "seed.dbt_marketing_analytics.leads"
[0m16:54:19.108181 [debug] [Thread-4 (]: On seed.dbt_marketing_analytics.leads: 
          insert into "dw_analytics"."raw"."leads" ("lead_id", "user_id", "campaign_id", "created_at", "canal") values
          (%s,%s,%s,%s,%s),(%s,%s,%s,%s,%s),(%s,%s,%s,%s,%s),(%s,%s,%s,%s,%s),(%s,%s,%s,%s,%s),(%s,%s,%s,%s,%s),(%s,%s,%s,%s,%s),(%s,%s,%s,%s,%s),(%s,%s,%s,%s,%s),(%s,%s,%s,%s,%s),(%s,%s,%s,%s,%s),(%s,%s,%s,%s,%s),(%s,%s,%s,%s,%s),(%s,%s,%s,%s,%s),(%s,%s,%s,%s,%s),(%s,%s,%s,%s,%s),(%s,%s,%s,%s,%s),(%s,%s,%s,%s,%s),(%s,%s,%s,%s,%s),(%s,%s,%s,%s,%s),(%s,%s,%s,%s,%s),(%s,%s,%s,%s,%s),(%s,%s,%...
[0m16:54:19.185375 [debug] [Thread-4 (]: SQL status: INSERT 0 10000 in 0.077 seconds
[0m16:54:21.343604 [debug] [Thread-4 (]: Using postgres connection "seed.dbt_marketing_analytics.leads"
[0m16:54:21.344034 [debug] [Thread-4 (]: On seed.dbt_marketing_analytics.leads: 
          insert into "dw_analytics"."raw"."leads" ("lead_id", "user_id", "campaign_id", "created_at", "canal") values
          (%s,%s,%s,%s,%s),(%s,%s,%s,%s,%s),(%s,%s,%s,%s,%s),(%s,%s,%s,%s,%s),(%s,%s,%s,%s,%s),(%s,%s,%s,%s,%s),(%s,%s,%s,%s,%s),(%s,%s,%s,%s,%s),(%s,%s,%s,%s,%s),(%s,%s,%s,%s,%s),(%s,%s,%s,%s,%s),(%s,%s,%s,%s,%s),(%s,%s,%s,%s,%s),(%s,%s,%s,%s,%s),(%s,%s,%s,%s,%s),(%s,%s,%s,%s,%s),(%s,%s,%s,%s,%s),(%s,%s,%s,%s,%s),(%s,%s,%s,%s,%s),(%s,%s,%s,%s,%s),(%s,%s,%s,%s,%s),(%s,%s,%s,%s,%s),(%s,%s,%...
[0m16:54:21.425275 [debug] [Thread-4 (]: SQL status: INSERT 0 10000 in 0.081 seconds
[0m16:54:23.493288 [debug] [Thread-4 (]: Using postgres connection "seed.dbt_marketing_analytics.leads"
[0m16:54:23.493788 [debug] [Thread-4 (]: On seed.dbt_marketing_analytics.leads: 
          insert into "dw_analytics"."raw"."leads" ("lead_id", "user_id", "campaign_id", "created_at", "canal") values
          (%s,%s,%s,%s,%s),(%s,%s,%s,%s,%s),(%s,%s,%s,%s,%s),(%s,%s,%s,%s,%s),(%s,%s,%s,%s,%s),(%s,%s,%s,%s,%s),(%s,%s,%s,%s,%s),(%s,%s,%s,%s,%s),(%s,%s,%s,%s,%s),(%s,%s,%s,%s,%s),(%s,%s,%s,%s,%s),(%s,%s,%s,%s,%s),(%s,%s,%s,%s,%s),(%s,%s,%s,%s,%s),(%s,%s,%s,%s,%s),(%s,%s,%s,%s,%s),(%s,%s,%s,%s,%s),(%s,%s,%s,%s,%s),(%s,%s,%s,%s,%s),(%s,%s,%s,%s,%s),(%s,%s,%s,%s,%s),(%s,%s,%s,%s,%s),(%s,%s,%...
[0m16:54:23.574414 [debug] [Thread-4 (]: SQL status: INSERT 0 10000 in 0.080 seconds
[0m16:54:23.575793 [debug] [Thread-4 (]: Writing runtime SQL for node "seed.dbt_marketing_analytics.leads"
[0m16:54:23.577529 [debug] [Thread-4 (]: On seed.dbt_marketing_analytics.leads: COMMIT
[0m16:54:23.577848 [debug] [Thread-4 (]: Using postgres connection "seed.dbt_marketing_analytics.leads"
[0m16:54:23.578144 [debug] [Thread-4 (]: On seed.dbt_marketing_analytics.leads: COMMIT
[0m16:54:23.587555 [debug] [Thread-4 (]: SQL status: COMMIT in 0.009 seconds
[0m16:54:23.588304 [debug] [Thread-4 (]: On seed.dbt_marketing_analytics.leads: Close
[0m16:54:23.588857 [debug] [Thread-4 (]: Sending event: {'category': 'dbt', 'action': 'run_model', 'label': 'b39e8400-7e90-4d70-a46e-21ac5ed1438c', 'context': [<snowplow_tracker.self_describing_json.SelfDescribingJson object at 0x7fc8e265bef0>]}
[0m16:54:23.589279 [info ] [Thread-4 (]: 4 of 4 OK loaded seed file raw.leads ........................................... [[32mINSERT 50000[0m in 15.04s]
[0m16:54:23.589806 [debug] [Thread-4 (]: Finished running node seed.dbt_marketing_analytics.leads
[0m16:54:23.590882 [debug] [MainThread]: On master: COMMIT
[0m16:54:23.591196 [debug] [MainThread]: Using postgres connection "master"
[0m16:54:23.591469 [debug] [MainThread]: On master: COMMIT
[0m16:54:23.591715 [debug] [MainThread]: Opening a new connection, currently in state closed
[0m16:54:23.596038 [debug] [MainThread]: SQL status: COMMIT in 0.004 seconds
[0m16:54:23.596374 [debug] [MainThread]: On master: Close
[0m16:54:23.596746 [debug] [MainThread]: Connection 'master' was properly closed.
[0m16:54:23.596994 [debug] [MainThread]: Connection 'seed.dbt_marketing_analytics.ad_spend' was properly closed.
[0m16:54:23.597232 [debug] [MainThread]: Connection 'seed.dbt_marketing_analytics.campaigns' was properly closed.
[0m16:54:23.597454 [debug] [MainThread]: Connection 'seed.dbt_marketing_analytics.conversions' was properly closed.
[0m16:54:23.597674 [debug] [MainThread]: Connection 'seed.dbt_marketing_analytics.leads' was properly closed.
[0m16:54:23.597944 [info ] [MainThread]: 
[0m16:54:23.598246 [info ] [MainThread]: Finished running 4 seeds in 0 hours 0 minutes and 15.14 seconds (15.14s).
[0m16:54:23.599271 [debug] [MainThread]: Command end result
[0m16:54:23.620061 [debug] [MainThread]: Wrote artifact WritableManifest to /home/murilo/Área de trabalho/dbt-analytics-project/dbt_marketing_analytics/target/manifest.json
[0m16:54:23.621678 [debug] [MainThread]: Wrote artifact SemanticManifest to /home/murilo/Área de trabalho/dbt-analytics-project/dbt_marketing_analytics/target/semantic_manifest.json
[0m16:54:23.625682 [debug] [MainThread]: Wrote artifact RunExecutionResult to /home/murilo/Área de trabalho/dbt-analytics-project/dbt_marketing_analytics/target/run_results.json
[0m16:54:23.625955 [info ] [MainThread]: 
[0m16:54:23.626297 [info ] [MainThread]: [32mCompleted successfully[0m
[0m16:54:23.626596 [info ] [MainThread]: 
[0m16:54:23.626902 [info ] [MainThread]: Done. PASS=4 WARN=0 ERROR=0 SKIP=0 NO-OP=0 TOTAL=4
[0m16:54:23.627359 [warn ] [MainThread]: [[33mWARNING[0m][DeprecationsSummary]: Deprecated functionality
Summary of encountered deprecations:
- MissingArgumentsPropertyInGenericTestDeprecation: 3 occurrences
To see all deprecation instances instead of just the first occurrence of each,
run command again with the `--show-all-deprecations` flag. You may also need to
run with `--no-partial-parse` as some deprecations are only encountered during
parsing.
[0m16:54:23.628113 [debug] [MainThread]: Resource report: {"command_name": "seed", "command_success": true, "command_wall_clock_time": 15.950339, "process_in_blocks": "0", "process_kernel_time": 0.41708, "process_mem_max_rss": "190416", "process_out_blocks": "3864", "process_user_time": 16.454584}
[0m16:54:23.628497 [debug] [MainThread]: Command `dbt seed` succeeded at 16:54:23.628426 after 15.95 seconds
[0m16:54:23.628799 [debug] [MainThread]: Sending event: {'category': 'dbt', 'action': 'invocation', 'label': 'end', 'context': [<snowplow_tracker.self_describing_json.SelfDescribingJson object at 0x7fc8e6713590>, <snowplow_tracker.self_describing_json.SelfDescribingJson object at 0x7fc8e5be9a00>, <snowplow_tracker.self_describing_json.SelfDescribingJson object at 0x7fc8f7dc79b0>]}
[0m16:54:23.629095 [debug] [MainThread]: Flushing usage events
[0m16:54:24.383904 [debug] [MainThread]: An error was encountered while trying to flush usage events
[0m15:07:37.484017 [debug] [MainThread]: Sending event: {'category': 'dbt', 'action': 'invocation', 'label': 'start', 'context': [<snowplow_tracker.self_describing_json.SelfDescribingJson object at 0x7fe7d22915e0>, <snowplow_tracker.self_describing_json.SelfDescribingJson object at 0x7fe7d0dcfe90>, <snowplow_tracker.self_describing_json.SelfDescribingJson object at 0x7fe7d0400cb0>]}


============================== 15:07:37.497491 | 811f0c59-4bb0-4201-a22e-ae200d6d60ca ==============================
[0m15:07:37.497491 [info ] [MainThread]: Running with dbt=1.11.8
[0m15:07:37.498130 [debug] [MainThread]: running dbt with arguments {'profiles_dir': '/home/murilo/.dbt', 'warn_error': 'None', 'printer_width': '80', 'introspect': 'True', 'use_colors': 'True', 'fail_fast': 'False', 'static_parser': 'True', 'empty': 'None', 'target_path': 'None', 'partial_parse': 'True', 'write_json': 'True', 'version_check': 'True', 'log_cache_events': 'False', 'log_format': 'default', 'quiet': 'False', 'send_anonymous_usage_stats': 'True', 'log_path': '/home/murilo/Área de trabalho/dbt-analytics-project/dbt_marketing_analytics/logs', 'warn_error_options': 'WarnErrorOptionsV2(error=[], warn=[], silence=[])', 'use_experimental_parser': 'False', 'indirect_selection': 'eager', 'invocation_command': 'dbt test --select source:raw', 'cache_selected_only': 'False', 'debug': 'False', 'no_print': 'None'}
[0m15:07:37.743035 [debug] [MainThread]: Sending event: {'category': 'dbt', 'action': 'project_id', 'label': '811f0c59-4bb0-4201-a22e-ae200d6d60ca', 'context': [<snowplow_tracker.self_describing_json.SelfDescribingJson object at 0x7fe7cf7876b0>]}
[0m15:07:37.792032 [debug] [MainThread]: Sending event: {'category': 'dbt', 'action': 'adapter_info', 'label': '811f0c59-4bb0-4201-a22e-ae200d6d60ca', 'context': [<snowplow_tracker.self_describing_json.SelfDescribingJson object at 0x7fe7d05414c0>]}
[0m15:07:37.792782 [info ] [MainThread]: Registered adapter: postgres=1.10.0
[0m15:07:37.899622 [debug] [MainThread]: checksum: 7d524ac048c2100769df89d592e662e060a73ca564e31bd9c2a37efdfe8d8ab6, vars: {}, profile: , target: , version: 1.11.8
[0m15:07:38.024147 [debug] [MainThread]: Partial parsing enabled: 0 files deleted, 1 files added, 0 files changed.
[0m15:07:38.024809 [debug] [MainThread]: Partial parsing: added file: dbt_marketing_analytics://models/sources.yml
[0m15:07:38.177779 [warn ] [MainThread]: [[33mWARNING[0m][MissingArgumentsPropertyInGenericTestDeprecation]: Deprecated
functionality
Found top-level arguments to test `accepted_values` defined on 'raw_campaigns'
in package 'dbt_marketing_analytics' (models/sources.yml). Arguments to generic
tests should be nested under the `arguments` property.
[0m15:07:38.178255 [debug] [MainThread]: Sending event: {'category': 'dbt', 'action': 'deprecation', 'label': '811f0c59-4bb0-4201-a22e-ae200d6d60ca', 'property_': 'warn', 'context': [<snowplow_tracker.self_describing_json.SelfDescribingJson object at 0x7fe7ce3e6870>]}
[0m15:07:38.283493 [warn ] [MainThread]: [[33mWARNING[0m]: Configuration paths exist in your dbt_project.yml file which do not apply to any resources.
There are 2 unused configuration paths:
- models.dbt_marketing_analytics.marts
- models.dbt_marketing_analytics.staging
[0m15:07:38.291258 [debug] [MainThread]: Sending event: {'category': 'dbt', 'action': 'load_project', 'label': '811f0c59-4bb0-4201-a22e-ae200d6d60ca', 'context': [<snowplow_tracker.self_describing_json.SelfDescribingJson object at 0x7fe7cdb10440>]}
[0m15:07:38.409103 [debug] [MainThread]: Wrote artifact WritableManifest to /home/murilo/Área de trabalho/dbt-analytics-project/dbt_marketing_analytics/target/manifest.json
[0m15:07:38.410792 [debug] [MainThread]: Wrote artifact SemanticManifest to /home/murilo/Área de trabalho/dbt-analytics-project/dbt_marketing_analytics/target/semantic_manifest.json
[0m15:07:38.466428 [debug] [MainThread]: Sending event: {'category': 'dbt', 'action': 'resource_counts', 'label': '811f0c59-4bb0-4201-a22e-ae200d6d60ca', 'context': [<snowplow_tracker.self_describing_json.SelfDescribingJson object at 0x7fe7ceb53d40>]}
[0m15:07:38.466928 [info ] [MainThread]: Found 4 seeds, 34 data tests, 4 sources, 466 macros
[0m15:07:38.467310 [debug] [MainThread]: Sending event: {'category': 'dbt', 'action': 'runnable_timing', 'label': '811f0c59-4bb0-4201-a22e-ae200d6d60ca', 'context': [<snowplow_tracker.self_describing_json.SelfDescribingJson object at 0x7fe7cdb12f00>]}
[0m15:07:38.469235 [info ] [MainThread]: 
[0m15:07:38.469600 [info ] [MainThread]: Concurrency: 4 threads (target='dev')
[0m15:07:38.469896 [info ] [MainThread]: 
[0m15:07:38.470378 [debug] [MainThread]: Acquiring new postgres connection 'master'
[0m15:07:38.473574 [debug] [ThreadPool]: Acquiring new postgres connection 'list_dw_analytics_raw'
[0m15:07:38.509962 [debug] [ThreadPool]: Using postgres connection "list_dw_analytics_raw"
[0m15:07:38.510379 [debug] [ThreadPool]: On list_dw_analytics_raw: /* {"app": "dbt", "dbt_version": "1.11.8", "profile_name": "dbt_marketing_analytics", "target_name": "dev", "connection_name": "list_dw_analytics_raw"} */
select
      'dw_analytics' as database,
      tablename as name,
      schemaname as schema,
      'table' as type
    from pg_tables
    where schemaname ilike 'raw'
    union all
    select
      'dw_analytics' as database,
      viewname as name,
      schemaname as schema,
      'view' as type
    from pg_views
    where schemaname ilike 'raw'
    union all
    select
      'dw_analytics' as database,
      matviewname as name,
      schemaname as schema,
      'materialized_view' as type
    from pg_matviews
    where schemaname ilike 'raw'
  
[0m15:07:38.510685 [debug] [ThreadPool]: Opening a new connection, currently in state init
[0m15:07:38.511480 [debug] [ThreadPool]: Postgres adapter: Got a retryable error when attempting to open a postgres connection.
1 attempts remaining. Retrying in 0 seconds.
Error:
connection to server at "localhost" (::1), port 5432 failed: Connection refused
	Is the server running on that host and accepting TCP/IP connections?
connection to server at "localhost" (127.0.0.1), port 5432 failed: Connection refused
	Is the server running on that host and accepting TCP/IP connections?

[0m15:07:38.512167 [debug] [ThreadPool]: Postgres adapter: Error running SQL: /* {"app": "dbt", "dbt_version": "1.11.8", "profile_name": "dbt_marketing_analytics", "target_name": "dev", "connection_name": "list_dw_analytics_raw"} */
select
      'dw_analytics' as database,
      tablename as name,
      schemaname as schema,
      'table' as type
    from pg_tables
    where schemaname ilike 'raw'
    union all
    select
      'dw_analytics' as database,
      viewname as name,
      schemaname as schema,
      'view' as type
    from pg_views
    where schemaname ilike 'raw'
    union all
    select
      'dw_analytics' as database,
      matviewname as name,
      schemaname as schema,
      'materialized_view' as type
    from pg_matviews
    where schemaname ilike 'raw'
  
[0m15:07:38.512495 [debug] [ThreadPool]: Postgres adapter: Rolling back transaction.
[0m15:07:38.512822 [debug] [ThreadPool]: Postgres adapter: Error running SQL: macro list_relations_without_caching
[0m15:07:38.513095 [debug] [ThreadPool]: Postgres adapter: Rolling back transaction.
[0m15:07:38.513401 [debug] [ThreadPool]: On list_dw_analytics_raw: No close available on handle
[0m15:07:38.514024 [debug] [MainThread]: Connection 'master' was properly closed.
[0m15:07:38.514390 [debug] [MainThread]: Connection 'list_dw_analytics_raw' was properly closed.
[0m15:07:38.514698 [info ] [MainThread]: 
[0m15:07:38.515026 [info ] [MainThread]: Finished running  in 0 hours 0 minutes and 0.04 seconds (0.04s).
[0m15:07:38.515490 [error] [MainThread]: Encountered an error:
Database Error
  connection to server at "localhost" (::1), port 5432 failed: Connection refused
  	Is the server running on that host and accepting TCP/IP connections?
  connection to server at "localhost" (127.0.0.1), port 5432 failed: Connection refused
  	Is the server running on that host and accepting TCP/IP connections?
  
[0m15:07:38.516103 [warn ] [MainThread]: [[33mWARNING[0m][DeprecationsSummary]: Deprecated functionality
Summary of encountered deprecations:
- MissingArgumentsPropertyInGenericTestDeprecation: 3 occurrences
To see all deprecation instances instead of just the first occurrence of each,
run command again with the `--show-all-deprecations` flag. You may also need to
run with `--no-partial-parse` as some deprecations are only encountered during
parsing.
[0m15:07:38.518876 [debug] [MainThread]: Resource report: {"command_name": "test", "command_success": false, "command_wall_clock_time": 1.0840977, "process_in_blocks": "46720", "process_kernel_time": 0.284538, "process_mem_max_rss": "125428", "process_out_blocks": "2328", "process_user_time": 1.952966}
[0m15:07:38.519474 [debug] [MainThread]: Command `dbt test` failed at 15:07:38.519357 after 1.08 seconds
[0m15:07:38.520193 [debug] [MainThread]: Sending event: {'category': 'dbt', 'action': 'invocation', 'label': 'end', 'context': [<snowplow_tracker.self_describing_json.SelfDescribingJson object at 0x7fe7cfebd700>, <snowplow_tracker.self_describing_json.SelfDescribingJson object at 0x7fe7cdf1ef90>, <snowplow_tracker.self_describing_json.SelfDescribingJson object at 0x7fe7cdb31610>]}
[0m15:07:38.520665 [debug] [MainThread]: Flushing usage events
[0m15:07:39.143428 [debug] [MainThread]: An error was encountered while trying to flush usage events
[0m15:08:44.402522 [debug] [MainThread]: Sending event: {'category': 'dbt', 'action': 'invocation', 'label': 'start', 'context': [<snowplow_tracker.self_describing_json.SelfDescribingJson object at 0x7f5188a16a80>, <snowplow_tracker.self_describing_json.SelfDescribingJson object at 0x7f51890698e0>, <snowplow_tracker.self_describing_json.SelfDescribingJson object at 0x7f51891003e0>]}


============================== 15:08:44.405243 | 2a5f3c9e-d1aa-4883-9fdd-bd1190ec4752 ==============================
[0m15:08:44.405243 [info ] [MainThread]: Running with dbt=1.11.8
[0m15:08:44.405768 [debug] [MainThread]: running dbt with arguments {'partial_parse': 'True', 'write_json': 'True', 'debug': 'False', 'profiles_dir': '/home/murilo/.dbt', 'quiet': 'False', 'static_parser': 'True', 'no_print': 'None', 'empty': 'None', 'version_check': 'True', 'fail_fast': 'False', 'indirect_selection': 'eager', 'warn_error_options': 'WarnErrorOptionsV2(error=[], warn=[], silence=[])', 'use_experimental_parser': 'False', 'invocation_command': 'dbt test --select source:raw', 'printer_width': '80', 'log_cache_events': 'False', 'target_path': 'None', 'log_format': 'default', 'send_anonymous_usage_stats': 'True', 'cache_selected_only': 'False', 'warn_error': 'None', 'use_colors': 'True', 'log_path': '/home/murilo/Área de trabalho/dbt-analytics-project/dbt_marketing_analytics/logs', 'introspect': 'True'}
[0m15:08:44.528738 [debug] [MainThread]: Sending event: {'category': 'dbt', 'action': 'project_id', 'label': '2a5f3c9e-d1aa-4883-9fdd-bd1190ec4752', 'context': [<snowplow_tracker.self_describing_json.SelfDescribingJson object at 0x7f5187dedc10>]}
[0m15:08:44.578102 [debug] [MainThread]: Sending event: {'category': 'dbt', 'action': 'adapter_info', 'label': '2a5f3c9e-d1aa-4883-9fdd-bd1190ec4752', 'context': [<snowplow_tracker.self_describing_json.SelfDescribingJson object at 0x7f518ae94dd0>]}
[0m15:08:44.578854 [info ] [MainThread]: Registered adapter: postgres=1.10.0
[0m15:08:44.658283 [debug] [MainThread]: checksum: 7d524ac048c2100769df89d592e662e060a73ca564e31bd9c2a37efdfe8d8ab6, vars: {}, profile: , target: , version: 1.11.8
[0m15:08:44.748864 [debug] [MainThread]: Partial parsing enabled: 0 files deleted, 0 files added, 0 files changed.
[0m15:08:44.749261 [debug] [MainThread]: Nothing changed, skipping partial parsing.
[0m15:08:44.749603 [debug] [MainThread]: Partial parsing enabled, no changes found, skipping parsing
[0m15:08:44.753830 [warn ] [MainThread]: [[33mWARNING[0m]: Configuration paths exist in your dbt_project.yml file which do not apply to any resources.
There are 2 unused configuration paths:
- models.dbt_marketing_analytics.marts
- models.dbt_marketing_analytics.staging
[0m15:08:44.783830 [debug] [MainThread]: Sending event: {'category': 'dbt', 'action': 'load_project', 'label': '2a5f3c9e-d1aa-4883-9fdd-bd1190ec4752', 'context': [<snowplow_tracker.self_describing_json.SelfDescribingJson object at 0x7f518791f3e0>]}
[0m15:08:44.850758 [debug] [MainThread]: Wrote artifact WritableManifest to /home/murilo/Área de trabalho/dbt-analytics-project/dbt_marketing_analytics/target/manifest.json
[0m15:08:44.852297 [debug] [MainThread]: Wrote artifact SemanticManifest to /home/murilo/Área de trabalho/dbt-analytics-project/dbt_marketing_analytics/target/semantic_manifest.json
[0m15:08:44.866536 [debug] [MainThread]: Sending event: {'category': 'dbt', 'action': 'resource_counts', 'label': '2a5f3c9e-d1aa-4883-9fdd-bd1190ec4752', 'context': [<snowplow_tracker.self_describing_json.SelfDescribingJson object at 0x7f518656b950>]}
[0m15:08:44.867065 [info ] [MainThread]: Found 4 seeds, 34 data tests, 4 sources, 466 macros
[0m15:08:44.867503 [debug] [MainThread]: Sending event: {'category': 'dbt', 'action': 'runnable_timing', 'label': '2a5f3c9e-d1aa-4883-9fdd-bd1190ec4752', 'context': [<snowplow_tracker.self_describing_json.SelfDescribingJson object at 0x7f5187941910>]}
[0m15:08:44.869640 [info ] [MainThread]: 
[0m15:08:44.869975 [info ] [MainThread]: Concurrency: 4 threads (target='dev')
[0m15:08:44.870263 [info ] [MainThread]: 
[0m15:08:44.870740 [debug] [MainThread]: Acquiring new postgres connection 'master'
[0m15:08:44.874232 [debug] [ThreadPool]: Acquiring new postgres connection 'list_dw_analytics_raw'
[0m15:08:44.906193 [debug] [ThreadPool]: Using postgres connection "list_dw_analytics_raw"
[0m15:08:44.906618 [debug] [ThreadPool]: On list_dw_analytics_raw: /* {"app": "dbt", "dbt_version": "1.11.8", "profile_name": "dbt_marketing_analytics", "target_name": "dev", "connection_name": "list_dw_analytics_raw"} */
select
      'dw_analytics' as database,
      tablename as name,
      schemaname as schema,
      'table' as type
    from pg_tables
    where schemaname ilike 'raw'
    union all
    select
      'dw_analytics' as database,
      viewname as name,
      schemaname as schema,
      'view' as type
    from pg_views
    where schemaname ilike 'raw'
    union all
    select
      'dw_analytics' as database,
      matviewname as name,
      schemaname as schema,
      'materialized_view' as type
    from pg_matviews
    where schemaname ilike 'raw'
  
[0m15:08:44.906975 [debug] [ThreadPool]: Opening a new connection, currently in state init
[0m15:08:44.956773 [debug] [ThreadPool]: SQL status: SELECT 4 in 0.050 seconds
[0m15:08:44.958240 [debug] [ThreadPool]: On list_dw_analytics_raw: ROLLBACK
[0m15:08:44.958833 [debug] [ThreadPool]: On list_dw_analytics_raw: Close
[0m15:08:44.963829 [debug] [MainThread]: Using postgres connection "master"
[0m15:08:44.964304 [debug] [MainThread]: On master: /* {"app": "dbt", "dbt_version": "1.11.8", "profile_name": "dbt_marketing_analytics", "target_name": "dev", "connection_name": "master"} */
select distinct
        dependent_namespace.nspname as dependent_schema,
        dependent_class.relname as dependent_name,
        referenced_namespace.nspname as referenced_schema,
        referenced_class.relname as referenced_name

    -- Query for views: views are entries in pg_class with an entry in pg_rewrite, but we avoid
    -- a seq scan on pg_rewrite by leveraging the fact there is an "internal" row in pg_depend for
    -- the view...
    from pg_class as dependent_class
    join pg_namespace as dependent_namespace on dependent_namespace.oid = dependent_class.relnamespace
    join pg_depend as dependent_depend on dependent_depend.refobjid = dependent_class.oid
        and dependent_depend.classid = 'pg_rewrite'::regclass
        and dependent_depend.refclassid = 'pg_class'::regclass
        and dependent_depend.deptype = 'i'

    -- ... and via pg_depend (that has a row per column, hence the need for "distinct" above, and
    -- making sure to exclude the internal row to avoid a view appearing to depend on itself)...
    join pg_depend as joining_depend on joining_depend.objid = dependent_depend.objid
        and joining_depend.classid = 'pg_rewrite'::regclass
        and joining_depend.refclassid = 'pg_class'::regclass
        and joining_depend.refobjid != dependent_depend.refobjid

    -- ... we can find the tables they query from in pg_class, but excluding system tables. Note we
    -- don't need need to exclude _dependent_ system tables, because they only query from other
    -- system tables, and so are automatically excluded by excluding _referenced_ system tables
    join pg_class as referenced_class on referenced_class.oid = joining_depend.refobjid
    join pg_namespace as referenced_namespace on referenced_namespace.oid = referenced_class.relnamespace
        and referenced_namespace.nspname != 'information_schema'
        and referenced_namespace.nspname not like 'pg\_%'

    order by
        dependent_schema, dependent_name, referenced_schema, referenced_name;
[0m15:08:44.964721 [debug] [MainThread]: Opening a new connection, currently in state init
[0m15:08:44.980366 [debug] [MainThread]: SQL status: SELECT 0 in 0.016 seconds
[0m15:08:44.981606 [debug] [MainThread]: Sending event: {'category': 'dbt', 'action': 'runnable_timing', 'label': '2a5f3c9e-d1aa-4883-9fdd-bd1190ec4752', 'context': [<snowplow_tracker.self_describing_json.SelfDescribingJson object at 0x7f518ae94d10>]}
[0m15:08:44.982046 [debug] [MainThread]: On master: ROLLBACK
[0m15:08:44.982580 [debug] [MainThread]: On master: COMMIT
[0m15:08:44.982897 [debug] [MainThread]: Using postgres connection "master"
[0m15:08:44.983179 [debug] [MainThread]: On master: COMMIT
[0m15:08:44.983739 [debug] [MainThread]: SQL status: COMMIT in 0.000 seconds
[0m15:08:44.984045 [debug] [MainThread]: On master: Close
[0m15:08:44.987147 [debug] [Thread-1 (]: Began running node test.dbt_marketing_analytics.source_accepted_values_raw_ad_spend_canal__google__meta__linkedin.4f20d1fb86
[0m15:08:44.987672 [debug] [Thread-2 (]: Began running node test.dbt_marketing_analytics.source_accepted_values_raw_campaigns_canal__google__meta__linkedin.76e1716f54
[0m15:08:44.988500 [debug] [Thread-3 (]: Began running node test.dbt_marketing_analytics.source_accepted_values_raw_leads_campaign_id__google__meta__linkedin.f3e6b40cb8
[0m15:08:44.988911 [debug] [Thread-4 (]: Began running node test.dbt_marketing_analytics.source_not_null_raw_ad_spend_canal.7ffba3a920
[0m15:08:44.988096 [info ] [Thread-1 (]: 1 of 17 START test source_accepted_values_raw_ad_spend_canal__google__meta__linkedin  [RUN]
[0m15:08:44.989404 [info ] [Thread-2 (]: 2 of 17 START test source_accepted_values_raw_campaigns_canal__google__meta__linkedin  [RUN]
[0m15:08:44.989824 [info ] [Thread-3 (]: 3 of 17 START test source_accepted_values_raw_leads_campaign_id__google__meta__linkedin  [RUN]
[0m15:08:44.990209 [info ] [Thread-4 (]: 4 of 17 START test source_not_null_raw_ad_spend_canal .......................... [RUN]
[0m15:08:44.990646 [debug] [Thread-1 (]: Re-using an available connection from the pool (formerly list_dw_analytics_raw, now test.dbt_marketing_analytics.source_accepted_values_raw_ad_spend_canal__google__meta__linkedin.4f20d1fb86)
[0m15:08:44.991086 [debug] [Thread-2 (]: Acquiring new postgres connection 'test.dbt_marketing_analytics.source_accepted_values_raw_campaigns_canal__google__meta__linkedin.76e1716f54'
[0m15:08:44.991561 [debug] [Thread-3 (]: Acquiring new postgres connection 'test.dbt_marketing_analytics.source_accepted_values_raw_leads_campaign_id__google__meta__linkedin.f3e6b40cb8'
[0m15:08:44.991977 [debug] [Thread-4 (]: Acquiring new postgres connection 'test.dbt_marketing_analytics.source_not_null_raw_ad_spend_canal.7ffba3a920'
[0m15:08:44.992333 [debug] [Thread-1 (]: Began compiling node test.dbt_marketing_analytics.source_accepted_values_raw_ad_spend_canal__google__meta__linkedin.4f20d1fb86
[0m15:08:44.992673 [debug] [Thread-2 (]: Began compiling node test.dbt_marketing_analytics.source_accepted_values_raw_campaigns_canal__google__meta__linkedin.76e1716f54
[0m15:08:44.993018 [debug] [Thread-3 (]: Began compiling node test.dbt_marketing_analytics.source_accepted_values_raw_leads_campaign_id__google__meta__linkedin.f3e6b40cb8
[0m15:08:44.993356 [debug] [Thread-4 (]: Began compiling node test.dbt_marketing_analytics.source_not_null_raw_ad_spend_canal.7ffba3a920
[0m15:08:45.009616 [debug] [Thread-2 (]: Writing injected SQL for node "test.dbt_marketing_analytics.source_accepted_values_raw_campaigns_canal__google__meta__linkedin.76e1716f54"
[0m15:08:45.011536 [debug] [Thread-1 (]: Writing injected SQL for node "test.dbt_marketing_analytics.source_accepted_values_raw_ad_spend_canal__google__meta__linkedin.4f20d1fb86"
[0m15:08:45.016249 [debug] [Thread-3 (]: Writing injected SQL for node "test.dbt_marketing_analytics.source_accepted_values_raw_leads_campaign_id__google__meta__linkedin.f3e6b40cb8"
[0m15:08:45.073166 [debug] [Thread-4 (]: Writing injected SQL for node "test.dbt_marketing_analytics.source_not_null_raw_ad_spend_canal.7ffba3a920"
[0m15:08:45.074194 [debug] [Thread-1 (]: Began executing node test.dbt_marketing_analytics.source_accepted_values_raw_ad_spend_canal__google__meta__linkedin.4f20d1fb86
[0m15:08:45.074636 [debug] [Thread-2 (]: Began executing node test.dbt_marketing_analytics.source_accepted_values_raw_campaigns_canal__google__meta__linkedin.76e1716f54
[0m15:08:45.085309 [debug] [Thread-4 (]: Began executing node test.dbt_marketing_analytics.source_not_null_raw_ad_spend_canal.7ffba3a920
[0m15:08:45.085749 [debug] [Thread-3 (]: Began executing node test.dbt_marketing_analytics.source_accepted_values_raw_leads_campaign_id__google__meta__linkedin.f3e6b40cb8
[0m15:08:45.089512 [debug] [Thread-1 (]: Writing runtime sql for node "test.dbt_marketing_analytics.source_accepted_values_raw_ad_spend_canal__google__meta__linkedin.4f20d1fb86"
[0m15:08:45.091403 [debug] [Thread-2 (]: Writing runtime sql for node "test.dbt_marketing_analytics.source_accepted_values_raw_campaigns_canal__google__meta__linkedin.76e1716f54"
[0m15:08:45.093123 [debug] [Thread-4 (]: Writing runtime sql for node "test.dbt_marketing_analytics.source_not_null_raw_ad_spend_canal.7ffba3a920"
[0m15:08:45.095021 [debug] [Thread-3 (]: Writing runtime sql for node "test.dbt_marketing_analytics.source_accepted_values_raw_leads_campaign_id__google__meta__linkedin.f3e6b40cb8"
[0m15:08:45.096015 [debug] [Thread-4 (]: Using postgres connection "test.dbt_marketing_analytics.source_not_null_raw_ad_spend_canal.7ffba3a920"
[0m15:08:45.096554 [debug] [Thread-3 (]: Using postgres connection "test.dbt_marketing_analytics.source_accepted_values_raw_leads_campaign_id__google__meta__linkedin.f3e6b40cb8"
[0m15:08:45.096945 [debug] [Thread-4 (]: On test.dbt_marketing_analytics.source_not_null_raw_ad_spend_canal.7ffba3a920: /* {"app": "dbt", "dbt_version": "1.11.8", "profile_name": "dbt_marketing_analytics", "target_name": "dev", "node_id": "test.dbt_marketing_analytics.source_not_null_raw_ad_spend_canal.7ffba3a920"} */

    
    select
      count(*) as failures,
      count(*) != 0 as should_warn,
      count(*) != 0 as should_error
    from (
      
    
  
    
    



select canal
from "dw_analytics"."raw"."ad_spend"
where canal is null



  
  
      
    ) dbt_internal_test
[0m15:08:45.097321 [debug] [Thread-2 (]: Using postgres connection "test.dbt_marketing_analytics.source_accepted_values_raw_campaigns_canal__google__meta__linkedin.76e1716f54"
[0m15:08:45.097702 [debug] [Thread-1 (]: Using postgres connection "test.dbt_marketing_analytics.source_accepted_values_raw_ad_spend_canal__google__meta__linkedin.4f20d1fb86"
[0m15:08:45.098039 [debug] [Thread-3 (]: On test.dbt_marketing_analytics.source_accepted_values_raw_leads_campaign_id__google__meta__linkedin.f3e6b40cb8: /* {"app": "dbt", "dbt_version": "1.11.8", "profile_name": "dbt_marketing_analytics", "target_name": "dev", "node_id": "test.dbt_marketing_analytics.source_accepted_values_raw_leads_campaign_id__google__meta__linkedin.f3e6b40cb8"} */

    
    select
      count(*) as failures,
      count(*) != 0 as should_warn,
      count(*) != 0 as should_error
    from (
      
    
  
    
    

with all_values as (

    select
        campaign_id as value_field,
        count(*) as n_records

    from "dw_analytics"."raw"."leads"
    group by campaign_id

)

select *
from all_values
where value_field not in (
    'google','meta','linkedin'
)



  
  
      
    ) dbt_internal_test
[0m15:08:45.098488 [debug] [Thread-4 (]: Opening a new connection, currently in state init
[0m15:08:45.098858 [debug] [Thread-2 (]: On test.dbt_marketing_analytics.source_accepted_values_raw_campaigns_canal__google__meta__linkedin.76e1716f54: /* {"app": "dbt", "dbt_version": "1.11.8", "profile_name": "dbt_marketing_analytics", "target_name": "dev", "node_id": "test.dbt_marketing_analytics.source_accepted_values_raw_campaigns_canal__google__meta__linkedin.76e1716f54"} */

    
    select
      count(*) as failures,
      count(*) != 0 as should_warn,
      count(*) != 0 as should_error
    from (
      
    
  
    
    

with all_values as (

    select
        canal as value_field,
        count(*) as n_records

    from "dw_analytics"."raw"."campaigns"
    group by canal

)

select *
from all_values
where value_field not in (
    'google','meta','linkedin'
)



  
  
      
    ) dbt_internal_test
[0m15:08:45.099269 [debug] [Thread-1 (]: On test.dbt_marketing_analytics.source_accepted_values_raw_ad_spend_canal__google__meta__linkedin.4f20d1fb86: /* {"app": "dbt", "dbt_version": "1.11.8", "profile_name": "dbt_marketing_analytics", "target_name": "dev", "node_id": "test.dbt_marketing_analytics.source_accepted_values_raw_ad_spend_canal__google__meta__linkedin.4f20d1fb86"} */

    
    select
      count(*) as failures,
      count(*) != 0 as should_warn,
      count(*) != 0 as should_error
    from (
      
    
  
    
    

with all_values as (

    select
        canal as value_field,
        count(*) as n_records

    from "dw_analytics"."raw"."ad_spend"
    group by canal

)

select *
from all_values
where value_field not in (
    'google','meta','linkedin'
)



  
  
      
    ) dbt_internal_test
[0m15:08:45.099718 [debug] [Thread-3 (]: Opening a new connection, currently in state init
[0m15:08:45.100250 [debug] [Thread-2 (]: Opening a new connection, currently in state init
[0m15:08:45.100752 [debug] [Thread-1 (]: Opening a new connection, currently in state closed
[0m15:08:45.108251 [debug] [Thread-3 (]: Postgres adapter: Postgres error: invalid input syntax for type integer: "google"
LINE 29:     'google','meta','linkedin'
             ^

[0m15:08:45.108792 [debug] [Thread-3 (]: On test.dbt_marketing_analytics.source_accepted_values_raw_leads_campaign_id__google__meta__linkedin.f3e6b40cb8: ROLLBACK
[0m15:08:45.109189 [debug] [Thread-4 (]: SQL status: SELECT 1 in 0.011 seconds
[0m15:08:45.109692 [debug] [Thread-3 (]: On test.dbt_marketing_analytics.source_accepted_values_raw_leads_campaign_id__google__meta__linkedin.f3e6b40cb8: Close
[0m15:08:45.110039 [debug] [Thread-1 (]: SQL status: SELECT 1 in 0.009 seconds
[0m15:08:45.113238 [debug] [Thread-4 (]: On test.dbt_marketing_analytics.source_not_null_raw_ad_spend_canal.7ffba3a920: ROLLBACK
[0m15:08:45.113606 [debug] [Thread-2 (]: SQL status: SELECT 1 in 0.013 seconds
[0m15:08:45.114898 [debug] [Thread-1 (]: On test.dbt_marketing_analytics.source_accepted_values_raw_ad_spend_canal__google__meta__linkedin.4f20d1fb86: ROLLBACK
[0m15:08:45.116915 [debug] [Thread-2 (]: On test.dbt_marketing_analytics.source_accepted_values_raw_campaigns_canal__google__meta__linkedin.76e1716f54: ROLLBACK
[0m15:08:45.117297 [debug] [Thread-4 (]: On test.dbt_marketing_analytics.source_not_null_raw_ad_spend_canal.7ffba3a920: Close
[0m15:08:45.117886 [info ] [Thread-4 (]: 4 of 17 PASS source_not_null_raw_ad_spend_canal ................................ [[32mPASS[0m in 0.13s]
[0m15:08:45.118284 [debug] [Thread-2 (]: On test.dbt_marketing_analytics.source_accepted_values_raw_campaigns_canal__google__meta__linkedin.76e1716f54: Close
[0m15:08:45.118620 [debug] [Thread-1 (]: On test.dbt_marketing_analytics.source_accepted_values_raw_ad_spend_canal__google__meta__linkedin.4f20d1fb86: Close
[0m15:08:45.119084 [debug] [Thread-4 (]: Finished running node test.dbt_marketing_analytics.source_not_null_raw_ad_spend_canal.7ffba3a920
[0m15:08:45.119652 [info ] [Thread-2 (]: 2 of 17 PASS source_accepted_values_raw_campaigns_canal__google__meta__linkedin  [[32mPASS[0m in 0.13s]
[0m15:08:45.120185 [info ] [Thread-1 (]: 1 of 17 PASS source_accepted_values_raw_ad_spend_canal__google__meta__linkedin . [[32mPASS[0m in 0.13s]
[0m15:08:45.120726 [debug] [Thread-4 (]: Began running node test.dbt_marketing_analytics.source_not_null_raw_campaigns_campaign_id.4d94b0e869
[0m15:08:45.121557 [debug] [Thread-2 (]: Finished running node test.dbt_marketing_analytics.source_accepted_values_raw_campaigns_canal__google__meta__linkedin.76e1716f54
[0m15:08:45.122083 [debug] [Thread-1 (]: Finished running node test.dbt_marketing_analytics.source_accepted_values_raw_ad_spend_canal__google__meta__linkedin.4f20d1fb86
[0m15:08:45.122514 [info ] [Thread-4 (]: 5 of 17 START test source_not_null_raw_campaigns_campaign_id ................... [RUN]
[0m15:08:45.123274 [debug] [Thread-2 (]: Began running node test.dbt_marketing_analytics.source_not_null_raw_campaigns_canal.1847112832
[0m15:08:45.123766 [debug] [Thread-1 (]: Began running node test.dbt_marketing_analytics.source_not_null_raw_campaigns_nome_campanha.ed69937617
[0m15:08:45.124206 [debug] [Thread-4 (]: Re-using an available connection from the pool (formerly test.dbt_marketing_analytics.source_not_null_raw_ad_spend_canal.7ffba3a920, now test.dbt_marketing_analytics.source_not_null_raw_campaigns_campaign_id.4d94b0e869)
[0m15:08:45.124673 [info ] [Thread-2 (]: 6 of 17 START test source_not_null_raw_campaigns_canal ......................... [RUN]
[0m15:08:45.125171 [info ] [Thread-1 (]: 7 of 17 START test source_not_null_raw_campaigns_nome_campanha ................. [RUN]
[0m15:08:45.125574 [debug] [Thread-4 (]: Began compiling node test.dbt_marketing_analytics.source_not_null_raw_campaigns_campaign_id.4d94b0e869
[0m15:08:45.125975 [debug] [Thread-2 (]: Re-using an available connection from the pool (formerly test.dbt_marketing_analytics.source_accepted_values_raw_campaigns_canal__google__meta__linkedin.76e1716f54, now test.dbt_marketing_analytics.source_not_null_raw_campaigns_canal.1847112832)
[0m15:08:45.126352 [debug] [Thread-1 (]: Re-using an available connection from the pool (formerly test.dbt_marketing_analytics.source_accepted_values_raw_ad_spend_canal__google__meta__linkedin.4f20d1fb86, now test.dbt_marketing_analytics.source_not_null_raw_campaigns_nome_campanha.ed69937617)
[0m15:08:45.129801 [debug] [Thread-4 (]: Writing injected SQL for node "test.dbt_marketing_analytics.source_not_null_raw_campaigns_campaign_id.4d94b0e869"
[0m15:08:45.130270 [debug] [Thread-2 (]: Began compiling node test.dbt_marketing_analytics.source_not_null_raw_campaigns_canal.1847112832
[0m15:08:45.130717 [debug] [Thread-1 (]: Began compiling node test.dbt_marketing_analytics.source_not_null_raw_campaigns_nome_campanha.ed69937617
[0m15:08:45.131490 [debug] [Thread-4 (]: Began executing node test.dbt_marketing_analytics.source_not_null_raw_campaigns_campaign_id.4d94b0e869
[0m15:08:45.135337 [debug] [Thread-2 (]: Writing injected SQL for node "test.dbt_marketing_analytics.source_not_null_raw_campaigns_canal.1847112832"
[0m15:08:45.138557 [debug] [Thread-1 (]: Writing injected SQL for node "test.dbt_marketing_analytics.source_not_null_raw_campaigns_nome_campanha.ed69937617"
[0m15:08:45.140462 [debug] [Thread-4 (]: Writing runtime sql for node "test.dbt_marketing_analytics.source_not_null_raw_campaigns_campaign_id.4d94b0e869"
[0m15:08:45.141152 [debug] [Thread-2 (]: Began executing node test.dbt_marketing_analytics.source_not_null_raw_campaigns_canal.1847112832
[0m15:08:45.143251 [debug] [Thread-2 (]: Writing runtime sql for node "test.dbt_marketing_analytics.source_not_null_raw_campaigns_canal.1847112832"
[0m15:08:45.144005 [debug] [Thread-2 (]: Using postgres connection "test.dbt_marketing_analytics.source_not_null_raw_campaigns_canal.1847112832"
[0m15:08:45.144468 [debug] [Thread-4 (]: Using postgres connection "test.dbt_marketing_analytics.source_not_null_raw_campaigns_campaign_id.4d94b0e869"
[0m15:08:45.144824 [debug] [Thread-1 (]: Began executing node test.dbt_marketing_analytics.source_not_null_raw_campaigns_nome_campanha.ed69937617
[0m15:08:45.145163 [debug] [Thread-2 (]: On test.dbt_marketing_analytics.source_not_null_raw_campaigns_canal.1847112832: /* {"app": "dbt", "dbt_version": "1.11.8", "profile_name": "dbt_marketing_analytics", "target_name": "dev", "node_id": "test.dbt_marketing_analytics.source_not_null_raw_campaigns_canal.1847112832"} */

    
    select
      count(*) as failures,
      count(*) != 0 as should_warn,
      count(*) != 0 as should_error
    from (
      
    
  
    
    



select canal
from "dw_analytics"."raw"."campaigns"
where canal is null



  
  
      
    ) dbt_internal_test
[0m15:08:45.147050 [debug] [Thread-4 (]: On test.dbt_marketing_analytics.source_not_null_raw_campaigns_campaign_id.4d94b0e869: /* {"app": "dbt", "dbt_version": "1.11.8", "profile_name": "dbt_marketing_analytics", "target_name": "dev", "node_id": "test.dbt_marketing_analytics.source_not_null_raw_campaigns_campaign_id.4d94b0e869"} */

    
    select
      count(*) as failures,
      count(*) != 0 as should_warn,
      count(*) != 0 as should_error
    from (
      
    
  
    
    



select campaign_id
from "dw_analytics"."raw"."campaigns"
where campaign_id is null



  
  
      
    ) dbt_internal_test
[0m15:08:45.149069 [debug] [Thread-1 (]: Writing runtime sql for node "test.dbt_marketing_analytics.source_not_null_raw_campaigns_nome_campanha.ed69937617"
[0m15:08:45.149490 [debug] [Thread-2 (]: Opening a new connection, currently in state closed
[0m15:08:45.149865 [debug] [Thread-4 (]: Opening a new connection, currently in state closed
[0m15:08:45.150649 [debug] [Thread-1 (]: Using postgres connection "test.dbt_marketing_analytics.source_not_null_raw_campaigns_nome_campanha.ed69937617"
[0m15:08:45.151243 [debug] [Thread-1 (]: On test.dbt_marketing_analytics.source_not_null_raw_campaigns_nome_campanha.ed69937617: /* {"app": "dbt", "dbt_version": "1.11.8", "profile_name": "dbt_marketing_analytics", "target_name": "dev", "node_id": "test.dbt_marketing_analytics.source_not_null_raw_campaigns_nome_campanha.ed69937617"} */

    
    select
      count(*) as failures,
      count(*) != 0 as should_warn,
      count(*) != 0 as should_error
    from (
      
    
  
    
    



select nome_campanha
from "dw_analytics"."raw"."campaigns"
where nome_campanha is null



  
  
      
    ) dbt_internal_test
[0m15:08:45.151679 [debug] [Thread-1 (]: Opening a new connection, currently in state closed
[0m15:08:45.153667 [debug] [Thread-3 (]: Database Error in test source_accepted_values_raw_leads_campaign_id__google__meta__linkedin (models/sources.yml)
  invalid input syntax for type integer: "google"
  LINE 29:     'google','meta','linkedin'
               ^
  compiled code at target/run/dbt_marketing_analytics/models/sources.yml/source_accepted_values_raw_lea_4caee098809e11da450059029a3fc2fa.sql
[0m15:08:45.154203 [error] [Thread-3 (]: 3 of 17 ERROR source_accepted_values_raw_leads_campaign_id__google__meta__linkedin  [[31mERROR[0m in 0.16s]
[0m15:08:45.154998 [debug] [Thread-3 (]: Finished running node test.dbt_marketing_analytics.source_accepted_values_raw_leads_campaign_id__google__meta__linkedin.f3e6b40cb8
[0m15:08:45.155491 [debug] [Thread-3 (]: Began running node test.dbt_marketing_analytics.source_not_null_raw_campaigns_orcamento.bd51cb03cf
[0m15:08:45.155974 [debug] [Thread-7 (]: Marking all children of 'test.dbt_marketing_analytics.source_accepted_values_raw_leads_campaign_id__google__meta__linkedin.f3e6b40cb8' to be skipped because of status 'error'.  Reason: Database Error in test source_accepted_values_raw_leads_campaign_id__google__meta__linkedin (models/sources.yml)
  invalid input syntax for type integer: "google"
  LINE 29:     'google','meta','linkedin'
               ^
  compiled code at target/run/dbt_marketing_analytics/models/sources.yml/source_accepted_values_raw_lea_4caee098809e11da450059029a3fc2fa.sql.
[0m15:08:45.156387 [debug] [Thread-4 (]: SQL status: SELECT 1 in 0.007 seconds
[0m15:08:45.156730 [info ] [Thread-3 (]: 8 of 17 START test source_not_null_raw_campaigns_orcamento ..................... [RUN]
[0m15:08:45.157137 [debug] [Thread-1 (]: SQL status: SELECT 1 in 0.006 seconds
[0m15:08:45.157479 [debug] [Thread-2 (]: SQL status: SELECT 1 in 0.008 seconds
[0m15:08:45.159172 [debug] [Thread-4 (]: On test.dbt_marketing_analytics.source_not_null_raw_campaigns_campaign_id.4d94b0e869: ROLLBACK
[0m15:08:45.159590 [debug] [Thread-3 (]: Re-using an available connection from the pool (formerly test.dbt_marketing_analytics.source_accepted_values_raw_leads_campaign_id__google__meta__linkedin.f3e6b40cb8, now test.dbt_marketing_analytics.source_not_null_raw_campaigns_orcamento.bd51cb03cf)
[0m15:08:45.161028 [debug] [Thread-1 (]: On test.dbt_marketing_analytics.source_not_null_raw_campaigns_nome_campanha.ed69937617: ROLLBACK
[0m15:08:45.162275 [debug] [Thread-2 (]: On test.dbt_marketing_analytics.source_not_null_raw_campaigns_canal.1847112832: ROLLBACK
[0m15:08:45.162807 [debug] [Thread-3 (]: Began compiling node test.dbt_marketing_analytics.source_not_null_raw_campaigns_orcamento.bd51cb03cf
[0m15:08:45.163195 [debug] [Thread-4 (]: On test.dbt_marketing_analytics.source_not_null_raw_campaigns_campaign_id.4d94b0e869: Close
[0m15:08:45.166498 [debug] [Thread-3 (]: Writing injected SQL for node "test.dbt_marketing_analytics.source_not_null_raw_campaigns_orcamento.bd51cb03cf"
[0m15:08:45.166891 [debug] [Thread-2 (]: On test.dbt_marketing_analytics.source_not_null_raw_campaigns_canal.1847112832: Close
[0m15:08:45.167243 [debug] [Thread-1 (]: On test.dbt_marketing_analytics.source_not_null_raw_campaigns_nome_campanha.ed69937617: Close
[0m15:08:45.167835 [info ] [Thread-4 (]: 5 of 17 PASS source_not_null_raw_campaigns_campaign_id ......................... [[32mPASS[0m in 0.04s]
[0m15:08:45.168622 [info ] [Thread-2 (]: 6 of 17 PASS source_not_null_raw_campaigns_canal ............................... [[32mPASS[0m in 0.04s]
[0m15:08:45.169221 [info ] [Thread-1 (]: 7 of 17 PASS source_not_null_raw_campaigns_nome_campanha ....................... [[32mPASS[0m in 0.04s]
[0m15:08:45.169704 [debug] [Thread-3 (]: Began executing node test.dbt_marketing_analytics.source_not_null_raw_campaigns_orcamento.bd51cb03cf
[0m15:08:45.170265 [debug] [Thread-4 (]: Finished running node test.dbt_marketing_analytics.source_not_null_raw_campaigns_campaign_id.4d94b0e869
[0m15:08:45.170776 [debug] [Thread-2 (]: Finished running node test.dbt_marketing_analytics.source_not_null_raw_campaigns_canal.1847112832
[0m15:08:45.171249 [debug] [Thread-1 (]: Finished running node test.dbt_marketing_analytics.source_not_null_raw_campaigns_nome_campanha.ed69937617
[0m15:08:45.173519 [debug] [Thread-3 (]: Writing runtime sql for node "test.dbt_marketing_analytics.source_not_null_raw_campaigns_orcamento.bd51cb03cf"
[0m15:08:45.174103 [debug] [Thread-4 (]: Began running node test.dbt_marketing_analytics.source_not_null_raw_conversions_conversion_id.8661fdb918
[0m15:08:45.174681 [debug] [Thread-2 (]: Began running node test.dbt_marketing_analytics.source_not_null_raw_conversions_converted_at.fbd7e4ba9a
[0m15:08:45.175093 [debug] [Thread-1 (]: Began running node test.dbt_marketing_analytics.source_not_null_raw_conversions_lead_id.e09501a08d
[0m15:08:45.175612 [info ] [Thread-4 (]: 9 of 17 START test source_not_null_raw_conversions_conversion_id ............... [RUN]
[0m15:08:45.176057 [info ] [Thread-2 (]: 10 of 17 START test source_not_null_raw_conversions_converted_at ............... [RUN]
[0m15:08:45.176479 [info ] [Thread-1 (]: 11 of 17 START test source_not_null_raw_conversions_lead_id .................... [RUN]
[0m15:08:45.176925 [debug] [Thread-3 (]: Using postgres connection "test.dbt_marketing_analytics.source_not_null_raw_campaigns_orcamento.bd51cb03cf"
[0m15:08:45.177308 [debug] [Thread-4 (]: Re-using an available connection from the pool (formerly test.dbt_marketing_analytics.source_not_null_raw_campaigns_campaign_id.4d94b0e869, now test.dbt_marketing_analytics.source_not_null_raw_conversions_conversion_id.8661fdb918)
[0m15:08:45.177695 [debug] [Thread-2 (]: Re-using an available connection from the pool (formerly test.dbt_marketing_analytics.source_not_null_raw_campaigns_canal.1847112832, now test.dbt_marketing_analytics.source_not_null_raw_conversions_converted_at.fbd7e4ba9a)
[0m15:08:45.178052 [debug] [Thread-1 (]: Re-using an available connection from the pool (formerly test.dbt_marketing_analytics.source_not_null_raw_campaigns_nome_campanha.ed69937617, now test.dbt_marketing_analytics.source_not_null_raw_conversions_lead_id.e09501a08d)
[0m15:08:45.178503 [debug] [Thread-3 (]: On test.dbt_marketing_analytics.source_not_null_raw_campaigns_orcamento.bd51cb03cf: /* {"app": "dbt", "dbt_version": "1.11.8", "profile_name": "dbt_marketing_analytics", "target_name": "dev", "node_id": "test.dbt_marketing_analytics.source_not_null_raw_campaigns_orcamento.bd51cb03cf"} */

    
    select
      count(*) as failures,
      count(*) != 0 as should_warn,
      count(*) != 0 as should_error
    from (
      
    
  
    
    



select orcamento
from "dw_analytics"."raw"."campaigns"
where orcamento is null



  
  
      
    ) dbt_internal_test
[0m15:08:45.178929 [debug] [Thread-4 (]: Began compiling node test.dbt_marketing_analytics.source_not_null_raw_conversions_conversion_id.8661fdb918
[0m15:08:45.179291 [debug] [Thread-2 (]: Began compiling node test.dbt_marketing_analytics.source_not_null_raw_conversions_converted_at.fbd7e4ba9a
[0m15:08:45.179658 [debug] [Thread-1 (]: Began compiling node test.dbt_marketing_analytics.source_not_null_raw_conversions_lead_id.e09501a08d
[0m15:08:45.180030 [debug] [Thread-3 (]: Opening a new connection, currently in state closed
[0m15:08:45.183417 [debug] [Thread-4 (]: Writing injected SQL for node "test.dbt_marketing_analytics.source_not_null_raw_conversions_conversion_id.8661fdb918"
[0m15:08:45.186571 [debug] [Thread-2 (]: Writing injected SQL for node "test.dbt_marketing_analytics.source_not_null_raw_conversions_converted_at.fbd7e4ba9a"
[0m15:08:45.189581 [debug] [Thread-1 (]: Writing injected SQL for node "test.dbt_marketing_analytics.source_not_null_raw_conversions_lead_id.e09501a08d"
[0m15:08:45.190404 [debug] [Thread-2 (]: Began executing node test.dbt_marketing_analytics.source_not_null_raw_conversions_converted_at.fbd7e4ba9a
[0m15:08:45.192238 [debug] [Thread-2 (]: Writing runtime sql for node "test.dbt_marketing_analytics.source_not_null_raw_conversions_converted_at.fbd7e4ba9a"
[0m15:08:45.192766 [debug] [Thread-4 (]: Began executing node test.dbt_marketing_analytics.source_not_null_raw_conversions_conversion_id.8661fdb918
[0m15:08:45.193204 [debug] [Thread-1 (]: Began executing node test.dbt_marketing_analytics.source_not_null_raw_conversions_lead_id.e09501a08d
[0m15:08:45.194916 [debug] [Thread-4 (]: Writing runtime sql for node "test.dbt_marketing_analytics.source_not_null_raw_conversions_conversion_id.8661fdb918"
[0m15:08:45.195491 [debug] [Thread-2 (]: Using postgres connection "test.dbt_marketing_analytics.source_not_null_raw_conversions_converted_at.fbd7e4ba9a"
[0m15:08:45.197333 [debug] [Thread-1 (]: Writing runtime sql for node "test.dbt_marketing_analytics.source_not_null_raw_conversions_lead_id.e09501a08d"
[0m15:08:45.197720 [debug] [Thread-3 (]: SQL status: SELECT 1 in 0.018 seconds
[0m15:08:45.198202 [debug] [Thread-2 (]: On test.dbt_marketing_analytics.source_not_null_raw_conversions_converted_at.fbd7e4ba9a: /* {"app": "dbt", "dbt_version": "1.11.8", "profile_name": "dbt_marketing_analytics", "target_name": "dev", "node_id": "test.dbt_marketing_analytics.source_not_null_raw_conversions_converted_at.fbd7e4ba9a"} */

    
    select
      count(*) as failures,
      count(*) != 0 as should_warn,
      count(*) != 0 as should_error
    from (
      
    
  
    
    



select converted_at
from "dw_analytics"."raw"."conversions"
where converted_at is null



  
  
      
    ) dbt_internal_test
[0m15:08:45.199607 [debug] [Thread-3 (]: On test.dbt_marketing_analytics.source_not_null_raw_campaigns_orcamento.bd51cb03cf: ROLLBACK
[0m15:08:45.200026 [debug] [Thread-1 (]: Using postgres connection "test.dbt_marketing_analytics.source_not_null_raw_conversions_lead_id.e09501a08d"
[0m15:08:45.200429 [debug] [Thread-4 (]: Using postgres connection "test.dbt_marketing_analytics.source_not_null_raw_conversions_conversion_id.8661fdb918"
[0m15:08:45.200919 [debug] [Thread-2 (]: Opening a new connection, currently in state closed
[0m15:08:45.201435 [debug] [Thread-1 (]: On test.dbt_marketing_analytics.source_not_null_raw_conversions_lead_id.e09501a08d: /* {"app": "dbt", "dbt_version": "1.11.8", "profile_name": "dbt_marketing_analytics", "target_name": "dev", "node_id": "test.dbt_marketing_analytics.source_not_null_raw_conversions_lead_id.e09501a08d"} */

    
    select
      count(*) as failures,
      count(*) != 0 as should_warn,
      count(*) != 0 as should_error
    from (
      
    
  
    
    



select lead_id
from "dw_analytics"."raw"."conversions"
where lead_id is null



  
  
      
    ) dbt_internal_test
[0m15:08:45.201812 [debug] [Thread-3 (]: On test.dbt_marketing_analytics.source_not_null_raw_campaigns_orcamento.bd51cb03cf: Close
[0m15:08:45.202172 [debug] [Thread-4 (]: On test.dbt_marketing_analytics.source_not_null_raw_conversions_conversion_id.8661fdb918: /* {"app": "dbt", "dbt_version": "1.11.8", "profile_name": "dbt_marketing_analytics", "target_name": "dev", "node_id": "test.dbt_marketing_analytics.source_not_null_raw_conversions_conversion_id.8661fdb918"} */

    
    select
      count(*) as failures,
      count(*) != 0 as should_warn,
      count(*) != 0 as should_error
    from (
      
    
  
    
    



select conversion_id
from "dw_analytics"."raw"."conversions"
where conversion_id is null



  
  
      
    ) dbt_internal_test
[0m15:08:45.202657 [debug] [Thread-1 (]: Opening a new connection, currently in state closed
[0m15:08:45.203093 [debug] [Thread-4 (]: Opening a new connection, currently in state closed
[0m15:08:45.203768 [info ] [Thread-3 (]: 8 of 17 PASS source_not_null_raw_campaigns_orcamento ........................... [[32mPASS[0m in 0.04s]
[0m15:08:45.204641 [debug] [Thread-3 (]: Finished running node test.dbt_marketing_analytics.source_not_null_raw_campaigns_orcamento.bd51cb03cf
[0m15:08:45.205122 [debug] [Thread-3 (]: Began running node test.dbt_marketing_analytics.source_not_null_raw_conversions_revenue.8dfadc03f5
[0m15:08:45.205838 [info ] [Thread-3 (]: 12 of 17 START test source_not_null_raw_conversions_revenue .................... [RUN]
[0m15:08:45.206358 [debug] [Thread-3 (]: Re-using an available connection from the pool (formerly test.dbt_marketing_analytics.source_not_null_raw_campaigns_orcamento.bd51cb03cf, now test.dbt_marketing_analytics.source_not_null_raw_conversions_revenue.8dfadc03f5)
[0m15:08:45.206781 [debug] [Thread-3 (]: Began compiling node test.dbt_marketing_analytics.source_not_null_raw_conversions_revenue.8dfadc03f5
[0m15:08:45.210156 [debug] [Thread-3 (]: Writing injected SQL for node "test.dbt_marketing_analytics.source_not_null_raw_conversions_revenue.8dfadc03f5"
[0m15:08:45.210878 [debug] [Thread-2 (]: SQL status: SELECT 1 in 0.010 seconds
[0m15:08:45.211257 [debug] [Thread-3 (]: Began executing node test.dbt_marketing_analytics.source_not_null_raw_conversions_revenue.8dfadc03f5
[0m15:08:45.212473 [debug] [Thread-2 (]: On test.dbt_marketing_analytics.source_not_null_raw_conversions_converted_at.fbd7e4ba9a: ROLLBACK
[0m15:08:45.216112 [debug] [Thread-3 (]: Writing runtime sql for node "test.dbt_marketing_analytics.source_not_null_raw_conversions_revenue.8dfadc03f5"
[0m15:08:45.216550 [debug] [Thread-1 (]: SQL status: SELECT 1 in 0.014 seconds
[0m15:08:45.216928 [debug] [Thread-4 (]: SQL status: SELECT 1 in 0.014 seconds
[0m15:08:45.218187 [debug] [Thread-1 (]: On test.dbt_marketing_analytics.source_not_null_raw_conversions_lead_id.e09501a08d: ROLLBACK
[0m15:08:45.218572 [debug] [Thread-2 (]: On test.dbt_marketing_analytics.source_not_null_raw_conversions_converted_at.fbd7e4ba9a: Close
[0m15:08:45.219747 [debug] [Thread-4 (]: On test.dbt_marketing_analytics.source_not_null_raw_conversions_conversion_id.8661fdb918: ROLLBACK
[0m15:08:45.220353 [debug] [Thread-3 (]: Using postgres connection "test.dbt_marketing_analytics.source_not_null_raw_conversions_revenue.8dfadc03f5"
[0m15:08:45.220846 [debug] [Thread-1 (]: On test.dbt_marketing_analytics.source_not_null_raw_conversions_lead_id.e09501a08d: Close
[0m15:08:45.221548 [info ] [Thread-2 (]: 10 of 17 PASS source_not_null_raw_conversions_converted_at ..................... [[32mPASS[0m in 0.04s]
[0m15:08:45.221976 [debug] [Thread-4 (]: On test.dbt_marketing_analytics.source_not_null_raw_conversions_conversion_id.8661fdb918: Close
[0m15:08:45.222331 [debug] [Thread-3 (]: On test.dbt_marketing_analytics.source_not_null_raw_conversions_revenue.8dfadc03f5: /* {"app": "dbt", "dbt_version": "1.11.8", "profile_name": "dbt_marketing_analytics", "target_name": "dev", "node_id": "test.dbt_marketing_analytics.source_not_null_raw_conversions_revenue.8dfadc03f5"} */

    
    select
      count(*) as failures,
      count(*) != 0 as should_warn,
      count(*) != 0 as should_error
    from (
      
    
  
    
    



select revenue
from "dw_analytics"."raw"."conversions"
where revenue is null



  
  
      
    ) dbt_internal_test
[0m15:08:45.222938 [debug] [Thread-2 (]: Finished running node test.dbt_marketing_analytics.source_not_null_raw_conversions_converted_at.fbd7e4ba9a
[0m15:08:45.223419 [info ] [Thread-1 (]: 11 of 17 PASS source_not_null_raw_conversions_lead_id .......................... [[32mPASS[0m in 0.05s]
[0m15:08:45.223822 [debug] [Thread-3 (]: Opening a new connection, currently in state closed
[0m15:08:45.224351 [info ] [Thread-4 (]: 9 of 17 PASS source_not_null_raw_conversions_conversion_id ..................... [[32mPASS[0m in 0.05s]
[0m15:08:45.224890 [debug] [Thread-2 (]: Began running node test.dbt_marketing_analytics.source_not_null_raw_leads_campaign_id.965c1a6aab
[0m15:08:45.225524 [debug] [Thread-1 (]: Finished running node test.dbt_marketing_analytics.source_not_null_raw_conversions_lead_id.e09501a08d
[0m15:08:45.226117 [debug] [Thread-4 (]: Finished running node test.dbt_marketing_analytics.source_not_null_raw_conversions_conversion_id.8661fdb918
[0m15:08:45.226552 [info ] [Thread-2 (]: 13 of 17 START test source_not_null_raw_leads_campaign_id ...................... [RUN]
[0m15:08:45.226979 [debug] [Thread-1 (]: Began running node test.dbt_marketing_analytics.source_not_null_raw_leads_lead_id.aa27196f97
[0m15:08:45.227582 [debug] [Thread-4 (]: Began running node test.dbt_marketing_analytics.source_unique_raw_campaigns_campaign_id.3089140b0c
[0m15:08:45.228110 [debug] [Thread-2 (]: Re-using an available connection from the pool (formerly test.dbt_marketing_analytics.source_not_null_raw_conversions_converted_at.fbd7e4ba9a, now test.dbt_marketing_analytics.source_not_null_raw_leads_campaign_id.965c1a6aab)
[0m15:08:45.228616 [info ] [Thread-1 (]: 14 of 17 START test source_not_null_raw_leads_lead_id .......................... [RUN]
[0m15:08:45.229068 [info ] [Thread-4 (]: 15 of 17 START test source_unique_raw_campaigns_campaign_id .................... [RUN]
[0m15:08:45.229616 [debug] [Thread-2 (]: Began compiling node test.dbt_marketing_analytics.source_not_null_raw_leads_campaign_id.965c1a6aab
[0m15:08:45.230087 [debug] [Thread-1 (]: Re-using an available connection from the pool (formerly test.dbt_marketing_analytics.source_not_null_raw_conversions_lead_id.e09501a08d, now test.dbt_marketing_analytics.source_not_null_raw_leads_lead_id.aa27196f97)
[0m15:08:45.230538 [debug] [Thread-4 (]: Re-using an available connection from the pool (formerly test.dbt_marketing_analytics.source_not_null_raw_conversions_conversion_id.8661fdb918, now test.dbt_marketing_analytics.source_unique_raw_campaigns_campaign_id.3089140b0c)
[0m15:08:45.233884 [debug] [Thread-2 (]: Writing injected SQL for node "test.dbt_marketing_analytics.source_not_null_raw_leads_campaign_id.965c1a6aab"
[0m15:08:45.234334 [debug] [Thread-3 (]: SQL status: SELECT 1 in 0.010 seconds
[0m15:08:45.234743 [debug] [Thread-1 (]: Began compiling node test.dbt_marketing_analytics.source_not_null_raw_leads_lead_id.aa27196f97
[0m15:08:45.235145 [debug] [Thread-4 (]: Began compiling node test.dbt_marketing_analytics.source_unique_raw_campaigns_campaign_id.3089140b0c
[0m15:08:45.236701 [debug] [Thread-3 (]: On test.dbt_marketing_analytics.source_not_null_raw_conversions_revenue.8dfadc03f5: ROLLBACK
[0m15:08:45.240049 [debug] [Thread-1 (]: Writing injected SQL for node "test.dbt_marketing_analytics.source_not_null_raw_leads_lead_id.aa27196f97"
[0m15:08:45.240505 [debug] [Thread-2 (]: Began executing node test.dbt_marketing_analytics.source_not_null_raw_leads_campaign_id.965c1a6aab
[0m15:08:45.246010 [debug] [Thread-4 (]: Writing injected SQL for node "test.dbt_marketing_analytics.source_unique_raw_campaigns_campaign_id.3089140b0c"
[0m15:08:45.248650 [debug] [Thread-2 (]: Writing runtime sql for node "test.dbt_marketing_analytics.source_not_null_raw_leads_campaign_id.965c1a6aab"
[0m15:08:45.249108 [debug] [Thread-3 (]: On test.dbt_marketing_analytics.source_not_null_raw_conversions_revenue.8dfadc03f5: Close
[0m15:08:45.249767 [debug] [Thread-1 (]: Began executing node test.dbt_marketing_analytics.source_not_null_raw_leads_lead_id.aa27196f97
[0m15:08:45.250150 [debug] [Thread-4 (]: Began executing node test.dbt_marketing_analytics.source_unique_raw_campaigns_campaign_id.3089140b0c
[0m15:08:45.250629 [debug] [Thread-2 (]: Using postgres connection "test.dbt_marketing_analytics.source_not_null_raw_leads_campaign_id.965c1a6aab"
[0m15:08:45.252861 [debug] [Thread-1 (]: Writing runtime sql for node "test.dbt_marketing_analytics.source_not_null_raw_leads_lead_id.aa27196f97"
[0m15:08:45.253356 [info ] [Thread-3 (]: 12 of 17 PASS source_not_null_raw_conversions_revenue .......................... [[32mPASS[0m in 0.05s]
[0m15:08:45.255245 [debug] [Thread-4 (]: Writing runtime sql for node "test.dbt_marketing_analytics.source_unique_raw_campaigns_campaign_id.3089140b0c"
[0m15:08:45.255665 [debug] [Thread-2 (]: On test.dbt_marketing_analytics.source_not_null_raw_leads_campaign_id.965c1a6aab: /* {"app": "dbt", "dbt_version": "1.11.8", "profile_name": "dbt_marketing_analytics", "target_name": "dev", "node_id": "test.dbt_marketing_analytics.source_not_null_raw_leads_campaign_id.965c1a6aab"} */

    
    select
      count(*) as failures,
      count(*) != 0 as should_warn,
      count(*) != 0 as should_error
    from (
      
    
  
    
    



select campaign_id
from "dw_analytics"."raw"."leads"
where campaign_id is null



  
  
      
    ) dbt_internal_test
[0m15:08:45.256290 [debug] [Thread-3 (]: Finished running node test.dbt_marketing_analytics.source_not_null_raw_conversions_revenue.8dfadc03f5
[0m15:08:45.256872 [debug] [Thread-1 (]: Using postgres connection "test.dbt_marketing_analytics.source_not_null_raw_leads_lead_id.aa27196f97"
[0m15:08:45.257295 [debug] [Thread-4 (]: Using postgres connection "test.dbt_marketing_analytics.source_unique_raw_campaigns_campaign_id.3089140b0c"
[0m15:08:45.257753 [debug] [Thread-2 (]: Opening a new connection, currently in state closed
[0m15:08:45.258165 [debug] [Thread-3 (]: Began running node test.dbt_marketing_analytics.source_unique_raw_conversions_conversion_id.fdec9c1f53
[0m15:08:45.258676 [debug] [Thread-1 (]: On test.dbt_marketing_analytics.source_not_null_raw_leads_lead_id.aa27196f97: /* {"app": "dbt", "dbt_version": "1.11.8", "profile_name": "dbt_marketing_analytics", "target_name": "dev", "node_id": "test.dbt_marketing_analytics.source_not_null_raw_leads_lead_id.aa27196f97"} */

    
    select
      count(*) as failures,
      count(*) != 0 as should_warn,
      count(*) != 0 as should_error
    from (
      
    
  
    
    



select lead_id
from "dw_analytics"."raw"."leads"
where lead_id is null



  
  
      
    ) dbt_internal_test
[0m15:08:45.259050 [debug] [Thread-4 (]: On test.dbt_marketing_analytics.source_unique_raw_campaigns_campaign_id.3089140b0c: /* {"app": "dbt", "dbt_version": "1.11.8", "profile_name": "dbt_marketing_analytics", "target_name": "dev", "node_id": "test.dbt_marketing_analytics.source_unique_raw_campaigns_campaign_id.3089140b0c"} */

    
    select
      count(*) as failures,
      count(*) != 0 as should_warn,
      count(*) != 0 as should_error
    from (
      
    
  
    
    

select
    campaign_id as unique_field,
    count(*) as n_records

from "dw_analytics"."raw"."campaigns"
where campaign_id is not null
group by campaign_id
having count(*) > 1



  
  
      
    ) dbt_internal_test
[0m15:08:45.259647 [info ] [Thread-3 (]: 16 of 17 START test source_unique_raw_conversions_conversion_id ................ [RUN]
[0m15:08:45.260199 [debug] [Thread-1 (]: Opening a new connection, currently in state closed
[0m15:08:45.260573 [debug] [Thread-4 (]: Opening a new connection, currently in state closed
[0m15:08:45.260984 [debug] [Thread-3 (]: Re-using an available connection from the pool (formerly test.dbt_marketing_analytics.source_not_null_raw_conversions_revenue.8dfadc03f5, now test.dbt_marketing_analytics.source_unique_raw_conversions_conversion_id.fdec9c1f53)
[0m15:08:45.261627 [debug] [Thread-3 (]: Began compiling node test.dbt_marketing_analytics.source_unique_raw_conversions_conversion_id.fdec9c1f53
[0m15:08:45.264739 [debug] [Thread-3 (]: Writing injected SQL for node "test.dbt_marketing_analytics.source_unique_raw_conversions_conversion_id.fdec9c1f53"
[0m15:08:45.265530 [debug] [Thread-3 (]: Began executing node test.dbt_marketing_analytics.source_unique_raw_conversions_conversion_id.fdec9c1f53
[0m15:08:45.267718 [debug] [Thread-3 (]: Writing runtime sql for node "test.dbt_marketing_analytics.source_unique_raw_conversions_conversion_id.fdec9c1f53"
[0m15:08:45.268398 [debug] [Thread-3 (]: Using postgres connection "test.dbt_marketing_analytics.source_unique_raw_conversions_conversion_id.fdec9c1f53"
[0m15:08:45.268781 [debug] [Thread-3 (]: On test.dbt_marketing_analytics.source_unique_raw_conversions_conversion_id.fdec9c1f53: /* {"app": "dbt", "dbt_version": "1.11.8", "profile_name": "dbt_marketing_analytics", "target_name": "dev", "node_id": "test.dbt_marketing_analytics.source_unique_raw_conversions_conversion_id.fdec9c1f53"} */

    
    select
      count(*) as failures,
      count(*) != 0 as should_warn,
      count(*) != 0 as should_error
    from (
      
    
  
    
    

select
    conversion_id as unique_field,
    count(*) as n_records

from "dw_analytics"."raw"."conversions"
where conversion_id is not null
group by conversion_id
having count(*) > 1



  
  
      
    ) dbt_internal_test
[0m15:08:45.269148 [debug] [Thread-3 (]: Opening a new connection, currently in state closed
[0m15:08:45.269530 [debug] [Thread-4 (]: SQL status: SELECT 1 in 0.009 seconds
[0m15:08:45.271126 [debug] [Thread-4 (]: On test.dbt_marketing_analytics.source_unique_raw_campaigns_campaign_id.3089140b0c: ROLLBACK
[0m15:08:45.271754 [debug] [Thread-4 (]: On test.dbt_marketing_analytics.source_unique_raw_campaigns_campaign_id.3089140b0c: Close
[0m15:08:45.272389 [info ] [Thread-4 (]: 15 of 17 PASS source_unique_raw_campaigns_campaign_id .......................... [[32mPASS[0m in 0.04s]
[0m15:08:45.272924 [debug] [Thread-4 (]: Finished running node test.dbt_marketing_analytics.source_unique_raw_campaigns_campaign_id.3089140b0c
[0m15:08:45.273336 [debug] [Thread-4 (]: Began running node test.dbt_marketing_analytics.source_unique_raw_leads_lead_id.78d3beacd0
[0m15:08:45.273771 [info ] [Thread-4 (]: 17 of 17 START test source_unique_raw_leads_lead_id ............................ [RUN]
[0m15:08:45.274243 [debug] [Thread-4 (]: Re-using an available connection from the pool (formerly test.dbt_marketing_analytics.source_unique_raw_campaigns_campaign_id.3089140b0c, now test.dbt_marketing_analytics.source_unique_raw_leads_lead_id.78d3beacd0)
[0m15:08:45.274594 [debug] [Thread-4 (]: Began compiling node test.dbt_marketing_analytics.source_unique_raw_leads_lead_id.78d3beacd0
[0m15:08:45.278105 [debug] [Thread-4 (]: Writing injected SQL for node "test.dbt_marketing_analytics.source_unique_raw_leads_lead_id.78d3beacd0"
[0m15:08:45.278621 [debug] [Thread-3 (]: SQL status: SELECT 1 in 0.009 seconds
[0m15:08:45.279933 [debug] [Thread-3 (]: On test.dbt_marketing_analytics.source_unique_raw_conversions_conversion_id.fdec9c1f53: ROLLBACK
[0m15:08:45.280432 [debug] [Thread-4 (]: Began executing node test.dbt_marketing_analytics.source_unique_raw_leads_lead_id.78d3beacd0
[0m15:08:45.280919 [debug] [Thread-3 (]: On test.dbt_marketing_analytics.source_unique_raw_conversions_conversion_id.fdec9c1f53: Close
[0m15:08:45.283720 [debug] [Thread-4 (]: Writing runtime sql for node "test.dbt_marketing_analytics.source_unique_raw_leads_lead_id.78d3beacd0"
[0m15:08:45.284617 [info ] [Thread-3 (]: 16 of 17 PASS source_unique_raw_conversions_conversion_id ...................... [[32mPASS[0m in 0.02s]
[0m15:08:45.285249 [debug] [Thread-3 (]: Finished running node test.dbt_marketing_analytics.source_unique_raw_conversions_conversion_id.fdec9c1f53
[0m15:08:45.285723 [debug] [Thread-2 (]: SQL status: SELECT 1 in 0.028 seconds
[0m15:08:45.286115 [debug] [Thread-1 (]: SQL status: SELECT 1 in 0.026 seconds
[0m15:08:45.289123 [debug] [Thread-2 (]: On test.dbt_marketing_analytics.source_not_null_raw_leads_campaign_id.965c1a6aab: ROLLBACK
[0m15:08:45.289598 [debug] [Thread-4 (]: Using postgres connection "test.dbt_marketing_analytics.source_unique_raw_leads_lead_id.78d3beacd0"
[0m15:08:45.290724 [debug] [Thread-1 (]: On test.dbt_marketing_analytics.source_not_null_raw_leads_lead_id.aa27196f97: ROLLBACK
[0m15:08:45.291178 [debug] [Thread-4 (]: On test.dbt_marketing_analytics.source_unique_raw_leads_lead_id.78d3beacd0: /* {"app": "dbt", "dbt_version": "1.11.8", "profile_name": "dbt_marketing_analytics", "target_name": "dev", "node_id": "test.dbt_marketing_analytics.source_unique_raw_leads_lead_id.78d3beacd0"} */

    
    select
      count(*) as failures,
      count(*) != 0 as should_warn,
      count(*) != 0 as should_error
    from (
      
    
  
    
    

select
    lead_id as unique_field,
    count(*) as n_records

from "dw_analytics"."raw"."leads"
where lead_id is not null
group by lead_id
having count(*) > 1



  
  
      
    ) dbt_internal_test
[0m15:08:45.291571 [debug] [Thread-2 (]: On test.dbt_marketing_analytics.source_not_null_raw_leads_campaign_id.965c1a6aab: Close
[0m15:08:45.291948 [debug] [Thread-4 (]: Opening a new connection, currently in state closed
[0m15:08:45.292285 [debug] [Thread-1 (]: On test.dbt_marketing_analytics.source_not_null_raw_leads_lead_id.aa27196f97: Close
[0m15:08:45.292877 [info ] [Thread-2 (]: 13 of 17 PASS source_not_null_raw_leads_campaign_id ............................ [[32mPASS[0m in 0.06s]
[0m15:08:45.293498 [debug] [Thread-2 (]: Finished running node test.dbt_marketing_analytics.source_not_null_raw_leads_campaign_id.965c1a6aab
[0m15:08:45.293963 [info ] [Thread-1 (]: 14 of 17 PASS source_not_null_raw_leads_lead_id ................................ [[32mPASS[0m in 0.06s]
[0m15:08:45.294749 [debug] [Thread-1 (]: Finished running node test.dbt_marketing_analytics.source_not_null_raw_leads_lead_id.aa27196f97
[0m15:08:45.314283 [debug] [Thread-4 (]: SQL status: SELECT 1 in 0.022 seconds
[0m15:08:45.315722 [debug] [Thread-4 (]: On test.dbt_marketing_analytics.source_unique_raw_leads_lead_id.78d3beacd0: ROLLBACK
[0m15:08:45.316376 [debug] [Thread-4 (]: On test.dbt_marketing_analytics.source_unique_raw_leads_lead_id.78d3beacd0: Close
[0m15:08:45.317073 [info ] [Thread-4 (]: 17 of 17 PASS source_unique_raw_leads_lead_id .................................. [[32mPASS[0m in 0.04s]
[0m15:08:45.317743 [debug] [Thread-4 (]: Finished running node test.dbt_marketing_analytics.source_unique_raw_leads_lead_id.78d3beacd0
[0m15:08:45.319000 [debug] [MainThread]: On master: COMMIT
[0m15:08:45.319366 [debug] [MainThread]: Using postgres connection "master"
[0m15:08:45.319695 [debug] [MainThread]: On master: COMMIT
[0m15:08:45.319979 [debug] [MainThread]: Opening a new connection, currently in state closed
[0m15:08:45.324473 [debug] [MainThread]: SQL status: COMMIT in 0.004 seconds
[0m15:08:45.324897 [debug] [MainThread]: On master: Close
[0m15:08:45.325442 [debug] [MainThread]: Connection 'master' was properly closed.
[0m15:08:45.325732 [debug] [MainThread]: Connection 'test.dbt_marketing_analytics.source_not_null_raw_leads_lead_id.aa27196f97' was properly closed.
[0m15:08:45.325998 [debug] [MainThread]: Connection 'test.dbt_marketing_analytics.source_not_null_raw_leads_campaign_id.965c1a6aab' was properly closed.
[0m15:08:45.326251 [debug] [MainThread]: Connection 'test.dbt_marketing_analytics.source_unique_raw_conversions_conversion_id.fdec9c1f53' was properly closed.
[0m15:08:45.326518 [debug] [MainThread]: Connection 'test.dbt_marketing_analytics.source_unique_raw_leads_lead_id.78d3beacd0' was properly closed.
[0m15:08:45.326832 [info ] [MainThread]: 
[0m15:08:45.327155 [info ] [MainThread]: Finished running 17 data tests in 0 hours 0 minutes and 0.46 seconds (0.46s).
[0m15:08:45.329588 [debug] [MainThread]: Command end result
[0m15:08:45.355091 [debug] [MainThread]: Wrote artifact WritableManifest to /home/murilo/Área de trabalho/dbt-analytics-project/dbt_marketing_analytics/target/manifest.json
[0m15:08:45.356780 [debug] [MainThread]: Wrote artifact SemanticManifest to /home/murilo/Área de trabalho/dbt-analytics-project/dbt_marketing_analytics/target/semantic_manifest.json
[0m15:08:45.362807 [debug] [MainThread]: Wrote artifact RunExecutionResult to /home/murilo/Área de trabalho/dbt-analytics-project/dbt_marketing_analytics/target/run_results.json
[0m15:08:45.363160 [info ] [MainThread]: 
[0m15:08:45.363542 [info ] [MainThread]: [31mCompleted with 1 error, 0 partial successes, and 0 warnings:[0m
[0m15:08:45.363872 [info ] [MainThread]: 
[0m15:08:45.364256 [error] [MainThread]: [31mFailure in test source_accepted_values_raw_leads_campaign_id__google__meta__linkedin (models/sources.yml)[0m
[0m15:08:45.364730 [error] [MainThread]:   Database Error in test source_accepted_values_raw_leads_campaign_id__google__meta__linkedin (models/sources.yml)
  invalid input syntax for type integer: "google"
  LINE 29:     'google','meta','linkedin'
               ^
  compiled code at target/run/dbt_marketing_analytics/models/sources.yml/source_accepted_values_raw_lea_4caee098809e11da450059029a3fc2fa.sql
[0m15:08:45.365123 [info ] [MainThread]: 
[0m15:08:45.365494 [info ] [MainThread]:   compiled code at target/compiled/dbt_marketing_analytics/models/sources.yml/source_accepted_values_raw_lea_4caee098809e11da450059029a3fc2fa.sql
[0m15:08:45.365793 [info ] [MainThread]: 
[0m15:08:45.366100 [info ] [MainThread]: Done. PASS=16 WARN=0 ERROR=1 SKIP=0 NO-OP=0 TOTAL=17
[0m15:08:45.366901 [debug] [MainThread]: Resource report: {"command_name": "test", "command_success": false, "command_wall_clock_time": 1.0088059, "process_in_blocks": "296", "process_kernel_time": 0.22323, "process_mem_max_rss": "130900", "process_out_blocks": "3032", "process_user_time": 1.888947}
[0m15:08:45.367306 [debug] [MainThread]: Command `dbt test` failed at 15:08:45.367226 after 1.01 seconds
[0m15:08:45.367663 [debug] [MainThread]: Sending event: {'category': 'dbt', 'action': 'invocation', 'label': 'end', 'context': [<snowplow_tracker.self_describing_json.SelfDescribingJson object at 0x7f51890cff50>, <snowplow_tracker.self_describing_json.SelfDescribingJson object at 0x7f518a5adee0>, <snowplow_tracker.self_describing_json.SelfDescribingJson object at 0x7f5185150a10>]}
[0m15:08:45.367995 [debug] [MainThread]: Flushing usage events
[0m15:08:45.991644 [debug] [MainThread]: An error was encountered while trying to flush usage events
[0m15:18:49.189205 [debug] [MainThread]: Sending event: {'category': 'dbt', 'action': 'invocation', 'label': 'start', 'context': [<snowplow_tracker.self_describing_json.SelfDescribingJson object at 0x7f19dbbeda00>, <snowplow_tracker.self_describing_json.SelfDescribingJson object at 0x7f19dcd956d0>, <snowplow_tracker.self_describing_json.SelfDescribingJson object at 0x7f19dbbedaf0>]}


============================== 15:18:49.192120 | 6ca9dbfc-5231-4e36-81fb-5a91d4c94ada ==============================
[0m15:18:49.192120 [info ] [MainThread]: Running with dbt=1.11.8
[0m15:18:49.192659 [debug] [MainThread]: running dbt with arguments {'warn_error_options': 'WarnErrorOptionsV2(error=[], warn=[], silence=[])', 'log_cache_events': 'False', 'use_colors': 'True', 'debug': 'False', 'send_anonymous_usage_stats': 'True', 'empty': 'None', 'warn_error': 'None', 'use_experimental_parser': 'False', 'log_format': 'default', 'partial_parse': 'True', 'cache_selected_only': 'False', 'invocation_command': 'dbt test --select source:raw', 'quiet': 'False', 'write_json': 'True', 'introspect': 'True', 'static_parser': 'True', 'fail_fast': 'False', 'version_check': 'True', 'no_print': 'None', 'log_path': '/home/murilo/Área de trabalho/dbt-analytics-project/dbt_marketing_analytics/logs', 'target_path': 'None', 'profiles_dir': '/home/murilo/.dbt', 'indirect_selection': 'eager', 'printer_width': '80'}
[0m15:18:49.315221 [debug] [MainThread]: Sending event: {'category': 'dbt', 'action': 'project_id', 'label': '6ca9dbfc-5231-4e36-81fb-5a91d4c94ada', 'context': [<snowplow_tracker.self_describing_json.SelfDescribingJson object at 0x7f19dc375040>]}
[0m15:18:49.365220 [debug] [MainThread]: Sending event: {'category': 'dbt', 'action': 'adapter_info', 'label': '6ca9dbfc-5231-4e36-81fb-5a91d4c94ada', 'context': [<snowplow_tracker.self_describing_json.SelfDescribingJson object at 0x7f19dc69fe00>]}
[0m15:18:49.365963 [info ] [MainThread]: Registered adapter: postgres=1.10.0
[0m15:18:49.447142 [debug] [MainThread]: checksum: 7d524ac048c2100769df89d592e662e060a73ca564e31bd9c2a37efdfe8d8ab6, vars: {}, profile: , target: , version: 1.11.8
[0m15:18:49.541906 [debug] [MainThread]: Partial parsing enabled: 0 files deleted, 0 files added, 1 files changed.
[0m15:18:49.542695 [debug] [MainThread]: Partial parsing: updated file: dbt_marketing_analytics://models/sources.yml
[0m15:18:49.621980 [error] [MainThread]: Encountered an error:
Compilation Error
  dbt found two sources with the name "raw_campaigns".
  
  Since these resources have the same name, dbt will be unable to find the correct resource
  when looking for source("raw", "campaigns").
  
  To fix this, change the name of one of these resources:
  - source.dbt_marketing_analytics.raw.campaigns (models/sources.yml)
  - source.dbt_marketing_analytics.raw.campaigns (models/sources.yml)
[0m15:18:49.622922 [debug] [MainThread]: Resource report: {"command_name": "test", "command_success": false, "command_wall_clock_time": 0.47784492, "process_in_blocks": "0", "process_kernel_time": 0.175647, "process_mem_max_rss": "117996", "process_out_blocks": "16", "process_user_time": 1.438112}
[0m15:18:49.623378 [debug] [MainThread]: Command `dbt test` failed at 15:18:49.623279 after 0.48 seconds
[0m15:18:49.623732 [debug] [MainThread]: Sending event: {'category': 'dbt', 'action': 'invocation', 'label': 'end', 'context': [<snowplow_tracker.self_describing_json.SelfDescribingJson object at 0x7f19dc8c13a0>, <snowplow_tracker.self_describing_json.SelfDescribingJson object at 0x7f19db38aa80>, <snowplow_tracker.self_describing_json.SelfDescribingJson object at 0x7f19daf267e0>]}
[0m15:18:49.624066 [debug] [MainThread]: Flushing usage events
[0m15:18:50.232925 [debug] [MainThread]: An error was encountered while trying to flush usage events
[0m15:20:22.195427 [debug] [MainThread]: Sending event: {'category': 'dbt', 'action': 'invocation', 'label': 'start', 'context': [<snowplow_tracker.self_describing_json.SelfDescribingJson object at 0x7f20f28b36e0>, <snowplow_tracker.self_describing_json.SelfDescribingJson object at 0x7f20f2bab3b0>, <snowplow_tracker.self_describing_json.SelfDescribingJson object at 0x7f20f21701d0>]}


============================== 15:20:22.198235 | 884f80b7-efdb-44b2-8590-c7aff17ac712 ==============================
[0m15:20:22.198235 [info ] [MainThread]: Running with dbt=1.11.8
[0m15:20:22.198768 [debug] [MainThread]: running dbt with arguments {'static_parser': 'True', 'fail_fast': 'False', 'target_path': 'None', 'quiet': 'False', 'warn_error_options': 'WarnErrorOptionsV2(error=[], warn=[], silence=[])', 'invocation_command': 'dbt test --select source:raw', 'use_colors': 'True', 'introspect': 'True', 'use_experimental_parser': 'False', 'empty': 'None', 'log_path': '/home/murilo/Área de trabalho/dbt-analytics-project/dbt_marketing_analytics/logs', 'log_cache_events': 'False', 'warn_error': 'None', 'cache_selected_only': 'False', 'log_format': 'default', 'no_print': 'None', 'version_check': 'True', 'write_json': 'True', 'printer_width': '80', 'send_anonymous_usage_stats': 'True', 'debug': 'False', 'indirect_selection': 'eager', 'partial_parse': 'True', 'profiles_dir': '/home/murilo/.dbt'}
[0m15:20:22.320445 [debug] [MainThread]: Sending event: {'category': 'dbt', 'action': 'project_id', 'label': '884f80b7-efdb-44b2-8590-c7aff17ac712', 'context': [<snowplow_tracker.self_describing_json.SelfDescribingJson object at 0x7f20f1afbec0>]}
[0m15:20:22.368681 [debug] [MainThread]: Sending event: {'category': 'dbt', 'action': 'adapter_info', 'label': '884f80b7-efdb-44b2-8590-c7aff17ac712', 'context': [<snowplow_tracker.self_describing_json.SelfDescribingJson object at 0x7f20f26ae3c0>]}
[0m15:20:22.369405 [info ] [MainThread]: Registered adapter: postgres=1.10.0
[0m15:20:22.448337 [debug] [MainThread]: checksum: 7d524ac048c2100769df89d592e662e060a73ca564e31bd9c2a37efdfe8d8ab6, vars: {}, profile: , target: , version: 1.11.8
[0m15:20:22.538878 [debug] [MainThread]: Partial parsing enabled: 0 files deleted, 0 files added, 1 files changed.
[0m15:20:22.539649 [debug] [MainThread]: Partial parsing: updated file: dbt_marketing_analytics://models/sources.yml
[0m15:20:22.690694 [warn ] [MainThread]: [[33mWARNING[0m][MissingArgumentsPropertyInGenericTestDeprecation]: Deprecated
functionality
Found top-level arguments to test `accepted_values` defined on 'raw_campaigns'
in package 'dbt_marketing_analytics' (models/sources.yml). Arguments to generic
tests should be nested under the `arguments` property.
[0m15:20:22.691323 [debug] [MainThread]: Sending event: {'category': 'dbt', 'action': 'deprecation', 'label': '884f80b7-efdb-44b2-8590-c7aff17ac712', 'property_': 'warn', 'context': [<snowplow_tracker.self_describing_json.SelfDescribingJson object at 0x7f20efd617c0>]}
[0m15:20:22.796407 [warn ] [MainThread]: [[33mWARNING[0m]: Configuration paths exist in your dbt_project.yml file which do not apply to any resources.
There are 2 unused configuration paths:
- models.dbt_marketing_analytics.staging
- models.dbt_marketing_analytics.marts
[0m15:20:22.804089 [debug] [MainThread]: Sending event: {'category': 'dbt', 'action': 'load_project', 'label': '884f80b7-efdb-44b2-8590-c7aff17ac712', 'context': [<snowplow_tracker.self_describing_json.SelfDescribingJson object at 0x7f20f01570b0>]}
[0m15:20:22.920460 [debug] [MainThread]: Wrote artifact WritableManifest to /home/murilo/Área de trabalho/dbt-analytics-project/dbt_marketing_analytics/target/manifest.json
[0m15:20:22.922109 [debug] [MainThread]: Wrote artifact SemanticManifest to /home/murilo/Área de trabalho/dbt-analytics-project/dbt_marketing_analytics/target/semantic_manifest.json
[0m15:20:22.936418 [debug] [MainThread]: Sending event: {'category': 'dbt', 'action': 'resource_counts', 'label': '884f80b7-efdb-44b2-8590-c7aff17ac712', 'context': [<snowplow_tracker.self_describing_json.SelfDescribingJson object at 0x7f20efd8d640>]}
[0m15:20:22.936902 [info ] [MainThread]: Found 4 seeds, 35 data tests, 4 sources, 466 macros
[0m15:20:22.937285 [debug] [MainThread]: Sending event: {'category': 'dbt', 'action': 'runnable_timing', 'label': '884f80b7-efdb-44b2-8590-c7aff17ac712', 'context': [<snowplow_tracker.self_describing_json.SelfDescribingJson object at 0x7f20f05f9280>]}
[0m15:20:22.939225 [info ] [MainThread]: 
[0m15:20:22.939632 [info ] [MainThread]: Concurrency: 4 threads (target='dev')
[0m15:20:22.939983 [info ] [MainThread]: 
[0m15:20:22.940494 [debug] [MainThread]: Acquiring new postgres connection 'master'
[0m15:20:22.943591 [debug] [ThreadPool]: Acquiring new postgres connection 'list_dw_analytics_raw'
[0m15:20:22.976609 [debug] [ThreadPool]: Using postgres connection "list_dw_analytics_raw"
[0m15:20:22.977012 [debug] [ThreadPool]: On list_dw_analytics_raw: /* {"app": "dbt", "dbt_version": "1.11.8", "profile_name": "dbt_marketing_analytics", "target_name": "dev", "connection_name": "list_dw_analytics_raw"} */
select
      'dw_analytics' as database,
      tablename as name,
      schemaname as schema,
      'table' as type
    from pg_tables
    where schemaname ilike 'raw'
    union all
    select
      'dw_analytics' as database,
      viewname as name,
      schemaname as schema,
      'view' as type
    from pg_views
    where schemaname ilike 'raw'
    union all
    select
      'dw_analytics' as database,
      matviewname as name,
      schemaname as schema,
      'materialized_view' as type
    from pg_matviews
    where schemaname ilike 'raw'
  
[0m15:20:22.977324 [debug] [ThreadPool]: Opening a new connection, currently in state init
[0m15:20:22.985188 [debug] [ThreadPool]: SQL status: SELECT 4 in 0.008 seconds
[0m15:20:22.986936 [debug] [ThreadPool]: On list_dw_analytics_raw: ROLLBACK
[0m15:20:22.987463 [debug] [ThreadPool]: On list_dw_analytics_raw: Close
[0m15:20:22.991615 [debug] [MainThread]: Using postgres connection "master"
[0m15:20:22.992023 [debug] [MainThread]: On master: /* {"app": "dbt", "dbt_version": "1.11.8", "profile_name": "dbt_marketing_analytics", "target_name": "dev", "connection_name": "master"} */
select distinct
        dependent_namespace.nspname as dependent_schema,
        dependent_class.relname as dependent_name,
        referenced_namespace.nspname as referenced_schema,
        referenced_class.relname as referenced_name

    -- Query for views: views are entries in pg_class with an entry in pg_rewrite, but we avoid
    -- a seq scan on pg_rewrite by leveraging the fact there is an "internal" row in pg_depend for
    -- the view...
    from pg_class as dependent_class
    join pg_namespace as dependent_namespace on dependent_namespace.oid = dependent_class.relnamespace
    join pg_depend as dependent_depend on dependent_depend.refobjid = dependent_class.oid
        and dependent_depend.classid = 'pg_rewrite'::regclass
        and dependent_depend.refclassid = 'pg_class'::regclass
        and dependent_depend.deptype = 'i'

    -- ... and via pg_depend (that has a row per column, hence the need for "distinct" above, and
    -- making sure to exclude the internal row to avoid a view appearing to depend on itself)...
    join pg_depend as joining_depend on joining_depend.objid = dependent_depend.objid
        and joining_depend.classid = 'pg_rewrite'::regclass
        and joining_depend.refclassid = 'pg_class'::regclass
        and joining_depend.refobjid != dependent_depend.refobjid

    -- ... we can find the tables they query from in pg_class, but excluding system tables. Note we
    -- don't need need to exclude _dependent_ system tables, because they only query from other
    -- system tables, and so are automatically excluded by excluding _referenced_ system tables
    join pg_class as referenced_class on referenced_class.oid = joining_depend.refobjid
    join pg_namespace as referenced_namespace on referenced_namespace.oid = referenced_class.relnamespace
        and referenced_namespace.nspname != 'information_schema'
        and referenced_namespace.nspname not like 'pg\_%'

    order by
        dependent_schema, dependent_name, referenced_schema, referenced_name;
[0m15:20:22.992374 [debug] [MainThread]: Opening a new connection, currently in state init
[0m15:20:22.998790 [debug] [MainThread]: SQL status: SELECT 0 in 0.006 seconds
[0m15:20:22.999881 [debug] [MainThread]: Sending event: {'category': 'dbt', 'action': 'runnable_timing', 'label': '884f80b7-efdb-44b2-8590-c7aff17ac712', 'context': [<snowplow_tracker.self_describing_json.SelfDescribingJson object at 0x7f20efd1cc50>]}
[0m15:20:23.000292 [debug] [MainThread]: On master: ROLLBACK
[0m15:20:23.000773 [debug] [MainThread]: On master: COMMIT
[0m15:20:23.001068 [debug] [MainThread]: Using postgres connection "master"
[0m15:20:23.001351 [debug] [MainThread]: On master: COMMIT
[0m15:20:23.001856 [debug] [MainThread]: SQL status: COMMIT in 0.000 seconds
[0m15:20:23.002148 [debug] [MainThread]: On master: Close
[0m15:20:23.004723 [debug] [Thread-1 (]: Began running node test.dbt_marketing_analytics.source_accepted_values_raw_ad_spend_canal__google__meta__linkedin.4f20d1fb86
[0m15:20:23.005130 [debug] [Thread-2 (]: Began running node test.dbt_marketing_analytics.source_accepted_values_raw_campaigns_canal__google__meta__linkedin.76e1716f54
[0m15:20:23.005553 [info ] [Thread-1 (]: 1 of 18 START test source_accepted_values_raw_ad_spend_canal__google__meta__linkedin  [RUN]
[0m15:20:23.006007 [debug] [Thread-3 (]: Began running node test.dbt_marketing_analytics.source_accepted_values_raw_leads_canal__google__meta__linkedin.039c8d2f41
[0m15:20:23.006418 [info ] [Thread-2 (]: 2 of 18 START test source_accepted_values_raw_campaigns_canal__google__meta__linkedin  [RUN]
[0m15:20:23.006849 [debug] [Thread-4 (]: Began running node test.dbt_marketing_analytics.source_not_null_raw_ad_spend_canal.7ffba3a920
[0m15:20:23.007290 [debug] [Thread-1 (]: Re-using an available connection from the pool (formerly list_dw_analytics_raw, now test.dbt_marketing_analytics.source_accepted_values_raw_ad_spend_canal__google__meta__linkedin.4f20d1fb86)
[0m15:20:23.007652 [info ] [Thread-3 (]: 3 of 18 START test source_accepted_values_raw_leads_canal__google__meta__linkedin  [RUN]
[0m15:20:23.008154 [debug] [Thread-2 (]: Acquiring new postgres connection 'test.dbt_marketing_analytics.source_accepted_values_raw_campaigns_canal__google__meta__linkedin.76e1716f54'
[0m15:20:23.008509 [info ] [Thread-4 (]: 4 of 18 START test source_not_null_raw_ad_spend_canal .......................... [RUN]
[0m15:20:23.008909 [debug] [Thread-1 (]: Began compiling node test.dbt_marketing_analytics.source_accepted_values_raw_ad_spend_canal__google__meta__linkedin.4f20d1fb86
[0m15:20:23.009324 [debug] [Thread-3 (]: Acquiring new postgres connection 'test.dbt_marketing_analytics.source_accepted_values_raw_leads_canal__google__meta__linkedin.039c8d2f41'
[0m15:20:23.009660 [debug] [Thread-2 (]: Began compiling node test.dbt_marketing_analytics.source_accepted_values_raw_campaigns_canal__google__meta__linkedin.76e1716f54
[0m15:20:23.010091 [debug] [Thread-4 (]: Acquiring new postgres connection 'test.dbt_marketing_analytics.source_not_null_raw_ad_spend_canal.7ffba3a920'
[0m15:20:23.017205 [debug] [Thread-1 (]: Writing injected SQL for node "test.dbt_marketing_analytics.source_accepted_values_raw_ad_spend_canal__google__meta__linkedin.4f20d1fb86"
[0m15:20:23.017696 [debug] [Thread-3 (]: Began compiling node test.dbt_marketing_analytics.source_accepted_values_raw_leads_canal__google__meta__linkedin.039c8d2f41
[0m15:20:23.021076 [debug] [Thread-2 (]: Writing injected SQL for node "test.dbt_marketing_analytics.source_accepted_values_raw_campaigns_canal__google__meta__linkedin.76e1716f54"
[0m15:20:23.021499 [debug] [Thread-4 (]: Began compiling node test.dbt_marketing_analytics.source_not_null_raw_ad_spend_canal.7ffba3a920
[0m15:20:23.025719 [debug] [Thread-3 (]: Writing injected SQL for node "test.dbt_marketing_analytics.source_accepted_values_raw_leads_canal__google__meta__linkedin.039c8d2f41"
[0m15:20:23.032397 [debug] [Thread-4 (]: Writing injected SQL for node "test.dbt_marketing_analytics.source_not_null_raw_ad_spend_canal.7ffba3a920"
[0m15:20:23.032852 [debug] [Thread-1 (]: Began executing node test.dbt_marketing_analytics.source_accepted_values_raw_ad_spend_canal__google__meta__linkedin.4f20d1fb86
[0m15:20:23.033367 [debug] [Thread-2 (]: Began executing node test.dbt_marketing_analytics.source_accepted_values_raw_campaigns_canal__google__meta__linkedin.76e1716f54
[0m15:20:23.033946 [debug] [Thread-3 (]: Began executing node test.dbt_marketing_analytics.source_accepted_values_raw_leads_canal__google__meta__linkedin.039c8d2f41
[0m15:20:23.048099 [debug] [Thread-1 (]: Writing runtime sql for node "test.dbt_marketing_analytics.source_accepted_values_raw_ad_spend_canal__google__meta__linkedin.4f20d1fb86"
[0m15:20:23.050142 [debug] [Thread-2 (]: Writing runtime sql for node "test.dbt_marketing_analytics.source_accepted_values_raw_campaigns_canal__google__meta__linkedin.76e1716f54"
[0m15:20:23.050612 [debug] [Thread-4 (]: Began executing node test.dbt_marketing_analytics.source_not_null_raw_ad_spend_canal.7ffba3a920
[0m15:20:23.052430 [debug] [Thread-3 (]: Writing runtime sql for node "test.dbt_marketing_analytics.source_accepted_values_raw_leads_canal__google__meta__linkedin.039c8d2f41"
[0m15:20:23.053085 [debug] [Thread-1 (]: Using postgres connection "test.dbt_marketing_analytics.source_accepted_values_raw_ad_spend_canal__google__meta__linkedin.4f20d1fb86"
[0m15:20:23.054730 [debug] [Thread-4 (]: Writing runtime sql for node "test.dbt_marketing_analytics.source_not_null_raw_ad_spend_canal.7ffba3a920"
[0m15:20:23.055163 [debug] [Thread-2 (]: Using postgres connection "test.dbt_marketing_analytics.source_accepted_values_raw_campaigns_canal__google__meta__linkedin.76e1716f54"
[0m15:20:23.055758 [debug] [Thread-1 (]: On test.dbt_marketing_analytics.source_accepted_values_raw_ad_spend_canal__google__meta__linkedin.4f20d1fb86: /* {"app": "dbt", "dbt_version": "1.11.8", "profile_name": "dbt_marketing_analytics", "target_name": "dev", "node_id": "test.dbt_marketing_analytics.source_accepted_values_raw_ad_spend_canal__google__meta__linkedin.4f20d1fb86"} */

    
    select
      count(*) as failures,
      count(*) != 0 as should_warn,
      count(*) != 0 as should_error
    from (
      
    
  
    
    

with all_values as (

    select
        canal as value_field,
        count(*) as n_records

    from "dw_analytics"."raw"."ad_spend"
    group by canal

)

select *
from all_values
where value_field not in (
    'google','meta','linkedin'
)



  
  
      
    ) dbt_internal_test
[0m15:20:23.056328 [debug] [Thread-3 (]: Using postgres connection "test.dbt_marketing_analytics.source_accepted_values_raw_leads_canal__google__meta__linkedin.039c8d2f41"
[0m15:20:23.056674 [debug] [Thread-2 (]: On test.dbt_marketing_analytics.source_accepted_values_raw_campaigns_canal__google__meta__linkedin.76e1716f54: /* {"app": "dbt", "dbt_version": "1.11.8", "profile_name": "dbt_marketing_analytics", "target_name": "dev", "node_id": "test.dbt_marketing_analytics.source_accepted_values_raw_campaigns_canal__google__meta__linkedin.76e1716f54"} */

    
    select
      count(*) as failures,
      count(*) != 0 as should_warn,
      count(*) != 0 as should_error
    from (
      
    
  
    
    

with all_values as (

    select
        canal as value_field,
        count(*) as n_records

    from "dw_analytics"."raw"."campaigns"
    group by canal

)

select *
from all_values
where value_field not in (
    'google','meta','linkedin'
)



  
  
      
    ) dbt_internal_test
[0m15:20:23.057084 [debug] [Thread-1 (]: Opening a new connection, currently in state closed
[0m15:20:23.057448 [debug] [Thread-4 (]: Using postgres connection "test.dbt_marketing_analytics.source_not_null_raw_ad_spend_canal.7ffba3a920"
[0m15:20:23.057812 [debug] [Thread-3 (]: On test.dbt_marketing_analytics.source_accepted_values_raw_leads_canal__google__meta__linkedin.039c8d2f41: /* {"app": "dbt", "dbt_version": "1.11.8", "profile_name": "dbt_marketing_analytics", "target_name": "dev", "node_id": "test.dbt_marketing_analytics.source_accepted_values_raw_leads_canal__google__meta__linkedin.039c8d2f41"} */

    
    select
      count(*) as failures,
      count(*) != 0 as should_warn,
      count(*) != 0 as should_error
    from (
      
    
  
    
    

with all_values as (

    select
        canal as value_field,
        count(*) as n_records

    from "dw_analytics"."raw"."leads"
    group by canal

)

select *
from all_values
where value_field not in (
    'google','meta','linkedin'
)



  
  
      
    ) dbt_internal_test
[0m15:20:23.058171 [debug] [Thread-2 (]: Opening a new connection, currently in state init
[0m15:20:23.058647 [debug] [Thread-4 (]: On test.dbt_marketing_analytics.source_not_null_raw_ad_spend_canal.7ffba3a920: /* {"app": "dbt", "dbt_version": "1.11.8", "profile_name": "dbt_marketing_analytics", "target_name": "dev", "node_id": "test.dbt_marketing_analytics.source_not_null_raw_ad_spend_canal.7ffba3a920"} */

    
    select
      count(*) as failures,
      count(*) != 0 as should_warn,
      count(*) != 0 as should_error
    from (
      
    
  
    
    



select canal
from "dw_analytics"."raw"."ad_spend"
where canal is null



  
  
      
    ) dbt_internal_test
[0m15:20:23.059075 [debug] [Thread-3 (]: Opening a new connection, currently in state init
[0m15:20:23.059521 [debug] [Thread-4 (]: Opening a new connection, currently in state init
[0m15:20:23.063755 [debug] [Thread-2 (]: SQL status: SELECT 1 in 0.006 seconds
[0m15:20:23.064222 [debug] [Thread-1 (]: SQL status: SELECT 1 in 0.007 seconds
[0m15:20:23.067570 [debug] [Thread-2 (]: On test.dbt_marketing_analytics.source_accepted_values_raw_campaigns_canal__google__meta__linkedin.76e1716f54: ROLLBACK
[0m15:20:23.068017 [debug] [Thread-4 (]: SQL status: SELECT 1 in 0.008 seconds
[0m15:20:23.069253 [debug] [Thread-1 (]: On test.dbt_marketing_analytics.source_accepted_values_raw_ad_spend_canal__google__meta__linkedin.4f20d1fb86: ROLLBACK
[0m15:20:23.069607 [debug] [Thread-3 (]: SQL status: SELECT 1 in 0.011 seconds
[0m15:20:23.070919 [debug] [Thread-4 (]: On test.dbt_marketing_analytics.source_not_null_raw_ad_spend_canal.7ffba3a920: ROLLBACK
[0m15:20:23.071274 [debug] [Thread-2 (]: On test.dbt_marketing_analytics.source_accepted_values_raw_campaigns_canal__google__meta__linkedin.76e1716f54: Close
[0m15:20:23.072462 [debug] [Thread-3 (]: On test.dbt_marketing_analytics.source_accepted_values_raw_leads_canal__google__meta__linkedin.039c8d2f41: ROLLBACK
[0m15:20:23.072894 [debug] [Thread-1 (]: On test.dbt_marketing_analytics.source_accepted_values_raw_ad_spend_canal__google__meta__linkedin.4f20d1fb86: Close
[0m15:20:23.073579 [info ] [Thread-2 (]: 2 of 18 PASS source_accepted_values_raw_campaigns_canal__google__meta__linkedin  [[32mPASS[0m in 0.07s]
[0m15:20:23.073971 [debug] [Thread-4 (]: On test.dbt_marketing_analytics.source_not_null_raw_ad_spend_canal.7ffba3a920: Close
[0m15:20:23.074375 [debug] [Thread-3 (]: On test.dbt_marketing_analytics.source_accepted_values_raw_leads_canal__google__meta__linkedin.039c8d2f41: Close
[0m15:20:23.074946 [debug] [Thread-2 (]: Finished running node test.dbt_marketing_analytics.source_accepted_values_raw_campaigns_canal__google__meta__linkedin.76e1716f54
[0m15:20:23.075456 [info ] [Thread-1 (]: 1 of 18 PASS source_accepted_values_raw_ad_spend_canal__google__meta__linkedin . [[32mPASS[0m in 0.07s]
[0m15:20:23.076131 [info ] [Thread-4 (]: 4 of 18 PASS source_not_null_raw_ad_spend_canal ................................ [[32mPASS[0m in 0.07s]
[0m15:20:23.076680 [info ] [Thread-3 (]: 3 of 18 PASS source_accepted_values_raw_leads_canal__google__meta__linkedin .... [[32mPASS[0m in 0.07s]
[0m15:20:23.077204 [debug] [Thread-2 (]: Began running node test.dbt_marketing_analytics.source_not_null_raw_campaigns_campaign_id.4d94b0e869
[0m15:20:23.077877 [debug] [Thread-1 (]: Finished running node test.dbt_marketing_analytics.source_accepted_values_raw_ad_spend_canal__google__meta__linkedin.4f20d1fb86
[0m15:20:23.078371 [debug] [Thread-4 (]: Finished running node test.dbt_marketing_analytics.source_not_null_raw_ad_spend_canal.7ffba3a920
[0m15:20:23.078833 [debug] [Thread-3 (]: Finished running node test.dbt_marketing_analytics.source_accepted_values_raw_leads_canal__google__meta__linkedin.039c8d2f41
[0m15:20:23.079220 [info ] [Thread-2 (]: 5 of 18 START test source_not_null_raw_campaigns_campaign_id ................... [RUN]
[0m15:20:23.079686 [debug] [Thread-1 (]: Began running node test.dbt_marketing_analytics.source_not_null_raw_campaigns_canal.1847112832
[0m15:20:23.080107 [debug] [Thread-4 (]: Began running node test.dbt_marketing_analytics.source_not_null_raw_campaigns_nome_campanha.ed69937617
[0m15:20:23.080525 [debug] [Thread-3 (]: Began running node test.dbt_marketing_analytics.source_not_null_raw_campaigns_orcamento.bd51cb03cf
[0m15:20:23.080948 [debug] [Thread-2 (]: Re-using an available connection from the pool (formerly test.dbt_marketing_analytics.source_accepted_values_raw_campaigns_canal__google__meta__linkedin.76e1716f54, now test.dbt_marketing_analytics.source_not_null_raw_campaigns_campaign_id.4d94b0e869)
[0m15:20:23.081303 [info ] [Thread-1 (]: 6 of 18 START test source_not_null_raw_campaigns_canal ......................... [RUN]
[0m15:20:23.081740 [info ] [Thread-4 (]: 7 of 18 START test source_not_null_raw_campaigns_nome_campanha ................. [RUN]
[0m15:20:23.082176 [info ] [Thread-3 (]: 8 of 18 START test source_not_null_raw_campaigns_orcamento ..................... [RUN]
[0m15:20:23.082618 [debug] [Thread-2 (]: Began compiling node test.dbt_marketing_analytics.source_not_null_raw_campaigns_campaign_id.4d94b0e869
[0m15:20:23.082994 [debug] [Thread-1 (]: Re-using an available connection from the pool (formerly test.dbt_marketing_analytics.source_accepted_values_raw_ad_spend_canal__google__meta__linkedin.4f20d1fb86, now test.dbt_marketing_analytics.source_not_null_raw_campaigns_canal.1847112832)
[0m15:20:23.083426 [debug] [Thread-4 (]: Re-using an available connection from the pool (formerly test.dbt_marketing_analytics.source_not_null_raw_ad_spend_canal.7ffba3a920, now test.dbt_marketing_analytics.source_not_null_raw_campaigns_nome_campanha.ed69937617)
[0m15:20:23.083831 [debug] [Thread-3 (]: Re-using an available connection from the pool (formerly test.dbt_marketing_analytics.source_accepted_values_raw_leads_canal__google__meta__linkedin.039c8d2f41, now test.dbt_marketing_analytics.source_not_null_raw_campaigns_orcamento.bd51cb03cf)
[0m15:20:23.087149 [debug] [Thread-2 (]: Writing injected SQL for node "test.dbt_marketing_analytics.source_not_null_raw_campaigns_campaign_id.4d94b0e869"
[0m15:20:23.087618 [debug] [Thread-1 (]: Began compiling node test.dbt_marketing_analytics.source_not_null_raw_campaigns_canal.1847112832
[0m15:20:23.088087 [debug] [Thread-4 (]: Began compiling node test.dbt_marketing_analytics.source_not_null_raw_campaigns_nome_campanha.ed69937617
[0m15:20:23.088512 [debug] [Thread-3 (]: Began compiling node test.dbt_marketing_analytics.source_not_null_raw_campaigns_orcamento.bd51cb03cf
[0m15:20:23.091708 [debug] [Thread-1 (]: Writing injected SQL for node "test.dbt_marketing_analytics.source_not_null_raw_campaigns_canal.1847112832"
[0m15:20:23.094944 [debug] [Thread-4 (]: Writing injected SQL for node "test.dbt_marketing_analytics.source_not_null_raw_campaigns_nome_campanha.ed69937617"
[0m15:20:23.095343 [debug] [Thread-2 (]: Began executing node test.dbt_marketing_analytics.source_not_null_raw_campaigns_campaign_id.4d94b0e869
[0m15:20:23.098490 [debug] [Thread-3 (]: Writing injected SQL for node "test.dbt_marketing_analytics.source_not_null_raw_campaigns_orcamento.bd51cb03cf"
[0m15:20:23.101973 [debug] [Thread-2 (]: Writing runtime sql for node "test.dbt_marketing_analytics.source_not_null_raw_campaigns_campaign_id.4d94b0e869"
[0m15:20:23.102494 [debug] [Thread-4 (]: Began executing node test.dbt_marketing_analytics.source_not_null_raw_campaigns_nome_campanha.ed69937617
[0m15:20:23.102892 [debug] [Thread-1 (]: Began executing node test.dbt_marketing_analytics.source_not_null_raw_campaigns_canal.1847112832
[0m15:20:23.104589 [debug] [Thread-4 (]: Writing runtime sql for node "test.dbt_marketing_analytics.source_not_null_raw_campaigns_nome_campanha.ed69937617"
[0m15:20:23.105012 [debug] [Thread-3 (]: Began executing node test.dbt_marketing_analytics.source_not_null_raw_campaigns_orcamento.bd51cb03cf
[0m15:20:23.106891 [debug] [Thread-1 (]: Writing runtime sql for node "test.dbt_marketing_analytics.source_not_null_raw_campaigns_canal.1847112832"
[0m15:20:23.107311 [debug] [Thread-2 (]: Using postgres connection "test.dbt_marketing_analytics.source_not_null_raw_campaigns_campaign_id.4d94b0e869"
[0m15:20:23.109297 [debug] [Thread-3 (]: Writing runtime sql for node "test.dbt_marketing_analytics.source_not_null_raw_campaigns_orcamento.bd51cb03cf"
[0m15:20:23.109697 [debug] [Thread-4 (]: Using postgres connection "test.dbt_marketing_analytics.source_not_null_raw_campaigns_nome_campanha.ed69937617"
[0m15:20:23.110201 [debug] [Thread-2 (]: On test.dbt_marketing_analytics.source_not_null_raw_campaigns_campaign_id.4d94b0e869: /* {"app": "dbt", "dbt_version": "1.11.8", "profile_name": "dbt_marketing_analytics", "target_name": "dev", "node_id": "test.dbt_marketing_analytics.source_not_null_raw_campaigns_campaign_id.4d94b0e869"} */

    
    select
      count(*) as failures,
      count(*) != 0 as should_warn,
      count(*) != 0 as should_error
    from (
      
    
  
    
    



select campaign_id
from "dw_analytics"."raw"."campaigns"
where campaign_id is null



  
  
      
    ) dbt_internal_test
[0m15:20:23.110764 [debug] [Thread-1 (]: Using postgres connection "test.dbt_marketing_analytics.source_not_null_raw_campaigns_canal.1847112832"
[0m15:20:23.111235 [debug] [Thread-4 (]: On test.dbt_marketing_analytics.source_not_null_raw_campaigns_nome_campanha.ed69937617: /* {"app": "dbt", "dbt_version": "1.11.8", "profile_name": "dbt_marketing_analytics", "target_name": "dev", "node_id": "test.dbt_marketing_analytics.source_not_null_raw_campaigns_nome_campanha.ed69937617"} */

    
    select
      count(*) as failures,
      count(*) != 0 as should_warn,
      count(*) != 0 as should_error
    from (
      
    
  
    
    



select nome_campanha
from "dw_analytics"."raw"."campaigns"
where nome_campanha is null



  
  
      
    ) dbt_internal_test
[0m15:20:23.111612 [debug] [Thread-3 (]: Using postgres connection "test.dbt_marketing_analytics.source_not_null_raw_campaigns_orcamento.bd51cb03cf"
[0m15:20:23.111982 [debug] [Thread-2 (]: Opening a new connection, currently in state closed
[0m15:20:23.112404 [debug] [Thread-1 (]: On test.dbt_marketing_analytics.source_not_null_raw_campaigns_canal.1847112832: /* {"app": "dbt", "dbt_version": "1.11.8", "profile_name": "dbt_marketing_analytics", "target_name": "dev", "node_id": "test.dbt_marketing_analytics.source_not_null_raw_campaigns_canal.1847112832"} */

    
    select
      count(*) as failures,
      count(*) != 0 as should_warn,
      count(*) != 0 as should_error
    from (
      
    
  
    
    



select canal
from "dw_analytics"."raw"."campaigns"
where canal is null



  
  
      
    ) dbt_internal_test
[0m15:20:23.112755 [debug] [Thread-4 (]: Opening a new connection, currently in state closed
[0m15:20:23.113123 [debug] [Thread-3 (]: On test.dbt_marketing_analytics.source_not_null_raw_campaigns_orcamento.bd51cb03cf: /* {"app": "dbt", "dbt_version": "1.11.8", "profile_name": "dbt_marketing_analytics", "target_name": "dev", "node_id": "test.dbt_marketing_analytics.source_not_null_raw_campaigns_orcamento.bd51cb03cf"} */

    
    select
      count(*) as failures,
      count(*) != 0 as should_warn,
      count(*) != 0 as should_error
    from (
      
    
  
    
    



select orcamento
from "dw_analytics"."raw"."campaigns"
where orcamento is null



  
  
      
    ) dbt_internal_test
[0m15:20:23.113595 [debug] [Thread-1 (]: Opening a new connection, currently in state closed
[0m15:20:23.114105 [debug] [Thread-3 (]: Opening a new connection, currently in state closed
[0m15:20:23.118750 [debug] [Thread-2 (]: SQL status: SELECT 1 in 0.007 seconds
[0m15:20:23.120168 [debug] [Thread-2 (]: On test.dbt_marketing_analytics.source_not_null_raw_campaigns_campaign_id.4d94b0e869: ROLLBACK
[0m15:20:23.120606 [debug] [Thread-1 (]: SQL status: SELECT 1 in 0.007 seconds
[0m15:20:23.120970 [debug] [Thread-3 (]: SQL status: SELECT 1 in 0.007 seconds
[0m15:20:23.122037 [debug] [Thread-1 (]: On test.dbt_marketing_analytics.source_not_null_raw_campaigns_canal.1847112832: ROLLBACK
[0m15:20:23.122416 [debug] [Thread-4 (]: SQL status: SELECT 1 in 0.010 seconds
[0m15:20:23.122793 [debug] [Thread-2 (]: On test.dbt_marketing_analytics.source_not_null_raw_campaigns_campaign_id.4d94b0e869: Close
[0m15:20:23.123982 [debug] [Thread-3 (]: On test.dbt_marketing_analytics.source_not_null_raw_campaigns_orcamento.bd51cb03cf: ROLLBACK
[0m15:20:23.125206 [debug] [Thread-4 (]: On test.dbt_marketing_analytics.source_not_null_raw_campaigns_nome_campanha.ed69937617: ROLLBACK
[0m15:20:23.125583 [debug] [Thread-1 (]: On test.dbt_marketing_analytics.source_not_null_raw_campaigns_canal.1847112832: Close
[0m15:20:23.126211 [info ] [Thread-2 (]: 5 of 18 PASS source_not_null_raw_campaigns_campaign_id ......................... [[32mPASS[0m in 0.05s]
[0m15:20:23.126674 [debug] [Thread-3 (]: On test.dbt_marketing_analytics.source_not_null_raw_campaigns_orcamento.bd51cb03cf: Close
[0m15:20:23.127300 [debug] [Thread-2 (]: Finished running node test.dbt_marketing_analytics.source_not_null_raw_campaigns_campaign_id.4d94b0e869
[0m15:20:23.127812 [info ] [Thread-1 (]: 6 of 18 PASS source_not_null_raw_campaigns_canal ............................... [[32mPASS[0m in 0.04s]
[0m15:20:23.128227 [debug] [Thread-4 (]: On test.dbt_marketing_analytics.source_not_null_raw_campaigns_nome_campanha.ed69937617: Close
[0m15:20:23.128676 [debug] [Thread-2 (]: Began running node test.dbt_marketing_analytics.source_not_null_raw_conversions_conversion_id.8661fdb918
[0m15:20:23.129177 [info ] [Thread-3 (]: 8 of 18 PASS source_not_null_raw_campaigns_orcamento ........................... [[32mPASS[0m in 0.05s]
[0m15:20:23.129868 [debug] [Thread-1 (]: Finished running node test.dbt_marketing_analytics.source_not_null_raw_campaigns_canal.1847112832
[0m15:20:23.130311 [info ] [Thread-2 (]: 9 of 18 START test source_not_null_raw_conversions_conversion_id ............... [RUN]
[0m15:20:23.130931 [info ] [Thread-4 (]: 7 of 18 PASS source_not_null_raw_campaigns_nome_campanha ....................... [[32mPASS[0m in 0.05s]
[0m15:20:23.131492 [debug] [Thread-3 (]: Finished running node test.dbt_marketing_analytics.source_not_null_raw_campaigns_orcamento.bd51cb03cf
[0m15:20:23.131868 [debug] [Thread-1 (]: Began running node test.dbt_marketing_analytics.source_not_null_raw_conversions_converted_at.fbd7e4ba9a
[0m15:20:23.132359 [debug] [Thread-2 (]: Re-using an available connection from the pool (formerly test.dbt_marketing_analytics.source_not_null_raw_campaigns_campaign_id.4d94b0e869, now test.dbt_marketing_analytics.source_not_null_raw_conversions_conversion_id.8661fdb918)
[0m15:20:23.132891 [debug] [Thread-4 (]: Finished running node test.dbt_marketing_analytics.source_not_null_raw_campaigns_nome_campanha.ed69937617
[0m15:20:23.133366 [debug] [Thread-3 (]: Began running node test.dbt_marketing_analytics.source_not_null_raw_conversions_lead_id.e09501a08d
[0m15:20:23.133780 [info ] [Thread-1 (]: 10 of 18 START test source_not_null_raw_conversions_converted_at ............... [RUN]
[0m15:20:23.134292 [debug] [Thread-2 (]: Began compiling node test.dbt_marketing_analytics.source_not_null_raw_conversions_conversion_id.8661fdb918
[0m15:20:23.134760 [debug] [Thread-4 (]: Began running node test.dbt_marketing_analytics.source_not_null_raw_conversions_revenue.8dfadc03f5
[0m15:20:23.135147 [info ] [Thread-3 (]: 11 of 18 START test source_not_null_raw_conversions_lead_id .................... [RUN]
[0m15:20:23.135611 [debug] [Thread-1 (]: Re-using an available connection from the pool (formerly test.dbt_marketing_analytics.source_not_null_raw_campaigns_canal.1847112832, now test.dbt_marketing_analytics.source_not_null_raw_conversions_converted_at.fbd7e4ba9a)
[0m15:20:23.138826 [debug] [Thread-2 (]: Writing injected SQL for node "test.dbt_marketing_analytics.source_not_null_raw_conversions_conversion_id.8661fdb918"
[0m15:20:23.139243 [info ] [Thread-4 (]: 12 of 18 START test source_not_null_raw_conversions_revenue .................... [RUN]
[0m15:20:23.139774 [debug] [Thread-3 (]: Re-using an available connection from the pool (formerly test.dbt_marketing_analytics.source_not_null_raw_campaigns_orcamento.bd51cb03cf, now test.dbt_marketing_analytics.source_not_null_raw_conversions_lead_id.e09501a08d)
[0m15:20:23.140197 [debug] [Thread-1 (]: Began compiling node test.dbt_marketing_analytics.source_not_null_raw_conversions_converted_at.fbd7e4ba9a
[0m15:20:23.140753 [debug] [Thread-4 (]: Re-using an available connection from the pool (formerly test.dbt_marketing_analytics.source_not_null_raw_campaigns_nome_campanha.ed69937617, now test.dbt_marketing_analytics.source_not_null_raw_conversions_revenue.8dfadc03f5)
[0m15:20:23.141142 [debug] [Thread-3 (]: Began compiling node test.dbt_marketing_analytics.source_not_null_raw_conversions_lead_id.e09501a08d
[0m15:20:23.144173 [debug] [Thread-1 (]: Writing injected SQL for node "test.dbt_marketing_analytics.source_not_null_raw_conversions_converted_at.fbd7e4ba9a"
[0m15:20:23.144645 [debug] [Thread-2 (]: Began executing node test.dbt_marketing_analytics.source_not_null_raw_conversions_conversion_id.8661fdb918
[0m15:20:23.145105 [debug] [Thread-4 (]: Began compiling node test.dbt_marketing_analytics.source_not_null_raw_conversions_revenue.8dfadc03f5
[0m15:20:23.148365 [debug] [Thread-3 (]: Writing injected SQL for node "test.dbt_marketing_analytics.source_not_null_raw_conversions_lead_id.e09501a08d"
[0m15:20:23.150180 [debug] [Thread-2 (]: Writing runtime sql for node "test.dbt_marketing_analytics.source_not_null_raw_conversions_conversion_id.8661fdb918"
[0m15:20:23.153038 [debug] [Thread-4 (]: Writing injected SQL for node "test.dbt_marketing_analytics.source_not_null_raw_conversions_revenue.8dfadc03f5"
[0m15:20:23.153426 [debug] [Thread-1 (]: Began executing node test.dbt_marketing_analytics.source_not_null_raw_conversions_converted_at.fbd7e4ba9a
[0m15:20:23.155576 [debug] [Thread-1 (]: Writing runtime sql for node "test.dbt_marketing_analytics.source_not_null_raw_conversions_converted_at.fbd7e4ba9a"
[0m15:20:23.156054 [debug] [Thread-3 (]: Began executing node test.dbt_marketing_analytics.source_not_null_raw_conversions_lead_id.e09501a08d
[0m15:20:23.156548 [debug] [Thread-4 (]: Began executing node test.dbt_marketing_analytics.source_not_null_raw_conversions_revenue.8dfadc03f5
[0m15:20:23.158376 [debug] [Thread-3 (]: Writing runtime sql for node "test.dbt_marketing_analytics.source_not_null_raw_conversions_lead_id.e09501a08d"
[0m15:20:23.158771 [debug] [Thread-1 (]: Using postgres connection "test.dbt_marketing_analytics.source_not_null_raw_conversions_converted_at.fbd7e4ba9a"
[0m15:20:23.161858 [debug] [Thread-4 (]: Writing runtime sql for node "test.dbt_marketing_analytics.source_not_null_raw_conversions_revenue.8dfadc03f5"
[0m15:20:23.162264 [debug] [Thread-2 (]: Using postgres connection "test.dbt_marketing_analytics.source_not_null_raw_conversions_conversion_id.8661fdb918"
[0m15:20:23.162861 [debug] [Thread-1 (]: On test.dbt_marketing_analytics.source_not_null_raw_conversions_converted_at.fbd7e4ba9a: /* {"app": "dbt", "dbt_version": "1.11.8", "profile_name": "dbt_marketing_analytics", "target_name": "dev", "node_id": "test.dbt_marketing_analytics.source_not_null_raw_conversions_converted_at.fbd7e4ba9a"} */

    
    select
      count(*) as failures,
      count(*) != 0 as should_warn,
      count(*) != 0 as should_error
    from (
      
    
  
    
    



select converted_at
from "dw_analytics"."raw"."conversions"
where converted_at is null



  
  
      
    ) dbt_internal_test
[0m15:20:23.163508 [debug] [Thread-3 (]: Using postgres connection "test.dbt_marketing_analytics.source_not_null_raw_conversions_lead_id.e09501a08d"
[0m15:20:23.163894 [debug] [Thread-2 (]: On test.dbt_marketing_analytics.source_not_null_raw_conversions_conversion_id.8661fdb918: /* {"app": "dbt", "dbt_version": "1.11.8", "profile_name": "dbt_marketing_analytics", "target_name": "dev", "node_id": "test.dbt_marketing_analytics.source_not_null_raw_conversions_conversion_id.8661fdb918"} */

    
    select
      count(*) as failures,
      count(*) != 0 as should_warn,
      count(*) != 0 as should_error
    from (
      
    
  
    
    



select conversion_id
from "dw_analytics"."raw"."conversions"
where conversion_id is null



  
  
      
    ) dbt_internal_test
[0m15:20:23.164276 [debug] [Thread-1 (]: Opening a new connection, currently in state closed
[0m15:20:23.164627 [debug] [Thread-4 (]: Using postgres connection "test.dbt_marketing_analytics.source_not_null_raw_conversions_revenue.8dfadc03f5"
[0m15:20:23.164990 [debug] [Thread-3 (]: On test.dbt_marketing_analytics.source_not_null_raw_conversions_lead_id.e09501a08d: /* {"app": "dbt", "dbt_version": "1.11.8", "profile_name": "dbt_marketing_analytics", "target_name": "dev", "node_id": "test.dbt_marketing_analytics.source_not_null_raw_conversions_lead_id.e09501a08d"} */

    
    select
      count(*) as failures,
      count(*) != 0 as should_warn,
      count(*) != 0 as should_error
    from (
      
    
  
    
    



select lead_id
from "dw_analytics"."raw"."conversions"
where lead_id is null



  
  
      
    ) dbt_internal_test
[0m15:20:23.165356 [debug] [Thread-2 (]: Opening a new connection, currently in state closed
[0m15:20:23.165842 [debug] [Thread-4 (]: On test.dbt_marketing_analytics.source_not_null_raw_conversions_revenue.8dfadc03f5: /* {"app": "dbt", "dbt_version": "1.11.8", "profile_name": "dbt_marketing_analytics", "target_name": "dev", "node_id": "test.dbt_marketing_analytics.source_not_null_raw_conversions_revenue.8dfadc03f5"} */

    
    select
      count(*) as failures,
      count(*) != 0 as should_warn,
      count(*) != 0 as should_error
    from (
      
    
  
    
    



select revenue
from "dw_analytics"."raw"."conversions"
where revenue is null



  
  
      
    ) dbt_internal_test
[0m15:20:23.166243 [debug] [Thread-3 (]: Opening a new connection, currently in state closed
[0m15:20:23.166690 [debug] [Thread-4 (]: Opening a new connection, currently in state closed
[0m15:20:23.171124 [debug] [Thread-2 (]: SQL status: SELECT 1 in 0.006 seconds
[0m15:20:23.171630 [debug] [Thread-1 (]: SQL status: SELECT 1 in 0.007 seconds
[0m15:20:23.172914 [debug] [Thread-2 (]: On test.dbt_marketing_analytics.source_not_null_raw_conversions_conversion_id.8661fdb918: ROLLBACK
[0m15:20:23.173310 [debug] [Thread-3 (]: SQL status: SELECT 1 in 0.007 seconds
[0m15:20:23.173691 [debug] [Thread-4 (]: SQL status: SELECT 1 in 0.007 seconds
[0m15:20:23.174913 [debug] [Thread-1 (]: On test.dbt_marketing_analytics.source_not_null_raw_conversions_converted_at.fbd7e4ba9a: ROLLBACK
[0m15:20:23.176211 [debug] [Thread-3 (]: On test.dbt_marketing_analytics.source_not_null_raw_conversions_lead_id.e09501a08d: ROLLBACK
[0m15:20:23.176575 [debug] [Thread-2 (]: On test.dbt_marketing_analytics.source_not_null_raw_conversions_conversion_id.8661fdb918: Close
[0m15:20:23.177756 [debug] [Thread-4 (]: On test.dbt_marketing_analytics.source_not_null_raw_conversions_revenue.8dfadc03f5: ROLLBACK
[0m15:20:23.178471 [info ] [Thread-2 (]: 9 of 18 PASS source_not_null_raw_conversions_conversion_id ..................... [[32mPASS[0m in 0.05s]
[0m15:20:23.178870 [debug] [Thread-4 (]: On test.dbt_marketing_analytics.source_not_null_raw_conversions_revenue.8dfadc03f5: Close
[0m15:20:23.179187 [debug] [Thread-3 (]: On test.dbt_marketing_analytics.source_not_null_raw_conversions_lead_id.e09501a08d: Close
[0m15:20:23.179526 [debug] [Thread-1 (]: On test.dbt_marketing_analytics.source_not_null_raw_conversions_converted_at.fbd7e4ba9a: Close
[0m15:20:23.179989 [debug] [Thread-2 (]: Finished running node test.dbt_marketing_analytics.source_not_null_raw_conversions_conversion_id.8661fdb918
[0m15:20:23.180517 [info ] [Thread-4 (]: 12 of 18 PASS source_not_null_raw_conversions_revenue .......................... [[32mPASS[0m in 0.04s]
[0m15:20:23.181039 [info ] [Thread-3 (]: 11 of 18 PASS source_not_null_raw_conversions_lead_id .......................... [[32mPASS[0m in 0.04s]
[0m15:20:23.181661 [debug] [Thread-2 (]: Began running node test.dbt_marketing_analytics.source_not_null_raw_leads_campaign_id.965c1a6aab
[0m15:20:23.182237 [info ] [Thread-1 (]: 10 of 18 PASS source_not_null_raw_conversions_converted_at ..................... [[32mPASS[0m in 0.05s]
[0m15:20:23.182763 [debug] [Thread-4 (]: Finished running node test.dbt_marketing_analytics.source_not_null_raw_conversions_revenue.8dfadc03f5
[0m15:20:23.183246 [debug] [Thread-3 (]: Finished running node test.dbt_marketing_analytics.source_not_null_raw_conversions_lead_id.e09501a08d
[0m15:20:23.183616 [info ] [Thread-2 (]: 13 of 18 START test source_not_null_raw_leads_campaign_id ...................... [RUN]
[0m15:20:23.184212 [debug] [Thread-1 (]: Finished running node test.dbt_marketing_analytics.source_not_null_raw_conversions_converted_at.fbd7e4ba9a
[0m15:20:23.184686 [debug] [Thread-4 (]: Began running node test.dbt_marketing_analytics.source_not_null_raw_leads_canal.8e532b1ca0
[0m15:20:23.185181 [debug] [Thread-3 (]: Began running node test.dbt_marketing_analytics.source_not_null_raw_leads_lead_id.aa27196f97
[0m15:20:23.185670 [debug] [Thread-2 (]: Re-using an available connection from the pool (formerly test.dbt_marketing_analytics.source_not_null_raw_conversions_conversion_id.8661fdb918, now test.dbt_marketing_analytics.source_not_null_raw_leads_campaign_id.965c1a6aab)
[0m15:20:23.186223 [debug] [Thread-1 (]: Began running node test.dbt_marketing_analytics.source_unique_raw_campaigns_campaign_id.3089140b0c
[0m15:20:23.186737 [info ] [Thread-4 (]: 14 of 18 START test source_not_null_raw_leads_canal ............................ [RUN]
[0m15:20:23.187229 [info ] [Thread-3 (]: 15 of 18 START test source_not_null_raw_leads_lead_id .......................... [RUN]
[0m15:20:23.187697 [debug] [Thread-2 (]: Began compiling node test.dbt_marketing_analytics.source_not_null_raw_leads_campaign_id.965c1a6aab
[0m15:20:23.188065 [info ] [Thread-1 (]: 16 of 18 START test source_unique_raw_campaigns_campaign_id .................... [RUN]
[0m15:20:23.188596 [debug] [Thread-4 (]: Re-using an available connection from the pool (formerly test.dbt_marketing_analytics.source_not_null_raw_conversions_revenue.8dfadc03f5, now test.dbt_marketing_analytics.source_not_null_raw_leads_canal.8e532b1ca0)
[0m15:20:23.188995 [debug] [Thread-3 (]: Re-using an available connection from the pool (formerly test.dbt_marketing_analytics.source_not_null_raw_conversions_lead_id.e09501a08d, now test.dbt_marketing_analytics.source_not_null_raw_leads_lead_id.aa27196f97)
[0m15:20:23.192182 [debug] [Thread-2 (]: Writing injected SQL for node "test.dbt_marketing_analytics.source_not_null_raw_leads_campaign_id.965c1a6aab"
[0m15:20:23.192636 [debug] [Thread-1 (]: Re-using an available connection from the pool (formerly test.dbt_marketing_analytics.source_not_null_raw_conversions_converted_at.fbd7e4ba9a, now test.dbt_marketing_analytics.source_unique_raw_campaigns_campaign_id.3089140b0c)
[0m15:20:23.193080 [debug] [Thread-4 (]: Began compiling node test.dbt_marketing_analytics.source_not_null_raw_leads_canal.8e532b1ca0
[0m15:20:23.193540 [debug] [Thread-3 (]: Began compiling node test.dbt_marketing_analytics.source_not_null_raw_leads_lead_id.aa27196f97
[0m15:20:23.194143 [debug] [Thread-1 (]: Began compiling node test.dbt_marketing_analytics.source_unique_raw_campaigns_campaign_id.3089140b0c
[0m15:20:23.194568 [debug] [Thread-2 (]: Began executing node test.dbt_marketing_analytics.source_not_null_raw_leads_campaign_id.965c1a6aab
[0m15:20:23.197611 [debug] [Thread-4 (]: Writing injected SQL for node "test.dbt_marketing_analytics.source_not_null_raw_leads_canal.8e532b1ca0"
[0m15:20:23.200844 [debug] [Thread-3 (]: Writing injected SQL for node "test.dbt_marketing_analytics.source_not_null_raw_leads_lead_id.aa27196f97"
[0m15:20:23.205398 [debug] [Thread-1 (]: Writing injected SQL for node "test.dbt_marketing_analytics.source_unique_raw_campaigns_campaign_id.3089140b0c"
[0m15:20:23.207307 [debug] [Thread-2 (]: Writing runtime sql for node "test.dbt_marketing_analytics.source_not_null_raw_leads_campaign_id.965c1a6aab"
[0m15:20:23.207995 [debug] [Thread-4 (]: Began executing node test.dbt_marketing_analytics.source_not_null_raw_leads_canal.8e532b1ca0
[0m15:20:23.208578 [debug] [Thread-3 (]: Began executing node test.dbt_marketing_analytics.source_not_null_raw_leads_lead_id.aa27196f97
[0m15:20:23.210151 [debug] [Thread-4 (]: Writing runtime sql for node "test.dbt_marketing_analytics.source_not_null_raw_leads_canal.8e532b1ca0"
[0m15:20:23.211812 [debug] [Thread-3 (]: Writing runtime sql for node "test.dbt_marketing_analytics.source_not_null_raw_leads_lead_id.aa27196f97"
[0m15:20:23.212220 [debug] [Thread-2 (]: Using postgres connection "test.dbt_marketing_analytics.source_not_null_raw_leads_campaign_id.965c1a6aab"
[0m15:20:23.212683 [debug] [Thread-1 (]: Began executing node test.dbt_marketing_analytics.source_unique_raw_campaigns_campaign_id.3089140b0c
[0m15:20:23.213251 [debug] [Thread-2 (]: On test.dbt_marketing_analytics.source_not_null_raw_leads_campaign_id.965c1a6aab: /* {"app": "dbt", "dbt_version": "1.11.8", "profile_name": "dbt_marketing_analytics", "target_name": "dev", "node_id": "test.dbt_marketing_analytics.source_not_null_raw_leads_campaign_id.965c1a6aab"} */

    
    select
      count(*) as failures,
      count(*) != 0 as should_warn,
      count(*) != 0 as should_error
    from (
      
    
  
    
    



select campaign_id
from "dw_analytics"."raw"."leads"
where campaign_id is null



  
  
      
    ) dbt_internal_test
[0m15:20:23.213671 [debug] [Thread-4 (]: Using postgres connection "test.dbt_marketing_analytics.source_not_null_raw_leads_canal.8e532b1ca0"
[0m15:20:23.214092 [debug] [Thread-3 (]: Using postgres connection "test.dbt_marketing_analytics.source_not_null_raw_leads_lead_id.aa27196f97"
[0m15:20:23.215884 [debug] [Thread-1 (]: Writing runtime sql for node "test.dbt_marketing_analytics.source_unique_raw_campaigns_campaign_id.3089140b0c"
[0m15:20:23.216276 [debug] [Thread-2 (]: Opening a new connection, currently in state closed
[0m15:20:23.216694 [debug] [Thread-4 (]: On test.dbt_marketing_analytics.source_not_null_raw_leads_canal.8e532b1ca0: /* {"app": "dbt", "dbt_version": "1.11.8", "profile_name": "dbt_marketing_analytics", "target_name": "dev", "node_id": "test.dbt_marketing_analytics.source_not_null_raw_leads_canal.8e532b1ca0"} */

    
    select
      count(*) as failures,
      count(*) != 0 as should_warn,
      count(*) != 0 as should_error
    from (
      
    
  
    
    



select canal
from "dw_analytics"."raw"."leads"
where canal is null



  
  
      
    ) dbt_internal_test
[0m15:20:23.217093 [debug] [Thread-3 (]: On test.dbt_marketing_analytics.source_not_null_raw_leads_lead_id.aa27196f97: /* {"app": "dbt", "dbt_version": "1.11.8", "profile_name": "dbt_marketing_analytics", "target_name": "dev", "node_id": "test.dbt_marketing_analytics.source_not_null_raw_leads_lead_id.aa27196f97"} */

    
    select
      count(*) as failures,
      count(*) != 0 as should_warn,
      count(*) != 0 as should_error
    from (
      
    
  
    
    



select lead_id
from "dw_analytics"."raw"."leads"
where lead_id is null



  
  
      
    ) dbt_internal_test
[0m15:20:23.217758 [debug] [Thread-4 (]: Opening a new connection, currently in state closed
[0m15:20:23.218100 [debug] [Thread-1 (]: Using postgres connection "test.dbt_marketing_analytics.source_unique_raw_campaigns_campaign_id.3089140b0c"
[0m15:20:23.218448 [debug] [Thread-3 (]: Opening a new connection, currently in state closed
[0m15:20:23.218967 [debug] [Thread-1 (]: On test.dbt_marketing_analytics.source_unique_raw_campaigns_campaign_id.3089140b0c: /* {"app": "dbt", "dbt_version": "1.11.8", "profile_name": "dbt_marketing_analytics", "target_name": "dev", "node_id": "test.dbt_marketing_analytics.source_unique_raw_campaigns_campaign_id.3089140b0c"} */

    
    select
      count(*) as failures,
      count(*) != 0 as should_warn,
      count(*) != 0 as should_error
    from (
      
    
  
    
    

select
    campaign_id as unique_field,
    count(*) as n_records

from "dw_analytics"."raw"."campaigns"
where campaign_id is not null
group by campaign_id
having count(*) > 1



  
  
      
    ) dbt_internal_test
[0m15:20:23.219565 [debug] [Thread-1 (]: Opening a new connection, currently in state closed
[0m15:20:23.224550 [debug] [Thread-2 (]: SQL status: SELECT 1 in 0.008 seconds
[0m15:20:23.225091 [debug] [Thread-4 (]: SQL status: SELECT 1 in 0.007 seconds
[0m15:20:23.226638 [debug] [Thread-2 (]: On test.dbt_marketing_analytics.source_not_null_raw_leads_campaign_id.965c1a6aab: ROLLBACK
[0m15:20:23.227096 [debug] [Thread-1 (]: SQL status: SELECT 1 in 0.007 seconds
[0m15:20:23.227504 [debug] [Thread-3 (]: SQL status: SELECT 1 in 0.009 seconds
[0m15:20:23.228570 [debug] [Thread-4 (]: On test.dbt_marketing_analytics.source_not_null_raw_leads_canal.8e532b1ca0: ROLLBACK
[0m15:20:23.229890 [debug] [Thread-1 (]: On test.dbt_marketing_analytics.source_unique_raw_campaigns_campaign_id.3089140b0c: ROLLBACK
[0m15:20:23.230283 [debug] [Thread-2 (]: On test.dbt_marketing_analytics.source_not_null_raw_leads_campaign_id.965c1a6aab: Close
[0m15:20:23.231306 [debug] [Thread-3 (]: On test.dbt_marketing_analytics.source_not_null_raw_leads_lead_id.aa27196f97: ROLLBACK
[0m15:20:23.231937 [info ] [Thread-2 (]: 13 of 18 PASS source_not_null_raw_leads_campaign_id ............................ [[32mPASS[0m in 0.05s]
[0m15:20:23.232305 [debug] [Thread-4 (]: On test.dbt_marketing_analytics.source_not_null_raw_leads_canal.8e532b1ca0: Close
[0m15:20:23.232674 [debug] [Thread-1 (]: On test.dbt_marketing_analytics.source_unique_raw_campaigns_campaign_id.3089140b0c: Close
[0m15:20:23.233135 [debug] [Thread-2 (]: Finished running node test.dbt_marketing_analytics.source_not_null_raw_leads_campaign_id.965c1a6aab
[0m15:20:23.233457 [debug] [Thread-3 (]: On test.dbt_marketing_analytics.source_not_null_raw_leads_lead_id.aa27196f97: Close
[0m15:20:23.234011 [info ] [Thread-4 (]: 14 of 18 PASS source_not_null_raw_leads_canal .................................. [[32mPASS[0m in 0.05s]
[0m15:20:23.234502 [info ] [Thread-1 (]: 16 of 18 PASS source_unique_raw_campaigns_campaign_id .......................... [[32mPASS[0m in 0.04s]
[0m15:20:23.234895 [debug] [Thread-2 (]: Began running node test.dbt_marketing_analytics.source_unique_raw_conversions_conversion_id.fdec9c1f53
[0m15:20:23.235475 [debug] [Thread-4 (]: Finished running node test.dbt_marketing_analytics.source_not_null_raw_leads_canal.8e532b1ca0
[0m15:20:23.236002 [info ] [Thread-3 (]: 15 of 18 PASS source_not_null_raw_leads_lead_id ................................ [[32mPASS[0m in 0.05s]
[0m15:20:23.236613 [debug] [Thread-1 (]: Finished running node test.dbt_marketing_analytics.source_unique_raw_campaigns_campaign_id.3089140b0c
[0m15:20:23.237079 [info ] [Thread-2 (]: 17 of 18 START test source_unique_raw_conversions_conversion_id ................ [RUN]
[0m15:20:23.237672 [debug] [Thread-4 (]: Began running node test.dbt_marketing_analytics.source_unique_raw_leads_lead_id.78d3beacd0
[0m15:20:23.238258 [debug] [Thread-3 (]: Finished running node test.dbt_marketing_analytics.source_not_null_raw_leads_lead_id.aa27196f97
[0m15:20:23.238794 [debug] [Thread-2 (]: Re-using an available connection from the pool (formerly test.dbt_marketing_analytics.source_not_null_raw_leads_campaign_id.965c1a6aab, now test.dbt_marketing_analytics.source_unique_raw_conversions_conversion_id.fdec9c1f53)
[0m15:20:23.239231 [info ] [Thread-4 (]: 18 of 18 START test source_unique_raw_leads_lead_id ............................ [RUN]
[0m15:20:23.239833 [debug] [Thread-2 (]: Began compiling node test.dbt_marketing_analytics.source_unique_raw_conversions_conversion_id.fdec9c1f53
[0m15:20:23.240213 [debug] [Thread-4 (]: Re-using an available connection from the pool (formerly test.dbt_marketing_analytics.source_not_null_raw_leads_canal.8e532b1ca0, now test.dbt_marketing_analytics.source_unique_raw_leads_lead_id.78d3beacd0)
[0m15:20:23.243635 [debug] [Thread-2 (]: Writing injected SQL for node "test.dbt_marketing_analytics.source_unique_raw_conversions_conversion_id.fdec9c1f53"
[0m15:20:23.244040 [debug] [Thread-4 (]: Began compiling node test.dbt_marketing_analytics.source_unique_raw_leads_lead_id.78d3beacd0
[0m15:20:23.248910 [debug] [Thread-4 (]: Writing injected SQL for node "test.dbt_marketing_analytics.source_unique_raw_leads_lead_id.78d3beacd0"
[0m15:20:23.249449 [debug] [Thread-2 (]: Began executing node test.dbt_marketing_analytics.source_unique_raw_conversions_conversion_id.fdec9c1f53
[0m15:20:23.251235 [debug] [Thread-2 (]: Writing runtime sql for node "test.dbt_marketing_analytics.source_unique_raw_conversions_conversion_id.fdec9c1f53"
[0m15:20:23.251707 [debug] [Thread-4 (]: Began executing node test.dbt_marketing_analytics.source_unique_raw_leads_lead_id.78d3beacd0
[0m15:20:23.253436 [debug] [Thread-4 (]: Writing runtime sql for node "test.dbt_marketing_analytics.source_unique_raw_leads_lead_id.78d3beacd0"
[0m15:20:23.253909 [debug] [Thread-2 (]: Using postgres connection "test.dbt_marketing_analytics.source_unique_raw_conversions_conversion_id.fdec9c1f53"
[0m15:20:23.254351 [debug] [Thread-2 (]: On test.dbt_marketing_analytics.source_unique_raw_conversions_conversion_id.fdec9c1f53: /* {"app": "dbt", "dbt_version": "1.11.8", "profile_name": "dbt_marketing_analytics", "target_name": "dev", "node_id": "test.dbt_marketing_analytics.source_unique_raw_conversions_conversion_id.fdec9c1f53"} */

    
    select
      count(*) as failures,
      count(*) != 0 as should_warn,
      count(*) != 0 as should_error
    from (
      
    
  
    
    

select
    conversion_id as unique_field,
    count(*) as n_records

from "dw_analytics"."raw"."conversions"
where conversion_id is not null
group by conversion_id
having count(*) > 1



  
  
      
    ) dbt_internal_test
[0m15:20:23.254707 [debug] [Thread-2 (]: Opening a new connection, currently in state closed
[0m15:20:23.255150 [debug] [Thread-4 (]: Using postgres connection "test.dbt_marketing_analytics.source_unique_raw_leads_lead_id.78d3beacd0"
[0m15:20:23.255557 [debug] [Thread-4 (]: On test.dbt_marketing_analytics.source_unique_raw_leads_lead_id.78d3beacd0: /* {"app": "dbt", "dbt_version": "1.11.8", "profile_name": "dbt_marketing_analytics", "target_name": "dev", "node_id": "test.dbt_marketing_analytics.source_unique_raw_leads_lead_id.78d3beacd0"} */

    
    select
      count(*) as failures,
      count(*) != 0 as should_warn,
      count(*) != 0 as should_error
    from (
      
    
  
    
    

select
    lead_id as unique_field,
    count(*) as n_records

from "dw_analytics"."raw"."leads"
where lead_id is not null
group by lead_id
having count(*) > 1



  
  
      
    ) dbt_internal_test
[0m15:20:23.255942 [debug] [Thread-4 (]: Opening a new connection, currently in state closed
[0m15:20:23.263039 [debug] [Thread-2 (]: SQL status: SELECT 1 in 0.008 seconds
[0m15:20:23.264591 [debug] [Thread-2 (]: On test.dbt_marketing_analytics.source_unique_raw_conversions_conversion_id.fdec9c1f53: ROLLBACK
[0m15:20:23.265183 [debug] [Thread-2 (]: On test.dbt_marketing_analytics.source_unique_raw_conversions_conversion_id.fdec9c1f53: Close
[0m15:20:23.265786 [info ] [Thread-2 (]: 17 of 18 PASS source_unique_raw_conversions_conversion_id ...................... [[32mPASS[0m in 0.03s]
[0m15:20:23.266365 [debug] [Thread-2 (]: Finished running node test.dbt_marketing_analytics.source_unique_raw_conversions_conversion_id.fdec9c1f53
[0m15:20:23.276488 [debug] [Thread-4 (]: SQL status: SELECT 1 in 0.020 seconds
[0m15:20:23.277965 [debug] [Thread-4 (]: On test.dbt_marketing_analytics.source_unique_raw_leads_lead_id.78d3beacd0: ROLLBACK
[0m15:20:23.278618 [debug] [Thread-4 (]: On test.dbt_marketing_analytics.source_unique_raw_leads_lead_id.78d3beacd0: Close
[0m15:20:23.279231 [info ] [Thread-4 (]: 18 of 18 PASS source_unique_raw_leads_lead_id .................................. [[32mPASS[0m in 0.04s]
[0m15:20:23.279788 [debug] [Thread-4 (]: Finished running node test.dbt_marketing_analytics.source_unique_raw_leads_lead_id.78d3beacd0
[0m15:20:23.281056 [debug] [MainThread]: On master: COMMIT
[0m15:20:23.281405 [debug] [MainThread]: Using postgres connection "master"
[0m15:20:23.281690 [debug] [MainThread]: On master: COMMIT
[0m15:20:23.281987 [debug] [MainThread]: Opening a new connection, currently in state closed
[0m15:20:23.286519 [debug] [MainThread]: SQL status: COMMIT in 0.004 seconds
[0m15:20:23.286916 [debug] [MainThread]: On master: Close
[0m15:20:23.287440 [debug] [MainThread]: Connection 'master' was properly closed.
[0m15:20:23.287752 [debug] [MainThread]: Connection 'test.dbt_marketing_analytics.source_unique_raw_campaigns_campaign_id.3089140b0c' was properly closed.
[0m15:20:23.288133 [debug] [MainThread]: Connection 'test.dbt_marketing_analytics.source_unique_raw_conversions_conversion_id.fdec9c1f53' was properly closed.
[0m15:20:23.288469 [debug] [MainThread]: Connection 'test.dbt_marketing_analytics.source_not_null_raw_leads_lead_id.aa27196f97' was properly closed.
[0m15:20:23.288808 [debug] [MainThread]: Connection 'test.dbt_marketing_analytics.source_unique_raw_leads_lead_id.78d3beacd0' was properly closed.
[0m15:20:23.289126 [info ] [MainThread]: 
[0m15:20:23.289481 [info ] [MainThread]: Finished running 18 data tests in 0 hours 0 minutes and 0.35 seconds (0.35s).
[0m15:20:23.292647 [debug] [MainThread]: Command end result
[0m15:20:23.316710 [debug] [MainThread]: Wrote artifact WritableManifest to /home/murilo/Área de trabalho/dbt-analytics-project/dbt_marketing_analytics/target/manifest.json
[0m15:20:23.318458 [debug] [MainThread]: Wrote artifact SemanticManifest to /home/murilo/Área de trabalho/dbt-analytics-project/dbt_marketing_analytics/target/semantic_manifest.json
[0m15:20:23.324121 [debug] [MainThread]: Wrote artifact RunExecutionResult to /home/murilo/Área de trabalho/dbt-analytics-project/dbt_marketing_analytics/target/run_results.json
[0m15:20:23.324494 [info ] [MainThread]: 
[0m15:20:23.324850 [info ] [MainThread]: [32mCompleted successfully[0m
[0m15:20:23.325158 [info ] [MainThread]: 
[0m15:20:23.325488 [info ] [MainThread]: Done. PASS=18 WARN=0 ERROR=0 SKIP=0 NO-OP=0 TOTAL=18
[0m15:20:23.325955 [warn ] [MainThread]: [[33mWARNING[0m][DeprecationsSummary]: Deprecated functionality
Summary of encountered deprecations:
- MissingArgumentsPropertyInGenericTestDeprecation: 3 occurrences
To see all deprecation instances instead of just the first occurrence of each,
run command again with the `--show-all-deprecations` flag. You may also need to
run with `--no-partial-parse` as some deprecations are only encountered during
parsing.
[0m15:20:23.326798 [debug] [MainThread]: Resource report: {"command_name": "test", "command_success": true, "command_wall_clock_time": 1.1761929, "process_in_blocks": "0", "process_kernel_time": 0.227271, "process_mem_max_rss": "132576", "process_out_blocks": "4000", "process_user_time": 2.080487}
[0m15:20:23.327208 [debug] [MainThread]: Command `dbt test` succeeded at 15:20:23.327129 after 1.18 seconds
[0m15:20:23.327557 [debug] [MainThread]: Sending event: {'category': 'dbt', 'action': 'invocation', 'label': 'end', 'context': [<snowplow_tracker.self_describing_json.SelfDescribingJson object at 0x7f20f26d1760>, <snowplow_tracker.self_describing_json.SelfDescribingJson object at 0x7f20f0567200>, <snowplow_tracker.self_describing_json.SelfDescribingJson object at 0x7f20f28dffe0>]}
[0m15:20:23.327883 [debug] [MainThread]: Flushing usage events
[0m15:20:23.932278 [debug] [MainThread]: An error was encountered while trying to flush usage events
